word,canonical_lemma,chinese_translation,frequency_21215,review_count_21215,anger,anticipation,disgust,fear,joy,sadness,surprise,trust,positive,negative,nrc_unmapped
great,great,非常棒的 / 极好的,11541,8445,0,0,0,0,0,0,0,0,0,0,1
amazing,amazing,极其震撼赞叹的 / 太棒了,6251,5377,0,0,0,0,0,0,0,0,0,0,1
beautiful,beautiful,美丽绝伦的,3485,3174,0,0,0,0,1,0,0,0,1,0,0
best,best,最棒的 / 顶级的,3420,2977,0,0,0,0,0,0,0,0,0,0,1
friendly,friendly,友好的 / 亲切的,3416,3221,0,1,0,0,1,0,0,1,1,0,0
worth,worth,物有所值的 / 绝对值得的,2799,2678,0,0,0,0,0,0,0,0,1,0,0
wonderful,wonderful,精彩美妙的,2677,2457,0,0,0,0,1,0,1,1,1,0,0
good,good,良好的 / 棒的（服务与体验）,2635,2230,0,1,0,0,1,0,1,1,1,0,0
awesome,awesome,太棒了 / 极为赞叹的,2530,2344,0,0,0,0,0,0,0,0,0,0,1
excellent,excellent,卓越极佳的 / 顶级的,2284,2065,0,0,0,0,1,0,0,1,1,0,0
fantastic,fantastic,奇妙太棒的,2026,1875,0,0,0,0,0,0,0,0,0,0,1
nice,nice,美好的 / 良好的,1794,1586,0,0,0,0,0,0,0,0,0,0,1
fun,fun,乐趣十足的 / 充满乐趣的,1729,1575,0,1,0,0,1,0,0,0,1,0,0
spectacular,spectacular,壮观震撼的（高空景观）,1616,1566,0,1,0,0,0,0,1,0,0,0,0
incredible,incredible,难以置信震撼的,1612,1508,0,0,0,0,0,0,0,0,0,0,1
better,better,更好的 / 更满意的（超过预期）,1585,1431,0,0,0,0,0,0,0,0,0,0,1
perfect,perfect,完美的 / 无瑕的,1474,1340,0,1,0,0,1,0,0,1,1,0,0
loved,loved,喜爱 / 热爱（体验）,1473,1365,0,0,0,0,0,0,0,0,0,0,1
comfortable,comfortable,舒适的 / 安心的,1446,1372,0,0,0,0,0,0,0,0,0,0,1
breathtaking,breathtaking,令人屏息震撼的,1346,1328,0,0,0,0,0,0,0,0,0,0,1
helpful,helpful,热心有帮助的 / 周到解说,1157,1108,0,0,0,0,1,0,0,1,1,0,0
glad,glad,感到高兴放心的,897,856,0,1,0,0,1,0,0,0,1,0,0
interesting,interesting,引人入胜的 / 趣味盎然的,886,853,0,0,0,0,0,0,0,0,1,0,0
cool,cool,酷的 / 爽快的,652,606,0,0,0,0,0,0,0,0,1,0,0
special,special,特别的 / 珍贵的,631,574,0,0,0,0,1,0,0,0,1,0,0
lucky,lucky,感到幸运的,607,586,0,0,0,0,1,0,1,0,1,0,0
kind,kind,亲切的 / 友善的,587,565,0,0,0,0,1,0,0,1,1,0,0
memorable,memorable,令人终生难忘的,580,562,0,0,0,0,1,0,1,1,1,0,0
happy,happy,高兴的 / 快乐的,555,522,0,1,0,0,1,0,0,1,1,0,0
stunning,stunning,令人目眩震撼的,552,546,0,0,0,0,0,0,0,0,0,0,1
nervous,nervous,紧张的 / 焦虑不安的,513,486,0,1,0,1,0,0,0,0,0,1,0
fabulous,fabulous,绝妙的 / 极好的,508,486,0,0,0,0,0,0,0,0,0,0,1
disappointed,disappointed,感到失望的 / 遗憾的,488,475,1,0,1,0,0,1,0,0,0,1,0
outstanding,outstanding,杰出出色的,462,439,0,0,0,0,1,0,0,0,1,1,0
enjoyable,enjoyable,令人愉快的 / 趣味盎然的,460,446,0,0,0,0,0,0,0,0,0,0,1
unforgettable,unforgettable,令人难忘的 / 铭心的,459,455,0,0,0,0,0,0,0,0,0,0,1
love,love,喜爱 / 极度热爱的,450,430,0,0,0,0,1,0,0,0,1,0,0
unique,unique,独一无二的 / 独特的,435,412,0,0,0,0,0,0,1,0,1,0,0
gorgeous,gorgeous,极其漂亮的 / 绚丽的,414,406,0,0,0,0,1,0,0,0,1,0,0
scenic,scenic,风景优美的 / 宜人的,400,363,0,0,0,0,0,0,0,0,0,0,1
bad,bad,糟糕的 / 坏的,373,342,1,0,1,1,0,1,0,0,0,1,0
exciting,exciting,令人兴奋刺激的,324,315,0,1,0,0,1,0,1,0,1,0,0
incredibly,incredibly,难以置信地 / 极其,315,301,0,0,0,0,0,0,0,0,0,0,1
pleasant,pleasant,令人愉快的 / 宜人的,306,294,0,1,0,0,1,0,1,1,1,0,0
awe,awe,敬畏 / 震撼,304,303,0,0,0,0,0,0,0,0,0,0,1
unbelievable,unbelievable,难以置信的 / 震撼的,302,298,0,0,0,0,0,0,0,0,0,1,0
funny,funny,幽默风趣的,301,299,0,0,0,0,0,0,0,0,0,0,1
plenty,plenty,丰富的 / 充足的,298,280,0,0,0,0,0,0,0,0,0,0,1
hard,hard,困难的 / 艰辛的,297,285,0,0,0,0,0,0,0,0,0,0,1
regret,regret,遗憾 / 后悔,293,288,0,0,0,0,0,1,0,0,0,1,0
magnificent,magnificent,壮丽的 / 宏伟震撼的（Awe）,282,272,0,1,0,0,1,0,1,1,1,0,0
exceptional,exceptional,卓越的 / 杰出的（顶级评价）,276,271,0,0,0,0,0,0,0,0,0,0,1
sick,sick,晕机的 / 身体不适的,274,240,0,0,1,0,0,1,0,0,0,1,0
lovely,lovely,令人愉悦的 / 可爱的,266,248,0,1,0,0,1,1,1,1,1,0,0
terrific,terrific,极好的 / 太棒了,260,247,0,0,0,0,0,1,0,0,0,0,0
calm,calm,镇定 / 平息情绪的,259,251,0,0,0,0,0,0,0,0,1,0,0
impressed,impressed,感到深深被折服/留下深刻印象,255,248,0,0,0,0,0,0,0,0,0,0,1
unfortunately,unfortunately,不幸的是 / 遗憾的是,240,230,0,0,0,0,0,0,0,0,0,0,1
fortunate,fortunate,幸运的 / 幸运地,235,231,0,0,0,0,0,0,0,0,1,0,0
efficient,efficient,高效省心的,215,211,0,1,0,0,0,0,0,1,1,0,0
welcome,welcome,受欢迎的 / 感受温暖的,212,208,0,0,0,0,0,0,0,0,0,0,1
entertaining,entertaining,引人入胜生动有趣的,210,208,0,1,0,0,1,0,0,0,1,0,0
inspiring,inspiring,令人启发震慑的,210,209,0,0,0,0,0,0,0,0,0,0,1
cheaper,cheaper,更实惠的 / 较便宜的,208,204,0,0,0,0,0,0,0,0,0,0,1
phenomenal,phenomenal,现象级震撼的,200,198,0,0,0,0,0,0,0,0,0,0,1
superb,superb,极好精湛的,196,189,0,0,0,0,0,0,0,0,1,0,0
surprised,surprised,感到惊喜惊讶的,196,194,0,0,0,0,0,0,1,0,0,0,0
surprise,surprise,惊喜 / 意料之外的喜悦,195,181,0,0,0,1,1,0,1,0,1,0,0
fine,fine,良好的 / 优秀的,190,174,0,0,0,0,0,0,0,0,0,0,1
brilliant,brilliant,璀璨的 / 出色的,184,169,0,1,0,0,1,0,0,1,1,0,0
forward,forward,期待（look forward）,183,178,0,0,0,0,0,0,0,0,1,0,0
reasonable,reasonable,合理的 / 公道的,179,179,0,0,0,0,0,0,0,0,0,0,1
ready,ready,准备就绪的 / 心安的,171,168,0,1,0,0,0,0,0,0,0,0,0
excited,excited,兴奋的 / 激动的,167,160,0,1,0,0,1,0,1,1,1,0,0
majestic,majestic,雄伟的 / 壮丽的,165,165,0,1,0,0,1,0,1,1,1,0,0
competent,competent,称职的 / 有能力的,163,163,0,0,0,0,0,0,0,1,1,0,0
quiet,quiet,宁静的 / 幽雅安静的,161,159,0,0,0,0,0,1,0,0,1,0,0
hope,hope,希望 / 期盼,159,158,0,1,0,0,1,0,1,1,1,0,0
relaxed,relaxed,放松的 / 从容的,159,158,0,0,0,0,0,0,0,0,0,0,1
concerned,concern,感到担心的,155,151,0,0,0,1,0,1,0,0,0,0,0
perfectly,perfectly,完美地 / 无可挑剔地,155,149,0,0,0,0,0,0,0,0,0,0,1
interested,interested,感兴趣的 / 充满好奇的,153,146,0,0,1,0,0,1,0,0,1,0,0
pleasure,pleasure,乐趣 / 愉悦,153,149,0,0,0,0,0,0,0,0,0,0,1
magical,magical,神奇的 / 魔幻般的,152,149,0,1,0,0,1,0,1,0,1,0,0
afraid,afraid,害怕的 / 恐惧的,150,141,0,0,0,1,0,0,0,0,0,1,0
worried,worried,感到担心的,149,146,0,0,0,0,0,1,0,0,0,1,0
scared,scared,感到恐惧害怕的,144,137,0,0,0,0,0,0,0,0,0,0,1
fully,fully,完全地 / 充分地,143,137,0,0,0,0,0,0,0,1,1,0,0
smoother,smoother,更平稳的 / 更顺畅的,143,143,0,0,0,0,0,0,0,0,0,0,1
wrong,wrong,出差错的 / 错误的（负面体验）,137,132,0,0,0,0,0,0,0,0,0,1,0
cheap,cheap,便宜的 / 廉价的,134,132,0,0,0,0,0,0,0,0,0,1,0
blessed,blessed,感到有福的 / 幸运的,133,131,0,0,0,0,1,0,0,0,1,0,0
pleased,pleased,感到满意的,132,129,0,0,0,0,1,0,0,0,1,0,0
safely,safely,安全平稳地,132,129,0,0,0,0,0,0,0,0,0,0,1
exactly,exactly,精准地 / 正是,130,126,0,0,0,0,0,0,0,0,0,0,1
impressive,impressive,令人印象深刻的,130,129,0,0,0,0,0,0,0,0,0,0,1
thrill,thrill,刺激 / 震慑感,129,126,0,1,0,1,1,0,1,0,1,0,0
thrilling,thrilling,令人惊险刺激酣畅的,126,123,0,1,0,0,1,0,1,0,1,0,0
humor,humor,幽默感,125,124,0,0,0,0,0,0,0,0,0,0,1
dream,dream,梦寐以求的,124,118,0,0,0,0,0,0,0,0,0,0,1
sorry,sorry,感到抱歉遗憾的,123,123,0,0,0,0,0,0,0,0,0,0,1
relaxing,relaxing,令人放松惬意的,122,119,0,0,0,0,0,0,0,0,0,0,1
comfort,comfort,舒适 / 宽慰安心,121,116,0,1,0,0,1,0,0,1,1,0,0
disappoint,disappoint,使失望,121,119,1,0,1,0,0,1,0,0,0,1,0
wonder,wonder,惊奇 / 赞叹,121,117,0,0,0,0,0,0,0,0,0,0,1
amazed,amazed,感到吃惊惊叹的,120,119,0,0,0,0,0,0,0,0,0,0,1
fear,fear,恐惧 / 害怕,120,116,1,0,0,1,0,0,0,0,0,1,0
unable,unable,无法的 / 无能为力的,114,110,0,0,0,0,0,1,0,0,0,1,0
thrilled,thrilled,极度兴奋的,113,112,0,0,0,0,0,0,0,0,0,0,1
confidence,confidence,信心 / 确信,112,109,0,0,0,1,1,0,0,1,1,0,0
difficult,difficult,困难的 / 令人头疼的,112,111,0,0,0,1,0,0,0,0,0,0,0
expert,expert,专家级的 / 娴熟的,112,106,0,0,0,0,0,0,0,1,1,0,0
honestly,honestly,老实说 / 真诚地,111,109,0,0,0,0,0,0,0,0,0,0,1
confident,confident,自信的 / 确信的,109,109,0,0,0,0,1,0,0,1,1,0,0
willing,willing,乐意的 / 愿意的,108,104,0,0,0,0,0,0,0,0,0,0,1
worry,worry,担心 / 忧虑感,106,103,0,1,0,1,0,1,0,0,0,1,0
smoothest,smoothest,最平稳的,105,105,0,0,0,0,0,0,0,0,0,0,1
positive,positive,积极正面的,101,98,0,0,0,0,0,0,0,0,0,0,1
surreal,surreal,超现实的 / 梦幻般的,98,98,0,0,0,0,0,0,0,0,0,0,1
reassuring,reassuring,令人安心放心的,97,96,0,0,0,0,0,0,0,0,0,0,1
sweet,sweet,甜蜜的 / 甜美的,97,93,0,1,0,0,1,0,1,1,1,0,0
concern,concern,担忧 / 关切（焦虑感）,96,91,0,0,0,0,0,0,0,0,0,0,1
luckily,luckily,幸运地 / 幸亏,96,93,0,0,0,0,0,0,0,0,0,0,1
poor,poor,贫乏的 / 差劲的,95,91,0,0,0,0,0,0,0,0,0,0,1
scary,scary,令人害怕的 / 吓人的,94,94,0,0,0,0,0,0,0,0,0,0,1
enthusiastic,enthusiastic,热情的 / 充满激情的,93,90,0,0,0,0,0,0,0,0,0,0,1
apprehensive,apprehensive,忧虑的 / 不安的,92,91,0,1,0,1,0,0,0,0,0,1,0
exhilarating,exhilarating,令人极为兴奋刺激的,90,89,0,0,0,0,0,0,0,0,0,0,1
honest,honest,诚实的 / 坦诚的,88,81,1,0,1,1,1,1,0,1,1,0,0
inaccessible,inaccessible,难以到达的 / 偏远秘境感,86,85,0,0,0,0,0,0,0,0,0,1,0
lucked,lucky,幸运地 (动词变体),86,86,0,0,0,0,1,0,1,0,1,0,0
rushed,rushed,仓促的 / 匆忙的,85,79,0,0,0,0,0,0,0,0,0,0,1
capable,capable,有能力的 / 熟练精湛的,84,83,0,0,0,0,0,0,0,0,0,0,1
prone,prone,易患（晕机）的,84,84,0,0,0,0,0,0,0,0,0,0,1
simple,simple,简单明了的 / 省心的,84,83,0,0,0,0,0,0,0,0,0,0,1
fascinating,fascinating,令人入迷极具吸引力的,83,82,0,0,0,0,0,0,0,0,1,0,0
wonders,wonder,惊奇 / 奇观,83,82,0,0,0,0,0,0,0,0,0,0,1
delightful,delightful,令人欢欣的,80,79,0,1,0,0,1,0,0,1,1,0,0
grateful,grateful,感激的 / 感恩的,80,78,0,0,0,0,0,0,0,0,1,0,0
advantage,advantage,优势 / 极佳点,78,78,0,0,0,0,0,0,0,0,1,0,0
assured,assured,安抚 / 确信,78,76,0,0,0,0,0,0,0,1,1,0,0
famous,famous,著名的 / 享誉的,77,71,0,0,0,0,0,0,0,0,1,0,0
pride,pride,自豪 / 骄傲,77,76,0,0,0,0,1,0,0,0,1,0,0
safer,safer,更安全的 / 更安心的,77,77,0,0,0,0,0,0,0,0,0,0,1
neat,neat,整洁的 / 干练的,76,75,0,0,0,0,0,0,0,0,0,0,1
stable,stable,平稳安心的,75,75,0,0,0,0,0,0,0,1,1,0,0
worthwhile,worthwhile,值得的 / 划算的,75,74,0,0,0,0,0,0,0,0,0,0,1
coolest,coolest,最酷爽震撼的,75,75,0,0,0,0,0,0,0,0,0,0,1
promptly,promptly,及时迅速地,74,73,0,0,0,0,0,0,0,0,0,0,1
concerns,concerns,担忧 / 关切,73,71,0,0,0,0,0,0,0,0,0,0,1
greatest,greatest,最伟大的 / 极佳的,73,71,0,0,0,0,0,0,0,0,0,0,1
ideal,ideal,理想的 / 完美的,72,66,0,0,0,0,0,0,0,0,0,0,1
peaceful,peaceful,平和宁静的,72,71,0,1,0,0,1,0,1,1,1,0,0
understanding,understanding,体谅的 / 理解的,70,70,0,0,0,0,0,0,0,1,1,0,0
impossible,impossible,不可能的 / 难以置信的,65,65,0,0,0,0,0,1,0,0,0,1,0
fears,fears,恐惧 / 忧虑,64,61,0,0,0,0,0,0,0,0,0,0,1
passion,passion,热情 / 激情,64,60,0,1,0,0,1,0,0,1,1,0,0
tremendous,tremendous,震撼巨大的,64,64,0,0,0,0,0,0,0,0,0,0,1
conscious,conscious,有意识的 / 讲究的,63,63,0,0,0,0,0,0,0,0,0,0,1
pristine,pristine,原始纯净的,62,61,0,0,0,0,0,0,0,0,1,0,0
dramatic,dramatic,戏剧性的 / 震撼的,61,58,0,0,0,0,0,0,0,0,0,0,1
extraordinary,extraordinary,非凡的 / 卓越的,61,60,0,0,0,0,0,0,0,0,1,0,0
gracious,gracious,亲切和蔼的,61,60,0,0,0,0,0,0,0,0,1,0,0
moving,moving,令人动容感人的,61,59,0,0,0,0,0,0,0,0,0,0,1
passionate,passionate,充满激情的,61,60,0,1,0,0,1,0,0,1,1,0,0
considerate,considerate,体贴周到的,60,60,0,0,0,0,0,0,0,1,1,0,0
entertained,entertained,感到深受愉悦娱乐的,60,60,0,0,0,0,1,0,0,0,1,0,0
joy,joy,喜悦 / 快乐,60,60,0,0,0,0,1,0,0,0,1,0,0
complimentary,complimentary,赞赏的 / 赠送贴心的,59,56,0,0,0,0,0,0,0,0,0,0,1
convenient,convenient,便捷省心的,59,59,0,0,0,0,0,0,0,0,1,0,0
excitement,excitement,兴奋 / 激动情绪,59,57,0,1,0,0,1,0,1,0,1,0,0
intimate,intimate,温馨亲切的,59,58,0,1,0,0,1,0,0,1,1,0,0
nerves,nerves,紧张感 / 不安神经,59,57,0,0,0,0,0,0,0,0,0,0,1
unreal,unreal,如梦似幻的 / 震撼的,59,56,0,0,0,0,0,0,0,0,0,0,1
fortunately,fortunately,幸运的是,58,58,0,0,0,0,0,0,0,0,0,0,1
disappointing,disappointing,令人失望的,58,57,0,0,0,0,0,1,0,0,0,1,0
flawless,flawless,无瑕的 / 完美的,58,58,0,0,0,0,0,0,0,0,0,0,1
lush,lush,郁郁葱葱宜人的,57,56,0,0,1,0,0,1,0,0,0,1,0
negative,negative,负面体验 / 消极评价,57,54,0,0,0,0,0,1,0,0,0,1,0
thankful,thankful,感激的 / 感恩的,57,57,0,0,0,0,1,0,0,0,1,0,0
thoughtful,thoughtful,贴心周到的,57,57,0,0,0,0,0,0,0,1,1,0,0
glorious,glorious,壮丽辉煌的,56,55,0,0,0,0,0,0,0,0,0,0,1
uncomfortable,uncomfortable,感到不适的 / 不安的,56,54,0,0,0,0,0,0,0,0,0,1,0
fair,fair,公道的 / 划算的,55,55,0,0,0,0,0,0,0,0,1,0,0
noisy,noisy,喧闹吵杂的,55,54,1,0,0,0,0,0,0,0,0,1,0
cherish,cherish,珍视 / 珍惜铭记,54,53,0,1,0,0,1,0,1,1,1,0,0
genuine,genuine,真诚的 / 地道的,54,52,0,0,0,0,0,0,0,1,1,0,0
remarkable,remarkable,卓越令人瞩目的,54,53,0,0,0,0,1,0,1,1,1,0,0
caring,caring,体贴入微关怀的,53,52,0,0,0,0,0,0,0,0,0,0,1
appreciation,appreciation,感激 / 欣赏,52,51,0,0,0,0,1,0,0,1,1,0,0
enthusiasm,enthusiasm,热情 / 积极性,52,52,0,1,0,0,1,0,1,0,1,0,0
gentle,gentle,平稳柔和的,52,50,0,0,0,0,0,0,0,0,0,0,1
strong,strong,强烈的,52,49,0,0,0,0,0,0,0,0,0,0,1
trouble,trouble,麻烦 / 困扰,52,51,0,0,0,0,0,0,0,0,0,0,1
disappointment,disappointment,失望 / 遗憾失落情绪,51,48,0,0,1,0,0,1,0,0,0,1,0
nicer,nicer,更美好/更亲切的,51,51,0,0,0,0,0,0,0,0,0,0,1
happier,happier,更快乐的 / 更满意的,50,49,0,0,0,0,0,0,0,0,0,0,1
hoping,hoping,期盼 / 希望,50,49,0,0,0,0,0,0,0,0,0,0,1
queasy,queasy,恶心反胃的,49,47,0,0,0,0,0,0,0,0,0,0,1
satisfied,satisfied,感到满意的,49,49,0,0,0,0,1,0,0,0,1,0,0
seamless,seamless,流畅无缝无摩擦的,49,48,0,0,0,0,0,0,0,0,0,0,1
delight,delight,欣喜 / 愉快,48,48,0,1,0,0,1,0,0,0,1,0,0
genuinely,genuinely,真诚地 / 确实,48,46,0,0,0,0,0,0,0,0,0,0,1
steady,steady,平稳的 / 稳健的,48,47,0,0,0,0,0,0,1,1,0,0,0
unexpected,unexpected,意想不到的惊喜,46,46,0,1,0,1,1,0,1,0,1,1,0
easier,easier,更容易的 / 更省心的,46,45,0,0,0,0,0,0,0,0,0,0,1
sensitive,sensitive,敏感的,46,44,0,0,0,0,0,0,0,0,0,0,1
warmly,warmly,温暖地 / 热情地,46,46,0,0,0,0,0,0,0,0,0,0,1
terrible,terrible,可怕的 / 糟糕的,46,44,1,0,1,1,0,1,0,0,0,1,0
decent,decent,尚可的 / 体面的,45,42,0,0,0,0,0,0,0,0,1,0,0
friendliness,friendliness,友善 / 亲和力,45,45,0,0,0,0,1,0,0,1,1,0,0
loud,loud,吵闹的 / 噪音大的,45,43,0,0,0,0,0,0,0,0,0,0,1
relax,relax,放松 / 放轻松,45,45,0,0,0,0,0,0,0,0,0,0,1
terrified,terrified,极度惊恐的,45,43,0,0,0,0,0,0,0,0,0,0,1
encouraged,encouraged,深受鼓舞的,44,43,0,0,0,0,0,0,0,0,0,0,1
happily,happily,快乐地 / 欣然,44,43,0,0,0,0,1,0,0,0,1,0,0
quieter,quieter,更安静宁静的,44,44,0,0,0,0,0,0,0,0,0,0,1
beautifully,beautifully,优美地 / 出色地,43,43,0,0,0,0,0,0,0,0,0,0,1
calming,calming,令人平息平稳安心的（Calmness State）,42,39,0,0,0,0,0,0,0,0,0,0,1
adventurous,adventurous,充满冒险刺激感的,41,39,0,0,0,0,0,0,0,0,1,0,0
charming,charming,迷人讨喜的,40,40,0,0,0,0,0,0,0,0,1,0,0
responsive,responsive,积极回应的 / 贴心的,40,40,0,1,0,0,0,0,0,1,1,0,0
touched,touched,深受感动的,40,39,0,0,0,0,0,0,0,0,0,1,0
worst,worst,最糟糕的,39,39,0,0,0,0,0,0,0,0,0,0,1
handle,handle,善于处理 / 掌控感,39,38,0,0,0,0,0,0,0,0,0,0,1
enjoyment,enjoyment,乐趣 / 享受,39,39,0,0,0,0,0,0,0,0,0,0,1
unsafe,unsafe,感觉不安全的 / 担惊受怕的,39,35,0,0,0,1,0,0,0,0,0,1,0
nicest,nicest,最美好的 / 最亲切的,39,39,0,0,0,0,0,0,0,0,0,0,1
greater,greater,更宏大震撼的,38,37,0,0,0,0,0,0,0,0,1,0,0
hospitable,hospitable,殷勤好客的,38,37,0,0,0,0,0,0,0,0,0,0,1
pleasantly,pleasantly,令人愉快地,38,38,0,0,0,0,0,0,0,0,0,0,1
stress,stress,压力 / 紧张感,38,38,0,0,0,0,0,0,0,0,0,1,0
wonderfully,wonderfully,极其出色绝妙地,38,38,0,0,0,0,1,0,1,0,1,0,0
worries,worry,担忧 / 挂虑,38,38,0,1,0,1,0,1,0,0,0,1,0
cared,cared,得到无微不至关怀的,37,37,0,0,0,0,0,0,0,0,0,0,1
delicious,delicious,美味愉悦的,37,35,0,0,0,0,1,0,0,0,1,0,0
hopefully,hopefully,怀着希望地,37,37,0,0,0,0,0,0,0,0,0,0,1
nicely,nicely,很好地 / 优雅地,37,36,0,0,0,0,0,0,0,0,0,0,1
reliable,reliable,可靠的 / 可信赖的,36,36,0,0,0,0,0,0,0,1,1,0,0
marvelous,marvelous,绝妙的 / 令人惊叹的,36,34,0,0,0,0,1,0,0,0,1,0,0
nauseous,nauseous,恶心晕车的,36,33,0,0,1,0,0,1,0,0,0,1,0
surprisingly,surprisingly,出乎意料赞叹地,35,35,0,1,0,0,0,0,1,0,0,0,0
bother,bother,打扰 / 烦扰,35,34,0,0,0,0,0,0,0,0,0,1,0
humorous,humorous,幽默风趣的,35,35,0,0,0,0,1,0,0,0,1,0,0
anxious,anxious,焦虑不安的 / 挂虑的,35,33,0,1,0,1,0,0,0,0,0,1,0
picturesque,picturesque,风景如画的,35,35,0,0,0,0,1,0,0,0,1,0,0
superior,superior,优越顶尖的,35,34,0,0,0,0,0,0,0,0,1,0,0
humour,humour,幽默感,35,34,0,0,0,0,0,0,0,0,0,0,1
anxiety,anxiety,焦虑 / 不安,34,33,1,1,0,1,0,1,0,0,0,1,0
generous,generous,大方的 / 慷慨的,34,34,0,0,0,0,1,0,0,1,1,0,0
romantic,romantic,浪漫惬意的,34,31,0,1,0,0,1,0,0,1,1,0,0
sadly,sadly,令人遗憾地 / 悲伤地,34,32,0,0,0,0,0,1,0,0,0,1,0
worse,worse,更糟糕的,34,31,0,0,0,1,0,1,0,0,0,1,0
airsick,airsick,晕机的,33,32,0,0,0,0,0,0,0,0,0,0,1
hassle,hassle,麻烦 / 烦心事,33,33,0,0,0,0,0,0,0,0,0,0,1
overwhelming,overwhelming,铺天盖地震撼的,33,33,0,0,0,0,0,0,0,0,1,0,0
skillful,skillful,技术精湛的,32,32,0,0,0,0,0,0,0,1,1,0,0
reassured,reassured,感到安心的,32,32,0,0,0,0,0,0,0,0,0,0,1
upfront,upfront,直率透明的,32,32,0,0,0,0,0,0,0,0,0,0,1
turbulent,turbulent,颠簸不安的,32,30,0,0,0,1,0,0,0,0,0,1,0
cute,cute,可爱宜人的,31,30,0,0,0,0,0,0,0,0,1,0,0
economical,economical,划算实惠的,31,31,0,0,0,0,0,0,0,0,0,0,1
breathtakingly,breathtakingly,令人屏息震撼地（Awe/Amazement Emotion）,30,30,0,0,0,0,0,0,0,0,0,0,1
kindly,kindly,体贴友善地,30,29,0,0,0,0,0,0,0,0,0,0,1
gladly,gladly,乐意地 / 高兴地,29,29,0,0,0,0,0,0,0,0,0,0,1
chatty,chatty,健谈热情的,29,29,0,0,0,0,0,0,0,0,0,1,0
convinced,convinced,深信不疑的 / 心服口服,29,29,0,0,0,0,0,0,0,1,0,0,0
delighted,delighted,高高兴兴的,29,29,0,1,0,0,1,0,1,0,1,0,0
pure,pure,纯粹的 / 纯净震撼的,29,29,0,0,0,0,0,0,0,0,0,0,1
stellar,stellar,璀璨顶尖级的,29,28,0,0,0,0,0,0,0,0,1,0,0
unbelievably,unbelievably,难以置信地,29,29,0,0,0,0,0,0,0,0,0,0,1
interactive,interactive,互动性强的,29,29,0,0,0,0,0,0,0,0,0,0,1
boring,boring,令人无聊乏味的,28,27,0,0,0,0,0,0,0,0,0,1,0
sad,sad,悲伤的 / 遗憾痛心的,28,28,0,0,0,0,0,0,0,0,0,0,1
serene,serene,宁静祥和的,28,28,0,0,0,0,0,0,0,1,0,1,0
comforting,comforting,令人感到安慰抚慰的,27,27,0,0,0,0,0,0,0,0,0,0,1
aside,aside,撇开 / 排除,27,27,0,0,0,0,0,0,0,0,0,0,1
eager,eager,热切的 / 渴望的,27,26,0,1,0,0,1,0,1,1,1,0,0
splendor,splendor,壮丽辉煌的奇观,27,27,0,1,0,0,1,0,1,0,1,0,0
regrets,regrets,遗憾 / 后悔,27,27,0,0,0,0,0,0,0,0,0,0,1
peace,peace,宁静 / 和平,27,27,0,1,0,0,1,0,0,1,1,0,0
bang,bang,物超所值（bang for buck）,26,26,1,0,1,1,0,1,1,0,0,1,0
basic,basic,基础的 / 简陋的,26,24,0,0,0,0,0,0,0,0,0,0,1
cramped,cramped,拥挤狭窄不适的,26,25,0,0,0,0,0,0,0,0,0,1,0
hate,hate,憎恨 / 讨厌,26,26,1,0,1,1,0,1,0,0,0,1,0
mesmerizing,mesmerizing,令人目眩神迷为之倾倒的,26,26,0,0,0,0,0,0,0,0,0,0,1
upset,upset,感到沮丧难过的,26,23,1,0,0,0,0,1,0,0,0,1,0
bump,bump,颠簸不适的,25,24,0,0,0,0,0,0,0,0,0,0,1
communicative,communicative,善于沟通的,25,25,0,0,0,0,0,0,0,0,1,0,0
dangerous,dangerous,危险的,25,25,0,0,0,1,0,0,0,0,0,1,0
ill,ill,生病的 / 恶心呕吐的,25,23,1,0,1,1,0,1,0,0,0,1,0
laughing,laughing,欢声笑语 / 开心大笑,25,24,0,0,0,0,1,0,0,0,1,0,0
inclement,inclement,恶劣的气候,24,24,0,0,0,0,0,0,0,0,0,1,0
magnificence,magnificence,壮丽震撼感,24,24,0,1,0,0,1,0,0,1,1,0,0
talkative,talkative,健谈热情的,23,23,0,0,0,0,0,0,0,0,0,0,1
horrible,horrible,极度糟糕可怕的,23,22,1,0,1,1,0,0,0,0,0,1,0
impeccable,impeccable,无可挑剔的,23,23,0,0,0,0,0,0,0,1,1,0,0
tough,tough,严苛倒霉的,22,22,0,0,0,0,0,1,0,0,0,1,0
shining,shining,璀璨夺目的,22,22,0,1,0,0,1,0,0,0,1,0,0
fearful,fearful,恐惧的 / 担心的,22,22,0,0,0,1,0,1,0,0,0,1,0
lasting,lasting,持久的 / 深刻的,22,22,0,0,0,0,0,0,0,0,0,0,1
favourite,favourite,最喜爱的,22,21,0,0,0,0,0,0,0,0,0,0,1
skeptical,skeptical,怀疑的 / 存疑的,22,22,0,0,0,0,0,0,0,0,0,1,0
talented,talented,才华横溢精湛的,22,22,0,0,0,0,0,0,0,0,0,0,1
calmed,calmed,心情平静安稳下来的,22,22,0,0,0,0,0,0,0,0,0,0,1
bummed,bummed,感到扫兴遗憾失落的,21,20,0,0,0,0,0,0,0,0,0,0,1
mild,mild,轻微适度的（颠簸/舒适）,21,20,0,0,0,0,0,0,0,0,0,0,1
refreshing,refreshing,令人神清气爽耳目一新的,21,21,0,0,0,0,0,0,0,0,1,0,0
spoil,spoil,破坏 / 毁掉（好心情）,21,20,0,0,1,0,0,0,0,0,0,1,0
surprises,surprise,惊喜 / 意料之外,21,21,0,0,0,1,1,0,1,0,1,0,0
unbeatable,unbeatable,无可比拟的 / 无敌的,21,20,0,0,0,0,0,0,0,0,0,0,1
astonishing,astonishing,令人惊叹的,20,20,0,0,0,0,0,0,0,0,0,0,1
cheerful,cheerful,欢快愉悦的,20,20,0,0,0,0,1,0,1,0,1,0,0
amusing,amusing,风趣风趣令人发笑的,20,20,0,0,0,0,1,0,0,0,1,0,0
spiritual,spiritual,精神神圣的,20,19,0,0,0,0,0,0,0,0,0,0,1
successful,successful,成功的 / 满意的,20,20,0,1,0,0,1,0,0,1,1,0,0
mood,mood,心情 / 情绪,20,19,0,0,0,0,0,0,0,0,0,0,1
touching,touching,令人动容流泪的,19,19,0,0,0,0,0,0,0,0,0,0,1
chilly,chilly,寒冷不适的,19,19,0,0,0,0,0,0,0,0,0,1,0
comfy,comfy,舒适惬意的,19,18,0,0,0,0,0,0,0,0,0,0,1
awestruck,awestruck,充满敬畏震撼的,19,19,0,0,0,0,0,0,0,0,0,0,1
inspired,inspired,灵感大发 / 深受震撼的,19,19,0,0,0,0,1,0,1,1,1,0,0
suitable,suitable,合适的 / 满意的,19,19,0,0,0,0,0,0,0,0,1,0,0
exquisite,exquisite,精美的 / 绝妙的,19,19,0,0,0,0,1,0,0,0,1,0,0
smart,smart,聪慧的 / 明智的,18,18,0,0,0,0,0,0,0,0,0,0,1
effective,effective,有效划算的,18,18,0,0,0,0,0,0,0,1,1,0,0
astounding,astounding,令人无比震撼惊叹的,18,18,0,0,0,0,0,0,0,0,0,0,1
charm,charm,顺畅 / 令人满意,18,17,0,0,0,0,0,0,0,0,1,0,0
amazement,amazement,惊叹 / 惊奇,18,18,0,0,0,0,0,0,0,0,0,0,1
danger,danger,危险 / 威胁,18,15,0,0,0,1,0,1,0,0,0,1,0
easiest,easiest,最省心的 / 最容易的,18,18,0,0,0,0,0,0,0,0,0,0,1
haha,haha,哈哈（欢快情绪）,18,18,0,0,0,0,0,0,0,0,0,0,1
chill,chill,惬意轻松的,18,18,0,0,0,0,0,0,0,0,0,0,1
honesty,honesty,真诚 / 诚信解说,18,18,0,0,0,0,0,0,0,1,1,0,0
marvel,marvel,惊叹 / 奇迹,18,17,0,0,0,0,0,0,1,0,1,0,0
secret,secret,秘境 / 私密独享感,18,18,0,0,0,0,0,0,0,1,0,0,0
handy,handy,实用的 / 贴心的,18,17,0,0,0,0,0,0,0,0,1,0,0
soothing,soothing,舒缓抚慰人心的,18,18,0,0,0,0,1,0,0,1,1,0,0
witty,witty,风趣幽默的,18,18,0,0,0,0,1,0,0,0,1,0,0
wondered,wonder,感到惊奇惊叹 (动词变体),18,18,0,0,0,0,0,0,0,0,0,0,1
keen,keen,热情的 / 敏锐的,18,18,0,0,0,0,0,0,0,0,0,0,1
energetic,energetic,精力充沛的,17,17,0,0,0,0,0,0,0,0,1,0,0
discomfort,discomfort,身体/心理不适感,17,17,0,0,0,0,0,1,0,0,0,1,0
cordial,cordial,热情亲切礼貌的,17,17,0,0,0,0,0,0,0,0,0,0,1
valuable,valuable,珍贵的 / 有价值的,17,17,0,0,0,0,0,0,0,0,1,0,0
overwhelmed,overwhelmed,被震撼/感动深深淹没的,17,17,0,0,0,0,0,1,0,0,0,1,0
hopes,hopes,期盼 / 希望,17,17,0,0,0,0,0,0,0,0,0,0,1
claustrophobic,claustrophobic,感到幽闭恐惧压抑的,16,16,0,0,0,0,0,0,0,0,0,0,1
insane,insane,疯狂震撼的 / 极端的,16,16,1,0,0,1,0,0,0,0,0,1,0
leery,leery,提防警惕 / 顾虑重重的,16,16,0,0,0,0,0,0,1,0,0,0,0
loving,loving,热爱的 / 充满了爱的,16,16,0,0,0,0,1,0,0,1,1,0,0
sensational,sensational,绝佳轰动震撼的,16,15,0,0,0,0,1,0,0,0,1,0,0
sudden,sudden,突然的 / 猝不及防的,16,15,0,0,0,0,0,0,1,0,0,0,0
uncertain,uncertain,不确定的 / 顾虑的,16,16,1,0,1,1,0,0,1,0,0,1,0
worthy,worthy,非常值的 / 值得的,16,16,0,0,0,0,0,0,0,1,1,0,0
annoying,annoying,令人烦躁恼火的（Annoyance/Irritation Emotion）,15,15,1,0,0,0,0,0,0,0,0,1,0
bubbly,bubbly,活泼热情的,15,15,0,0,0,0,0,0,0,0,0,0,1
awed,awed,感到为之肃然起敬震撼的,15,15,0,0,0,0,0,0,0,0,0,0,1
awful,awful,极其糟糕的,15,14,1,0,1,1,0,1,0,0,0,1,0
fuss,fuss,大惊小怪 / 争吵骚动,15,15,1,0,0,0,0,1,0,0,0,1,0
hilarious,hilarious,爆笑幽默搞笑的,15,15,0,0,0,0,1,0,1,0,1,0,0
immaculate,immaculate,完美无瑕洁净的,15,15,0,0,0,0,1,0,0,1,1,0,0
unprofessional,unprofessional,不专业的,15,11,0,0,0,0,0,0,0,0,0,0,1
warmth,warmth,温暖安心感,15,15,0,0,0,0,0,0,0,0,0,0,1
respectful,respectful,充满敬意的,15,15,0,0,0,0,0,0,0,1,1,0,0
intrusive,intrusive,突兀扰人的 / 煞风景的,14,14,1,0,1,1,0,0,1,0,0,1,0
authentic,authentic,地道的 / 真实无伪的,14,14,0,0,0,0,1,0,0,1,1,0,0
bothered,bothered,困扰的 / 烦心的,14,14,0,0,0,0,0,0,0,0,0,0,1
frustrating,frustrating,令人挫败的 / 烦人的,14,13,0,0,0,0,0,0,0,0,0,0,1
glowing,glowing,极度赞赏口碑极佳的,14,14,0,0,0,0,0,0,0,0,1,0,0
marvellous,marvellous,令人叹为观止的,14,13,0,0,0,0,0,0,0,0,0,0,1
proud,proud,感到自豪骄傲的,14,14,0,1,0,0,1,0,0,1,1,0,0
ruined,ruined,毁掉行程的 / 扫兴糟心的,14,14,1,0,1,1,0,1,0,0,0,1,0
satisfaction,satisfaction,满意感,14,14,0,0,0,0,0,0,0,0,0,0,1
trustworthy,trustworthy,值得信赖靠谱的,14,14,0,0,0,0,0,0,0,0,0,0,1
praise,praise,称赞 / 高度赞扬,14,14,0,0,0,0,1,0,0,1,1,0,0
safest,safest,最安全平稳的,13,13,0,0,0,0,0,0,0,0,0,0,1
apologetic,apologetic,诚恳抱歉致歉的,13,13,0,0,0,0,0,0,0,1,1,0,0
pleasurable,pleasurable,令人愉快的,13,13,0,0,0,0,1,0,0,0,1,0,0
responsible,responsible,负责任的,13,13,0,0,0,0,0,0,0,1,1,0,0
vibrant,vibrant,生机勃勃色彩斑斓的,13,13,0,0,0,0,0,0,0,0,0,0,1
precious,precious,弥足珍贵的 memory,13,12,0,1,0,0,1,0,1,0,1,0,0
uneasy,uneasy,心神不宁感到不安的,13,13,0,0,1,1,0,0,0,0,0,1,0
worldly,worldly,超凡脱俗的,13,13,0,0,0,0,0,0,0,0,0,0,1
tricky,tricky,棘手不安的,13,12,0,0,0,0,0,0,0,0,0,0,1
bored,bored,感到无聊厌烦的,12,12,0,0,0,0,0,0,0,0,0,0,1
soaking,soaking,沉浸于（soaking in view）,12,12,0,0,0,0,0,0,0,0,0,0,1
stuffy,stuffy,闷热不适的（体感不适）,12,12,0,0,0,0,0,0,0,0,0,1,0
superbly,superbly,出类拔萃完美地,12,12,0,0,0,0,0,0,0,0,0,0,1
wondrous,wondrous,惊叹奇妙的,12,12,0,0,0,0,0,0,0,0,1,0,0
slick,slick,熟练专业/光滑的,11,11,0,0,0,0,0,0,0,0,0,0,1
admire,admire,钦佩赞赏,11,11,0,0,0,0,0,0,0,1,1,0,0
cheesy,cheesy,俗气的 / 劣质的,11,11,0,0,0,0,0,0,0,0,0,0,1
inviting,inviting,引人入胜令人愉悦的,11,11,0,1,0,0,1,0,1,1,1,0,0
mad,mad,发怒的 / 生气的,11,11,1,0,1,1,0,1,0,0,0,1,0
rewarding,rewarding,非常有成就感/物超所值的,11,11,0,0,0,0,0,0,0,0,0,0,1
nervousness,nervousness,紧张不安的情绪,11,11,0,0,0,1,0,0,0,0,0,0,0
sketchy,sketchy,令人不安可疑的,11,11,0,0,0,0,0,0,0,0,0,1,0
superlative,superlative,顶级极致赞赏的,11,11,0,0,0,0,0,0,0,0,0,0,1
surprising,surprising,令人出乎意料惊喜的,11,11,0,0,0,0,0,0,1,0,0,0,0
trepidation,trepidation,惊恐战栗 / 不安,11,10,0,1,0,1,0,0,1,0,0,1,0
wary,wary,警惕顾虑的,11,11,0,0,0,1,0,0,0,0,0,0,0
satisfying,satisfying,令人称心满意的,11,11,0,0,0,0,0,0,0,0,0,0,1
jealous,jealous,令人羡慕嫉妒的,10,9,1,0,1,0,0,0,0,0,0,1,0
conscientious,conscientious,认真负责的,10,10,0,0,0,0,0,0,0,1,1,0,0
ecstatic,ecstatic,狂喜的 / 极度兴奋的,10,10,0,1,0,0,1,0,1,0,1,0,0
emotional,emotional,情感上的 / 动情的,10,10,0,0,0,0,0,0,0,0,0,0,1
friendlier,friendlier,更加亲切友好的,10,10,0,0,0,0,0,0,0,0,0,0,1
improvement,improvement,体验改善 / 提升,10,10,0,0,0,0,1,0,0,1,1,0,0
improving,improving,不断改善令人满意的,10,10,0,0,0,0,0,0,0,0,1,0,0
badly,badly,严重地 / 糟糕地,10,9,0,0,0,0,0,1,0,0,0,1,0
wonderfull,wonderful,令人惊叹绝妙的 (错别字变体),10,10,0,0,0,0,1,0,1,1,1,0,0
quaint,quaint,古朴宜人的,10,10,0,0,0,0,1,0,0,1,1,0,0
raving,raving,赞不绝口极力推荐的,10,10,1,1,0,1,1,0,1,0,0,1,0
stability,stability,平稳安心感,10,10,0,0,0,0,0,0,0,0,0,0,1
stunned,stunned,感到目瞪口呆震撼的,10,9,0,0,0,1,0,0,1,0,0,1,0
stunningly,stunningly,令人震撼地,10,10,0,0,0,0,0,0,0,0,0,0,1
unfortunate,unfortunate,不幸遗憾的,10,10,0,0,0,0,0,1,0,0,0,1,0
mesmerized,mesmerized,被深深吸引迷住的,10,10,0,0,0,0,0,0,0,0,0,0,1
automatically,automatically,自动地 / 自然而然,9,9,0,0,0,0,0,0,0,0,0,0,1
awkward,awkward,尴尬的 / 别扭的,9,9,0,0,0,0,0,0,0,0,0,0,1
bummer,bummer,令人扫兴扫兴的事,9,9,1,0,1,0,0,0,0,0,0,1,0
cheerfully,cheerfully,欢快愉悦地,9,8,0,0,0,0,0,0,0,0,0,0,1
claustrophobia,claustrophobia,幽闭恐惧症（密闭机舱焦虑）,9,9,0,0,0,0,0,0,0,0,0,0,1
compliment,compliment,赞美 / 赞赏评价,9,9,0,1,0,0,1,0,1,1,1,0,0
effortless,effortless,轻松平稳的,9,9,0,0,0,0,0,0,0,0,0,0,1
hassles,hassles,烦心事 / 摩擦,9,9,0,0,0,0,0,0,0,0,0,0,1
miserable,miserable,极度痛苦糟糕的,9,8,1,0,1,0,0,1,0,0,0,1,0
stuffed,stuffed,塞满的 / 憋闷不适的,9,9,0,0,0,0,0,0,0,0,0,0,1
susceptible,susceptible,易受影响脆弱的,9,9,0,0,0,0,0,0,0,0,0,1,0
terribly,terribly,极度负面地 / 抱歉,9,9,0,0,0,0,0,1,0,0,0,0,0
unspoiled,unspoiled,未经破坏原始纯粹的,9,9,0,0,0,0,0,0,0,0,0,0,1
frustration,frustration,挫败感 / 烦恼,8,8,1,0,0,0,0,0,0,0,0,1,0
annoyed,annoyed,感到烦恼的 / 恼火的,8,7,0,0,0,0,0,0,0,0,0,0,1
cherished,cherish,珍视铭记的,8,8,0,1,0,0,1,0,1,1,1,0,0
dissapointed,disappointed,感到失望的（错别字变体）,8,7,1,0,1,0,0,1,0,0,0,1,0
exhausted,exhausted,精疲力竭极为疲惫的,8,8,0,0,0,0,0,1,0,0,0,1,0
exhilaration,exhilaration,极度兴奋快感,8,8,0,0,0,0,1,0,1,0,1,0,0
frightened,frightened,感到受惊吓害怕的,8,8,0,0,0,1,0,0,1,0,0,1,0
grace,grace,优雅 / 良好风度,8,8,0,0,0,0,0,0,0,0,1,0,0
nerve,nerve,紧张神经,8,8,0,0,0,0,0,0,0,0,1,0,0
poorly,poorly,糟糕地 / 差劲地,8,7,0,0,0,0,0,0,0,0,0,1,0
shocked,shocked,感到震惊惊吓的,8,8,0,0,0,0,0,0,0,0,0,0,1
spoiled,spoiled,好心情被破坏毁掉的,8,8,0,0,0,0,0,0,0,0,0,0,1
unstable,unstable,不稳定摇晃令人担心的,8,7,0,0,0,1,0,0,1,0,0,1,0
yummy,yummy,美味愉悦的,8,8,0,0,0,0,0,0,0,0,0,0,1
mindful,mindful,细心周到的,8,8,0,0,0,0,0,0,0,0,1,0,0
enthusiastically,enthusiastically,热情高涨地,7,7,0,0,0,0,0,0,0,0,0,0,1
hopeful,hopeful,怀抱希望的,7,7,0,1,0,0,1,0,1,1,1,0,0
hesitating,hesitating,犹豫顾虑（心理活动）,7,7,0,0,0,0,0,0,0,0,0,0,1
gushing,gushing,滔滔不绝赞赞称道的,7,6,0,0,0,0,0,0,0,0,0,0,1
exhilerating,exhilarating,令人兴奋刺激酣畅地（错别字变体）,7,6,0,0,0,0,0,0,0,0,0,0,1
laughter,laughter,欢笑 / 笑声,7,7,0,1,0,0,1,0,1,0,1,0,0
curious,curious,好奇求知的,7,7,0,0,0,0,0,0,0,0,0,0,1
confusion,confusion,困惑 / 混乱,7,7,1,0,0,1,0,0,0,0,0,1,0
classy,classy,高端优雅的,7,7,0,0,0,0,0,0,0,0,0,0,1
panic,panic,恐慌 / 惊恐状态,7,6,0,0,0,1,0,0,0,0,0,1,0
alas,alas,唉 / 遗憾的是,7,7,0,0,0,0,0,0,0,0,0,0,1
captivated,captivated,被深深吸引着迷的,7,7,0,0,0,0,0,0,0,0,0,0,1
weird,weird,古怪令人不安的,7,7,0,0,1,0,0,0,0,0,0,1,0
painful,painful,痛苦的 / 令人难受的,7,6,1,0,1,1,0,1,0,0,0,1,0
worrying,worry,令人担心的,7,7,0,1,0,1,0,1,0,0,0,1,0
powerful,powerful,强烈的 / 感人的,7,7,1,1,1,1,1,0,0,1,1,0,0
unpleasant,unpleasant,令人不快令人难受的,7,7,0,0,1,0,0,1,0,0,0,1,0
unhappy,unhappy,不高兴不满意的,7,7,1,0,1,0,0,1,0,0,0,1,0
suffered,suffered,遭受身体/晕眩痛苦,7,7,0,0,0,0,0,0,0,0,0,0,1
relieved,relieved,宽慰的 / 松了一口气,7,7,0,0,0,0,0,0,0,0,0,0,1
serenity,serenity,宁静 / 祥和,7,7,0,1,0,0,1,0,0,1,1,0,0
rudely,rudely,粗鲁地 / 无礼地,7,6,0,0,0,0,0,0,0,0,0,0,1
ridiculous,ridiculous,荒谬的 / 离谱的,7,7,1,0,1,0,0,0,0,0,0,1,0
reputable,reputable,信誉良好的,7,7,0,0,0,0,0,0,0,1,1,0,0
strange,strange,怪异不安的,7,7,0,0,0,0,0,0,0,0,0,0,1
broad,broad,宽广的,6,6,0,0,0,0,0,0,0,0,0,0,1
calmer,calmer,更平静安心的,6,6,0,0,0,0,0,0,0,0,0,0,1
appropriately,appropriately,恰当地 / 贴心地,6,6,0,0,0,0,0,0,0,0,0,0,1
blind,blind,盲目的 / 视线受阻的,6,6,0,0,0,0,0,0,0,0,0,1,0
amaze,amaze,使惊叹 / 惊奇,6,5,0,0,0,0,0,0,1,0,0,0,0
fascinated,fascinated,深深入迷为之倾倒的,6,6,0,0,0,0,0,0,0,0,0,0,1
casual,casual,随和轻松的,6,6,0,0,0,0,0,0,0,0,0,0,1
discouraged,discouraged,感到灰心气馁的,6,5,0,0,0,0,0,0,0,0,0,0,1
enthralled,enthralled,被深深吸引迷住的,6,6,0,0,0,0,0,0,0,0,0,0,1
frightening,frightening,令人惊恐吓人的,6,6,0,0,0,0,0,0,0,0,0,0,1
reassurance,reassurance,令人放心的安抚感,6,6,0,0,0,0,0,0,0,1,1,0,0
hug,hug,拥抱 / 温暖关怀,6,5,0,0,0,0,1,0,0,1,1,0,0
gratitude,gratitude,感激 / 感恩,6,6,0,0,0,0,1,0,0,0,1,0,0
inspirational,inspirational,鼓舞人心的,6,6,0,0,0,0,0,0,0,0,0,0,1
jovial,jovial,欢快风趣的,6,6,0,0,0,0,1,0,0,0,1,0,0
precision,precision,精准靠谱的,6,6,0,0,0,0,0,0,0,0,1,0,0
warmest,warmest,最暖心亲切的,6,6,0,0,0,0,0,0,0,0,0,0,1
relief,relief,轻松如释重负感,6,6,0,0,0,0,0,0,0,0,1,0,0
sublime,sublime,崇高壮丽绝美的（Aesthetic Emotion/Awe）,6,6,0,0,0,0,0,0,0,0,0,0,1
timid,timid,胆怯害羞的,6,6,0,0,0,1,0,1,0,0,0,1,0
pity,pity,遗憾 / 同情怜悯,5,5,0,0,0,0,0,1,0,0,0,0,0
intimidating,intimidating,令人胆怯令人畏惧的,5,5,0,0,0,0,0,0,0,0,0,0,1
apprehension,apprehension,忧虑 / 疑虑不安,5,4,0,0,0,1,0,0,0,0,0,1,0
comforted,comforted,感到安慰安心的,5,5,0,0,0,0,0,0,0,0,0,0,1
envy,envy,羡慕 / 嫉妒,5,5,0,0,0,0,0,0,0,0,0,0,1
faultless,faultless,无可挑剔完美的,5,5,0,0,0,0,0,0,0,1,1,0,0
hated,hate,讨厌 / 极为憎恶的,5,5,1,0,1,1,0,1,0,0,0,1,0
hates,hate,厌恶 / 讨厌,5,5,1,0,1,1,0,1,0,0,0,1,0
jitters,jitters,忐忑不安 / 紧张发抖感,5,5,0,0,0,0,0,0,0,0,0,0,1
gloomy,gloomy,阴沉的 / 沮丧的,5,4,0,0,0,0,0,1,0,0,0,1,0
luscious,luscious,秀美令人心旷神怡的,5,5,0,1,0,0,1,0,0,0,1,0,0
overwhelmingly,overwhelmingly,压倒性震撼地,5,5,0,0,0,0,0,0,0,0,0,0,1
scare,scare,吓人 / 引发恐慌的,5,5,1,1,0,1,0,0,1,0,0,1,0
shock,shock,震惊 / 冲击,5,5,1,0,0,1,0,0,1,0,0,1,0
stressful,stressful,令人压力重重焦虑的（Stress/Anxiety State）,5,5,0,0,0,0,0,0,0,0,0,0,1
suprise,surprise,惊喜 / 意料之外（错别字变体）,5,5,0,0,0,1,1,0,1,0,1,0,0
wowed,wowed,被深深惊叹震撼的,5,5,0,0,0,0,0,0,0,0,0,0,1
joyful,joyful,充满喜悦欢快的,5,5,0,0,0,0,1,0,0,1,1,0,0
marveled,marvel,惊叹赞赏的,5,5,0,0,0,0,0,0,1,0,1,0,0
exhilarated,exhilarated,感到无比兴奋酣畅的,4,4,0,0,0,0,0,0,0,0,0,0,1
captivating,captivating,扣人心弦引人入胜的,4,4,0,0,0,0,0,0,0,0,1,0,0
phobia,phobia,恐惧症 / 恐高心理,4,3,0,0,0,0,0,0,0,0,0,0,1
disconcerting,disconcerting,令人不安的,4,4,0,0,0,0,0,0,0,0,0,0,1
dreaded,dread,令人害怕恐惧的 / 提心吊胆,4,4,0,1,0,1,0,0,0,0,0,1,0
dreading,dread,感到十分恐惧担心的,4,4,0,1,0,1,0,0,0,0,0,1,0
emotion,emotion,情感 / 情绪,4,4,0,0,0,0,0,0,0,0,0,0,1
irritating,irritating,令人烦躁恼火的,4,4,1,0,1,0,0,0,0,0,0,1,0
embarrassed,embarrassed,感到尴尬难堪的,4,4,0,0,0,0,0,0,0,0,0,0,1
giddy,giddy,兴奋得头晕目眩欢欣的,4,4,0,0,0,0,0,0,0,0,0,0,1
hungry,hungry,贪婪的（money hungry）,4,4,0,1,0,0,0,0,0,0,0,1,0
irritated,irritated,感到恼火烦躁的,4,4,0,0,0,0,0,0,0,0,0,0,1
ominous,ominous,不详的 / 不妙的,4,3,0,1,0,1,0,0,0,0,0,1,0
peacefulness,peacefulness,宁静详和感,4,4,0,0,0,0,0,0,0,0,0,0,1
pleasing,pleasing,令人愉悦满意的,4,4,0,0,0,0,0,0,0,0,0,0,1
frustrated,frustrated,感到沮丧的 / 挫败的,4,4,1,0,0,0,0,0,0,0,0,1,0
wicked,wicked,太棒了 / 绝妙的,4,4,0,0,0,1,0,0,0,0,0,1,0
nasty,nasty,令人厌恶的 / 恶劣的,4,3,1,0,1,1,0,1,0,0,0,1,0
unnerving,unnerving,令人发慌不安吓人的,4,4,0,0,0,0,0,0,0,0,0,0,1
tranquil,tranquil,清幽宁静的（Calmness/Serenity State）,4,4,0,0,0,0,1,0,0,0,1,0,0
regretting,regret,感到后悔遗憾的,4,4,0,0,0,0,0,1,0,0,0,1,0
spellbinding,spellbinding,扣人心弦迷人的,4,4,0,0,0,0,0,0,0,0,0,0,1
spellbound,spellbound,出神为之入迷的,4,4,0,0,0,0,0,0,0,0,0,0,1
stoked,stoked,极为激动期待的,4,4,0,0,0,0,0,0,0,0,0,0,1
suprised,surprised,感到惊喜惊讶的（错别字变体）,4,4,0,0,0,0,0,0,1,0,0,0,0
thrills,thrills,刺激 / 快感,4,4,0,0,0,0,0,0,0,0,0,0,1
subtle,subtle,微妙精细的,4,4,0,0,0,0,0,0,0,0,0,0,1
tranquility,tranquility,宁静 / 平和,4,4,0,0,0,0,1,0,0,1,1,0,0
underwhelmed,underwhelmed,大失所望未达预期的,4,4,0,0,0,0,0,0,0,0,0,0,1
unfair,unfair,不公平的 / 冤枉的,4,3,1,0,1,0,0,1,0,0,0,1,0
unfriendly,unfriendly,不友善的,4,4,1,0,1,1,0,1,0,0,0,1,0
wildest,wildest,最疯狂的（狂想）,4,4,0,0,0,0,0,0,0,0,0,0,1
profound,profound,深刻震撼的,4,4,0,0,0,0,0,0,0,0,0,0,1
astounded,astounded,感到十分震惊震撼的,3,3,0,0,0,0,0,0,0,0,0,0,1
ecstasy,ecstasy,狂喜 / 极乐状态,3,3,0,1,0,0,1,0,0,0,1,0,0
aggressively,aggressively,挑衅攻击地 / 极其恶劣地,3,3,0,0,0,0,0,0,0,0,0,0,1
ambivalent,ambivalent,矛盾复杂心理的,3,3,0,0,0,0,0,0,0,0,0,0,1
apprehensions,apprehension,顾虑 / 忧虑不安,3,3,0,0,0,1,0,0,0,0,0,1,0
aprehensive,apprehensive,感到忧虑不安的（错别字变体）,3,3,0,1,0,1,0,0,0,0,0,1,0
astonished,astonished,感到十分惊异惊叹的,3,3,0,0,0,0,0,0,0,0,0,0,1
beneficial,beneficial,有益的 / 有帮助的,3,3,0,0,0,0,0,0,0,0,1,0,0
candid,candid,坦率真诚的,3,3,0,1,0,0,1,0,1,1,1,0,0
dazzled,dazzled,目眩神迷震撼的,3,3,0,0,0,0,0,0,0,0,0,0,1
cheer,cheer,振奋 / 欢呼,3,3,0,1,0,0,1,0,1,1,1,0,0
deaf,deaf,听而不闻冷漠的（fell on deaf ears）,3,3,0,0,0,0,0,0,0,0,0,1,0
dreaming,dreaming,梦寐以求 / 心驰神往,3,3,0,0,0,0,0,0,0,0,0,0,1
compassion,compassion,同理心 / 关切,3,3,0,0,0,1,0,0,0,0,1,0,0
disappointingly,disappointed,令人失望地,3,3,1,0,1,0,0,1,0,0,0,1,0
dissatisfied,dissatisfied,感到不满意的,3,3,0,0,0,0,0,0,0,0,0,0,1
daunting,daunting,令人望而生畏胆怯的,3,3,0,0,0,0,0,0,0,0,0,0,1
compassionate,compassionate,富有同理心体贴的,3,3,0,0,0,0,0,0,0,0,1,0,0
guilty,guilty,内疚内疚感,3,3,1,0,0,0,0,1,0,0,0,1,0
carefree,carefree,无忧无虑自在的,3,3,0,0,0,0,0,0,0,0,0,0,1
scaring,scare,使人害怕恐惧的,3,3,1,1,0,1,0,0,1,0,0,1,0
curiosity,curiosity,好奇心 / 探索欲,3,3,0,1,0,0,0,0,1,0,1,0,0
peacefully,peacefully,宁静和平地,3,3,0,0,0,0,0,0,0,0,0,0,1
harrowing,harrowing,令人触目惊心惊恐的,3,3,0,0,0,1,0,0,0,0,0,1,0
reassure,reassure,使人感到安心放心的,3,3,0,0,0,0,0,0,0,1,1,0,0
heartfelt,heartfelt,真挚的 / 出自内心的,3,3,0,0,0,0,1,1,0,1,1,0,0
horribly,horrible,糟糕恐怖地,3,3,1,0,1,1,0,0,0,0,0,1,0
incomprehensible,incomprehensible,难以理解令人困惑的,3,3,0,0,0,0,0,0,0,0,0,1,0
indulge,indulge,尽情享受 / 犒劳自己,3,3,0,0,0,0,0,0,0,0,0,0,1
marvelously,marvelously,奇妙极其出色地,3,3,0,0,0,0,1,0,0,0,1,0,0
overjoyed,overjoyed,欣喜若狂的,3,3,0,0,0,0,1,0,0,0,1,0,0
joking,joking,开玩笑的,3,3,0,0,0,0,0,0,0,0,1,0,0
sympathy,sympathy,同情 / 体谅,3,3,0,0,0,0,0,1,0,0,1,0,0
spoilt,spoilt,被破坏败兴的,3,3,0,0,0,0,0,0,0,0,0,0,1
happiness,happiness,幸福快乐感,3,3,0,1,0,0,1,0,0,0,1,0,0
remorse,remorse,懊悔 / 悔恨,3,3,0,0,0,0,0,1,0,0,0,1,0
uneasiness,uneasiness,不安 / 忐忑感,3,3,0,1,0,0,0,1,0,0,0,1,0
unsettled,unsettled,心神不宁忐忑的,3,3,1,0,1,1,0,0,0,0,0,1,0
sickening,sickening,令人作呕恶心的,3,3,1,0,1,1,0,1,0,0,0,1,0
securely,securely,安全平稳地,3,3,0,0,0,0,0,0,0,0,0,0,1
rickety,rickety,摇摇欲坠的,3,3,0,0,0,0,0,0,0,0,0,1,0
favourable,favourable,有利的 / 良好的,2,2,0,0,0,0,0,0,0,0,0,0,1
exhausting,exhausting,令人筋疲力尽的,2,2,0,0,0,0,0,0,0,0,0,0,1
agreeable,agreeable,宜人的 / 令人满意的,2,2,0,0,0,0,0,0,0,1,1,0,0
animated,animated,生动的 / 活力充沛的,2,2,0,0,0,0,1,0,0,0,1,0,0
bothering,bothering,打扰令人烦心的,2,2,1,0,0,0,0,1,0,0,0,1,0
clever,clever,聪明睿智的,2,2,0,0,0,0,0,0,0,0,1,0,0
darling,darling,可爱的 / 亲切的,2,2,0,0,0,0,1,0,0,1,1,0,0
desperate,desperate,感到绝望迫切的,2,2,0,0,0,0,0,0,0,0,0,1,0
compliant,compliant,顺从的 / 合规安心的,2,2,0,0,0,0,0,0,0,0,1,0,0
primo,primo,一流的 / 顶级的,2,1,0,0,0,0,0,0,0,0,0,0,1
positively,positively,积极正面地,2,2,0,0,0,0,0,0,0,0,0,0,1
pumped,pumped,兴奋激动的 / 跃跃欲试,2,2,0,0,0,0,0,0,0,0,0,0,1
rigid,rigid,刻板不近人情的,2,2,0,0,0,0,0,0,0,0,0,1,0
squeamish,squeamish,胆怯恶心体质易受惊的,2,2,0,0,1,1,0,0,0,0,0,1,0
suffering,suffering,受苦受难不适,2,2,0,0,1,1,0,1,0,0,0,1,0
threaten,threaten,受到威胁/令人不安的,2,2,1,1,0,1,0,0,0,0,0,1,0
humility,humility,谦逊贴心,2,1,0,0,0,0,0,0,0,1,1,0,0
offensive,offensive,冒犯的 / 令人不适的,2,2,1,0,1,0,0,0,0,0,0,1,0
flaky,flaky,不靠谱的 / 经常取消的,1,1,0,0,0,0,0,0,0,0,0,0,1
hazardous,hazardous,危险的 / 有隐患的,1,1,0,0,0,1,0,0,0,0,0,1,0
harsh,harsh,严酷恶劣的,1,1,0,0,0,0,0,0,0,0,0,0,1
grandest,grandest,最宏大的 / 极其壮丽的,1,1,0,0,0,0,0,0,0,0,0,0,1
gloom,gloom,阴郁忧伤,1,1,0,0,0,0,0,1,0,0,0,1,0
bluntly,bluntly,直言不讳地,1,1,0,0,0,0,0,0,0,0,0,0,1
disrespectful,disrespectful,无礼的 / 冒犯的,1,1,1,0,1,1,0,1,0,0,0,1,0
dismay,dismay,感到沮丧吃惊,1,1,1,1,0,1,0,1,1,0,0,1,0
decency,decency,礼貌体面 / 服务缺乏礼貌体面,1,1,0,0,0,0,0,0,0,0,1,0,0
grumpy,grumpy,脾气暴躁的 / 不悦的,1,1,1,0,1,0,0,1,0,0,0,1,0
bluest,bluest,最湛蓝的（极致景色）,1,1,0,0,0,0,0,0,0,0,0,0,1
askance,askance,怀疑斜视地（不信任）,1,1,0,0,0,0,0,0,0,0,0,0,1
hostile,hostile,敌意的 / 恶劣的,1,1,1,0,1,1,0,0,0,0,0,1,0
immeasurable,immeasurable,无法估量的 / 极致的,1,1,0,0,0,0,0,0,0,0,0,0,1
miraculously,miraculously,奇迹般地,1,1,0,0,0,0,0,0,0,0,0,0,1
worthful,worthful,物有所值的,1,1,0,0,0,0,0,0,0,0,0,0,1
whelmed,whelmed,被深深震撼淹没的,1,1,0,0,0,0,0,0,0,0,0,0,1
unwell,unwell,身体不适的,1,1,0,0,0,0,0,1,0,0,0,1,0
ungodly,ungodly,糟糕恶劣的,1,1,0,0,0,0,0,1,0,0,0,1,0
truthful,truthful,真实可信的,1,1,0,0,0,0,0,0,0,1,0,0,0
wasbeautiful,wasbeautiful,美丽动人的（美感）,1,1,0,0,0,0,0,0,0,0,0,0,1
reward,reward,赏心悦目的奖赏体验,1,1,0,1,0,0,1,0,1,1,1,0,0
regrettably,regrettably,遗憾地 / 抱歉,1,1,0,0,0,0,0,0,0,0,0,0,1
racist,racist,种族歧视的,1,1,0,0,0,0,0,0,0,0,0,0,1
quell,quell,镇定 / 平息（恐惧）,1,1,0,0,0,0,0,0,0,0,0,1,0
shady,shady,可疑不诚信的,1,1,0,0,0,1,0,0,0,0,0,1,0
zing,zing,刺激快感,1,1,0,0,0,0,0,0,0,0,0,0,1
