三级选择范畴 (Selective Category),二级主轴范畴/因素 (Axial Category / Factor),一级开放编码典例原生词 (Open Code Examples),在 295 篇低分语料中的精确记录频次 (Count N),低言占比 (%) (Percentage in Low Ratings)
范畴 1：服务履约与行程失误 (Service Execution Failure),1.1 天气取消与无法登顶/改签摩擦 (Weather Cancellation & Reschedule Friction),"canceled, cancelled, weather, clouds, fog, rain, reschedule",117,39.66
范畴 1：服务履约与行程失误 (Service Execution Failure),1.3 地面接驳拉车延误与长时等待 (Ground Shuttle & Bus Delay),"bus, drive, driving, van, shuttle, wait, waiting, late, delayed",96,32.54
范畴 2：经济权益与价格摩擦 (Monetary & Refund Friction),2.1 严苛退款条款与退费纠纷 (Strict Cancellation Refund Dispute),"refund, money back, deposit, refused, policy",68,23.05
范畴 1：服务履约与行程失误 (Service Execution Failure),1.2 航空配重强行分座/拆散伴侣 (Seating & Weight Balance Split),"seat, seating, weight, split, couple, separated, middle seat",53,17.97
范畴 2：经济权益与价格摩擦 (Monetary & Refund Friction),2.2 隐形收费与性价比感知低 (Hidden Fees & Overpriced Value Perception),"rip off, expensive, waste of money, charge, fee, extra",43,14.58
范畴 4：人际态度与服务失误 (Interactional & Staff Service Failure),4.1 地勤/客服态度冷漠恶劣 (Rude Ground Staff & Front Desk),"rude, unprofessional, unhelpful, arrogant, yelling, attitude",38,12.88
范畴 3：体验落差与产品限制 (Perceptual Disappointment & Constraints),3.1 飞行距离太远/看不够近/限制 (Flight Distance & View Disappointment),"far, distance, too high, could not see, restricted, restricted view",33,11.19
范畴 3：体验落差与产品限制 (Perceptual Disappointment & Constraints),3.2 严重晕机/身体极度不适 (Severe Motion Sickness & Vomiting),"sick, airsick, nausea, throw up, vomit, dizzy, bumpy",10,3.39
范畴 4：人际态度与服务失误 (Interactional & Staff Service Failure),4.2 飞行员缺乏互动/讲解粗糙 (Poor Pilot Communication & Rush),"rushed, quiet pilot, no commentary, silent pilot, bad headset",7,2.37
