word,canonical_lemma,frequency_21215,chinese_translation,source_type,nrc_category,vader_score,target_experience_object
great,great,11541,非常棒的 / 极好的,Direct NRC Included (N=358),Class 2 Colloquial Superlative,3.1,5. Overall Tourism Experience Appraisal (总体观光体验评价)
amazing,amazing,6251,极其震撼赞叹的 / 太棒了,Direct NRC Included (N=358),Class 2 Colloquial Superlative,2.8,5. Overall Tourism Experience Appraisal (总体观光体验评价)
beautiful,beautiful,3485,美丽绝伦的,Direct NRC Included (N=358),Joy (喜悦),2.9,1. Aerial Scenery & Nature Views (高空自然景观)
best,best,3420,最棒的 / 顶级的,Direct NRC Included (N=358),Class 2 Colloquial Superlative,3.2,5. Overall Tourism Experience Appraisal (总体观光体验评价)
friendly,friendly,3416,友好的 / 亲切的,Direct NRC Included (N=358),Joy (喜悦),2.2,"2. Pilot, Crew & Guide Service (飞行员与解说服务)"
worth,worth,2799,物有所值的 / 绝对值得的,Direct NRC Included (N=358),Positive Polarity Only (仅正向),0.9,"4. Booking, Price & Value (行程预订与性价比)"
wonderful,wonderful,2677,精彩美妙的,Direct NRC Included (N=358),Joy (喜悦),2.7,5. Overall Tourism Experience Appraisal (总体观光体验评价)
good,good,2635,良好的 / 棒的（服务与体验）,Direct NRC Included (N=358),Joy (喜悦),1.9,3. Flight Riding & Aircraft Feeling (飞行体感与机型)
awesome,awesome,2530,太棒了 / 极为赞叹的,Direct NRC Included (N=358),Class 2 Colloquial Superlative,3.1,5. Overall Tourism Experience Appraisal (总体观光体验评价)
excellent,excellent,2284,卓越极佳的 / 顶级的,Direct NRC Included (N=358),Joy (喜悦),2.7,5. Overall Tourism Experience Appraisal (总体观光体验评价)
fantastic,fantastic,2026,奇妙太棒的,Direct NRC Included (N=358),Class 2 Colloquial Superlative,2.6,5. Overall Tourism Experience Appraisal (总体观光体验评价)
nice,nice,1794,美好的 / 良好的,Direct NRC Included (N=358),Class 2 Colloquial Superlative,1.8,5. Overall Tourism Experience Appraisal (总体观光体验评价)
fun,fun,1729,乐趣十足的 / 充满乐趣的,Direct NRC Included (N=358),Joy (喜悦),2.3,3. Flight Riding & Aircraft Feeling (飞行体感与机型)
spectacular,spectacular,1616,壮观震撼的（高空景观）,Direct NRC Included (N=358),Surprise (惊喜),0.0,1. Aerial Scenery & Nature Views (高空自然景观)
incredible,incredible,1612,难以置信震撼的,Direct NRC Included (N=358),Class 2 Colloquial Superlative,0.0,5. Overall Tourism Experience Appraisal (总体观光体验评价)
better,better,1585,更好的 / 更满意的（超过预期）,Direct NRC Included (N=358),Class 2 Colloquial Superlative,1.9,5. Overall Tourism Experience Appraisal (总体观光体验评价)
perfect,perfect,1474,完美的 / 无瑕的,Direct NRC Included (N=358),Joy (喜悦),2.7,5. Overall Tourism Experience Appraisal (总体观光体验评价)
loved,loved,1473,喜爱 / 热爱（体验）,Direct NRC Included (N=358),Class 2 Colloquial Superlative,2.9,3. Flight Riding & Aircraft Feeling (飞行体感与机型)
comfortable,comfortable,1446,舒适的 / 安心的,Direct NRC Included (N=358),Class 2 Colloquial Superlative,2.3,3. Flight Riding & Aircraft Feeling (飞行体感与机型)
breathtaking,breathtaking,1346,令人屏息震撼的,Direct NRC Included (N=358),Class 3 Low-Altitude Domain Lexicon (N=17),2.0,1. Aerial Scenery & Nature Views (高空自然景观)
helpful,helpful,1157,热心有帮助的 / 周到解说,Direct NRC Included (N=358),Joy (喜悦),1.8,"2. Pilot, Crew & Guide Service (飞行员与解说服务)"
glad,glad,897,感到高兴放心的,Direct NRC Included (N=358),Joy (喜悦),2.0,5. Overall Tourism Experience Appraisal (总体观光体验评价)
interesting,interesting,886,引人入胜的 / 趣味盎然的,Direct NRC Included (N=358),Positive Polarity Only (仅正向),1.7,5. Overall Tourism Experience Appraisal (总体观光体验评价)
cool,cool,652,酷的 / 爽快的,Direct NRC Included (N=358),Positive Polarity Only (仅正向),1.3,3. Flight Riding & Aircraft Feeling (飞行体感与机型)
special,special,631,特别的 / 珍贵的,Direct NRC Included (N=358),Joy (喜悦),1.7,5. Overall Tourism Experience Appraisal (总体观光体验评价)
lucky,lucky,607,感到幸运的,Direct NRC Included (N=358),Joy (喜悦),1.8,5. Overall Tourism Experience Appraisal (总体观光体验评价)
kind,kind,587,亲切的 / 友善的,Direct NRC Included (N=358),Joy (喜悦),2.4,"2. Pilot, Crew & Guide Service (飞行员与解说服务)"
memorable,memorable,580,令人终生难忘的,Direct NRC Included (N=358),Joy (喜悦),0.0,5. Overall Tourism Experience Appraisal (总体观光体验评价)
happy,happy,555,高兴的 / 快乐的,Direct NRC Included (N=358),Joy (喜悦),2.7,5. Overall Tourism Experience Appraisal (总体观光体验评价)
stunning,stunning,552,令人目眩震撼的,Direct NRC Included (N=358),Class 3 Low-Altitude Domain Lexicon (N=17),1.6,1. Aerial Scenery & Nature Views (高空自然景观)
nervous,nervous,513,紧张的 / 焦虑不安的,Direct NRC Included (N=358),Fear (恐惧),-1.1,3. Flight Riding & Aircraft Feeling (飞行体感与机型)
fabulous,fabulous,508,绝妙的 / 极好的,Direct NRC Included (N=358),Class 2 Colloquial Superlative,2.4,5. Overall Tourism Experience Appraisal (总体观光体验评价)
disappointed,disappointed,488,感到失望的 / 遗憾的,Direct NRC Included (N=358),Sadness (悲伤),-2.1,"4. Booking, Price & Value (行程预订与性价比)"
outstanding,outstanding,462,杰出出色的,Direct NRC Included (N=358),Joy (喜悦),3.0,5. Overall Tourism Experience Appraisal (总体观光体验评价)
enjoyable,enjoyable,460,令人愉快的 / 趣味盎然的,Direct NRC Included (N=358),Class 2 Colloquial Superlative,1.9,5. Overall Tourism Experience Appraisal (总体观光体验评价)
unforgettable,unforgettable,459,令人难忘的 / 铭心的,Direct NRC Included (N=358),Class 2 Colloquial Superlative,0.0,5. Overall Tourism Experience Appraisal (总体观光体验评价)
love,love,450,喜爱 / 极度热爱的,Direct NRC Included (N=358),Joy (喜悦),3.2,5. Overall Tourism Experience Appraisal (总体观光体验评价)
unique,unique,435,独一无二的 / 独特的,Direct NRC Included (N=358),Surprise (惊喜),0.0,5. Overall Tourism Experience Appraisal (总体观光体验评价)
gorgeous,gorgeous,414,极其漂亮的 / 绚丽的,Direct NRC Included (N=358),Joy (喜悦),3.0,1. Aerial Scenery & Nature Views (高空自然景观)
scenic,scenic,400,风景优美的 / 宜人的,Direct NRC Included (N=358),Class 3 Low-Altitude Domain Lexicon (N=17),0.0,1. Aerial Scenery & Nature Views (高空自然景观)
bad,bad,373,糟糕的 / 坏的,Direct NRC Included (N=358),Fear (恐惧),-2.5,5. Overall Tourism Experience Appraisal (总体观光体验评价)
exciting,exciting,324,令人兴奋刺激的,Direct NRC Included (N=358),Joy (喜悦),2.2,3. Flight Riding & Aircraft Feeling (飞行体感与机型)
incredibly,incredibly,315,难以置信地 / 极其,Direct NRC Included (N=358),Class 2 Colloquial Superlative,0.0,5. Overall Tourism Experience Appraisal (总体观光体验评价)
pleasant,pleasant,306,令人愉快的 / 宜人的,Direct NRC Included (N=358),Joy (喜悦),2.3,5. Overall Tourism Experience Appraisal (总体观光体验评价)
awe,awe,304,敬畏 / 震撼,Direct NRC Included (N=358),Class 3 Low-Altitude Domain Lexicon (N=17),0.0,1. Aerial Scenery & Nature Views (高空自然景观)
unbelievable,unbelievable,302,难以置信的 / 震撼的,Direct NRC Included (N=358),Negative Polarity Only (仅负向),0.8,5. Overall Tourism Experience Appraisal (总体观光体验评价)
funny,funny,301,幽默风趣的,Direct NRC Included (N=358),Class 2 Colloquial Superlative,1.9,5. Overall Tourism Experience Appraisal (总体观光体验评价)
plenty,plenty,298,丰富的 / 充足的,Direct NRC Included (N=358),Class 2 Colloquial Superlative,0.0,5. Overall Tourism Experience Appraisal (总体观光体验评价)
hard,hard,297,困难的 / 艰辛的,Direct NRC Included (N=358),Class 2 Colloquial Superlative,-0.4,5. Overall Tourism Experience Appraisal (总体观光体验评价)
regret,regret,293,遗憾 / 后悔,Direct NRC Included (N=358),Sadness (悲伤),-1.8,5. Overall Tourism Experience Appraisal (总体观光体验评价)
magnificent,magnificent,282,壮丽的 / 宏伟震撼的（Awe）,Direct NRC Included (N=358),Joy (喜悦),2.9,1. Aerial Scenery & Nature Views (高空自然景观)
exceptional,exceptional,276,卓越的 / 杰出的（顶级评价）,Direct NRC Included (N=358),Class 2 Colloquial Superlative,0.0,5. Overall Tourism Experience Appraisal (总体观光体验评价)
sick,sick,274,晕机的 / 身体不适的,Direct NRC Included (N=358),Sadness (悲伤),-2.3,3. Flight Riding & Aircraft Feeling (飞行体感与机型)
lovely,lovely,266,令人愉悦的 / 可爱的,Direct NRC Included (N=358),Joy (喜悦),2.8,5. Overall Tourism Experience Appraisal (总体观光体验评价)
terrific,terrific,260,极好的 / 太棒了,Direct NRC Included (N=358),Sadness (悲伤),2.1,5. Overall Tourism Experience Appraisal (总体观光体验评价)
calm,calm,259,镇定 / 平息情绪的,Direct NRC Included (N=358),Positive Polarity Only (仅正向),1.3,5. Overall Tourism Experience Appraisal (总体观光体验评价)
impressed,impressed,255,感到深深被折服/留下深刻印象,Direct NRC Included (N=358),Class 2 Colloquial Superlative,2.1,5. Overall Tourism Experience Appraisal (总体观光体验评价)
unfortunately,unfortunately,240,不幸的是 / 遗憾的是,Direct NRC Included (N=358),Class 2 Colloquial Superlative,-1.4,5. Overall Tourism Experience Appraisal (总体观光体验评价)
fortunate,fortunate,235,幸运的 / 幸运地,Direct NRC Included (N=358),Positive Polarity Only (仅正向),1.9,5. Overall Tourism Experience Appraisal (总体观光体验评价)
efficient,efficient,215,高效省心的,Direct NRC Included (N=358),Trust (信任),1.8,5. Overall Tourism Experience Appraisal (总体观光体验评价)
welcome,welcome,212,受欢迎的 / 感受温暖的,Direct NRC Included (N=358),Class 2 Colloquial Superlative,2.0,5. Overall Tourism Experience Appraisal (总体观光体验评价)
entertaining,entertaining,210,引人入胜生动有趣的,Direct NRC Included (N=358),Joy (喜悦),1.9,5. Overall Tourism Experience Appraisal (总体观光体验评价)
inspiring,inspiring,210,令人启发震慑的,Direct NRC Included (N=358),Class 2 Colloquial Superlative,1.8,5. Overall Tourism Experience Appraisal (总体观光体验评价)
cheaper,cheaper,208,更实惠的 / 较便宜的,Direct NRC Included (N=358),Class 2 Colloquial Superlative,0.0,5. Overall Tourism Experience Appraisal (总体观光体验评价)
phenomenal,phenomenal,200,现象级震撼的,Direct NRC Included (N=358),Class 2 Colloquial Superlative,0.0,5. Overall Tourism Experience Appraisal (总体观光体验评价)
superb,superb,196,极好精湛的,Direct NRC Included (N=358),Positive Polarity Only (仅正向),3.1,5. Overall Tourism Experience Appraisal (总体观光体验评价)
surprised,surprised,196,感到惊喜惊讶的,Direct NRC Included (N=358),Surprise (惊喜),0.9,5. Overall Tourism Experience Appraisal (总体观光体验评价)
surprise,surprise,195,惊喜 / 意料之外的喜悦,Direct NRC Included (N=358),Joy (喜悦),1.1,5. Overall Tourism Experience Appraisal (总体观光体验评价)
fine,fine,190,良好的 / 优秀的,Direct NRC Included (N=358),Class 2 Colloquial Superlative,0.8,5. Overall Tourism Experience Appraisal (总体观光体验评价)
brilliant,brilliant,184,璀璨的 / 出色的,Direct NRC Included (N=358),Joy (喜悦),2.8,5. Overall Tourism Experience Appraisal (总体观光体验评价)
forward,forward,183,期待（look forward）,Direct NRC Included (N=358),Positive Polarity Only (仅正向),0.0,5. Overall Tourism Experience Appraisal (总体观光体验评价)
reasonable,reasonable,179,合理的 / 公道的,Direct NRC Included (N=358),Class 2 Colloquial Superlative,0.0,"4. Booking, Price & Value (行程预订与性价比)"
ready,ready,171,准备就绪的 / 心安的,Direct NRC Included (N=358),Anticipation (期待),1.5,5. Overall Tourism Experience Appraisal (总体观光体验评价)
excited,excited,167,兴奋的 / 激动的,Direct NRC Included (N=358),Joy (喜悦),1.4,5. Overall Tourism Experience Appraisal (总体观光体验评价)
majestic,majestic,165,雄伟的 / 壮丽的,Direct NRC Included (N=358),Joy (喜悦),0.0,5. Overall Tourism Experience Appraisal (总体观光体验评价)
competent,competent,163,称职的 / 有能力的,Direct NRC Included (N=358),Trust (信任),1.3,5. Overall Tourism Experience Appraisal (总体观光体验评价)
quiet,quiet,161,宁静的 / 幽雅安静的,Direct NRC Included (N=358),Sadness (悲伤),0.0,5. Overall Tourism Experience Appraisal (总体观光体验评价)
relaxed,relaxed,159,放松的 / 从容的,Direct NRC Included (N=358),Class 2 Colloquial Superlative,2.2,5. Overall Tourism Experience Appraisal (总体观光体验评价)
hope,hope,159,希望 / 期盼,Direct NRC Included (N=358),Joy (喜悦),1.9,5. Overall Tourism Experience Appraisal (总体观光体验评价)
concerned,concern,155,感到担心的,Direct NRC Included (N=358),Fear (恐惧),0.0,5. Overall Tourism Experience Appraisal (总体观光体验评价)
perfectly,perfectly,155,完美地 / 无可挑剔地,Direct NRC Included (N=358),Class 2 Colloquial Superlative,3.2,5. Overall Tourism Experience Appraisal (总体观光体验评价)
interested,interested,153,感兴趣的 / 充满好奇的,Direct NRC Included (N=358),Sadness (悲伤),1.7,5. Overall Tourism Experience Appraisal (总体观光体验评价)
pleasure,pleasure,153,乐趣 / 愉悦,Direct NRC Included (N=358),Class 2 Colloquial Superlative,2.7,5. Overall Tourism Experience Appraisal (总体观光体验评价)
magical,magical,152,神奇的 / 魔幻般的,Direct NRC Included (N=358),Joy (喜悦),0.0,5. Overall Tourism Experience Appraisal (总体观光体验评价)
afraid,afraid,150,害怕的 / 恐惧的,Direct NRC Included (N=358),Fear (恐惧),0.0,3. Flight Riding & Aircraft Feeling (飞行体感与机型)
worried,worried,149,感到担心的,Direct NRC Included (N=358),Sadness (悲伤),-1.2,5. Overall Tourism Experience Appraisal (总体观光体验评价)
scared,scared,144,感到恐惧害怕的,Direct NRC Included (N=358),Class 2 Colloquial Superlative,-1.9,3. Flight Riding & Aircraft Feeling (飞行体感与机型)
smoother,smoother,143,更平稳的 / 更顺畅的,Direct NRC Included (N=358),Class 2 Colloquial Superlative,0.0,5. Overall Tourism Experience Appraisal (总体观光体验评价)
fully,fully,143,完全地 / 充分地,Direct NRC Included (N=358),Trust (信任),0.0,5. Overall Tourism Experience Appraisal (总体观光体验评价)
wrong,wrong,137,出差错的 / 错误的（负面体验）,Direct NRC Included (N=358),Negative Polarity Only (仅负向),-2.1,3. Flight Riding & Aircraft Feeling (飞行体感与机型)
cheap,cheap,134,便宜的 / 廉价的,Direct NRC Included (N=358),Negative Polarity Only (仅负向),0.0,"4. Booking, Price & Value (行程预订与性价比)"
blessed,blessed,133,感到有福的 / 幸运的,Direct NRC Included (N=358),Joy (喜悦),2.9,5. Overall Tourism Experience Appraisal (总体观光体验评价)
pleased,pleased,132,感到满意的,Direct NRC Included (N=358),Joy (喜悦),1.9,5. Overall Tourism Experience Appraisal (总体观光体验评价)
safely,safely,132,安全平稳地,Direct NRC Included (N=358),Class 2 Colloquial Superlative,2.2,5. Overall Tourism Experience Appraisal (总体观光体验评价)
exactly,exactly,130,精准地 / 正是,Direct NRC Included (N=358),Class 2 Colloquial Superlative,0.0,5. Overall Tourism Experience Appraisal (总体观光体验评价)
impressive,impressive,130,令人印象深刻的,Direct NRC Included (N=358),Class 2 Colloquial Superlative,2.3,5. Overall Tourism Experience Appraisal (总体观光体验评价)
thrill,thrill,129,刺激 / 震慑感,Direct NRC Included (N=358),Joy (喜悦),1.5,3. Flight Riding & Aircraft Feeling (飞行体感与机型)
thrilling,thrilling,126,令人惊险刺激酣畅的,Direct NRC Included (N=358),Joy (喜悦),2.1,5. Overall Tourism Experience Appraisal (总体观光体验评价)
humor,humor,125,幽默感,Direct NRC Included (N=358),Class 2 Colloquial Superlative,1.1,5. Overall Tourism Experience Appraisal (总体观光体验评价)
dream,dream,124,梦寐以求的,Direct NRC Included (N=358),Class 2 Colloquial Superlative,1.0,5. Overall Tourism Experience Appraisal (总体观光体验评价)
sorry,sorry,123,感到抱歉遗憾的,Direct NRC Included (N=358),Class 2 Colloquial Superlative,-0.3,5. Overall Tourism Experience Appraisal (总体观光体验评价)
relaxing,relaxing,122,令人放松惬意的,Direct NRC Included (N=358),Class 2 Colloquial Superlative,2.2,5. Overall Tourism Experience Appraisal (总体观光体验评价)
comfort,comfort,121,舒适 / 宽慰安心,Direct NRC Included (N=358),Joy (喜悦),1.5,3. Flight Riding & Aircraft Feeling (飞行体感与机型)
disappoint,disappoint,121,使失望,Direct NRC Included (N=358),Sadness (悲伤),-1.7,"4. Booking, Price & Value (行程预订与性价比)"
wonder,wonder,121,惊奇 / 赞叹,Direct NRC Included (N=358),Class 2 Colloquial Superlative,0.0,5. Overall Tourism Experience Appraisal (总体观光体验评价)
amazed,amazed,120,感到吃惊惊叹的,Direct NRC Included (N=358),Class 2 Colloquial Superlative,2.2,5. Overall Tourism Experience Appraisal (总体观光体验评价)
fear,fear,120,恐惧 / 害怕,Direct NRC Included (N=358),Fear (恐惧),-2.2,3. Flight Riding & Aircraft Feeling (飞行体感与机型)
unable,unable,114,无法的 / 无能为力的,Direct NRC Included (N=358),Sadness (悲伤),0.0,5. Overall Tourism Experience Appraisal (总体观光体验评价)
thrilled,thrilled,113,极度兴奋的,Direct NRC Included (N=358),Class 2 Colloquial Superlative,1.9,3. Flight Riding & Aircraft Feeling (飞行体感与机型)
confidence,confidence,112,信心 / 确信,Direct NRC Included (N=358),Joy (喜悦),2.3,5. Overall Tourism Experience Appraisal (总体观光体验评价)
difficult,difficult,112,困难的 / 令人头疼的,Direct NRC Included (N=358),Fear (恐惧),-1.5,5. Overall Tourism Experience Appraisal (总体观光体验评价)
expert,expert,112,专家级的 / 娴熟的,Direct NRC Included (N=358),Trust (信任),0.0,5. Overall Tourism Experience Appraisal (总体观光体验评价)
honestly,honestly,111,老实说 / 真诚地,Direct NRC Included (N=358),Class 2 Colloquial Superlative,2.0,5. Overall Tourism Experience Appraisal (总体观光体验评价)
confident,confident,109,自信的 / 确信的,Direct NRC Included (N=358),Joy (喜悦),2.2,5. Overall Tourism Experience Appraisal (总体观光体验评价)
willing,willing,108,乐意的 / 愿意的,Direct NRC Included (N=358),Class 2 Colloquial Superlative,0.0,5. Overall Tourism Experience Appraisal (总体观光体验评价)
worry,worry,106,担心 / 忧虑感,Direct NRC Included (N=358),Fear (恐惧),-1.9,5. Overall Tourism Experience Appraisal (总体观光体验评价)
smoothest,smoothest,105,最平稳的,Direct NRC Included (N=358),Class 2 Colloquial Superlative,0.0,5. Overall Tourism Experience Appraisal (总体观光体验评价)
positive,positive,101,积极正面的,Direct NRC Included (N=358),Class 2 Colloquial Superlative,2.6,5. Overall Tourism Experience Appraisal (总体观光体验评价)
surreal,surreal,98,超现实的 / 梦幻般的,Direct NRC Included (N=358),Class 3 Low-Altitude Domain Lexicon (N=17),0.0,1. Aerial Scenery & Nature Views (高空自然景观)
reassuring,reassuring,97,令人安心放心的,Direct NRC Included (N=358),Class 2 Colloquial Superlative,1.7,"2. Pilot, Crew & Guide Service (飞行员与解说服务)"
sweet,sweet,97,甜蜜的 / 甜美的,Direct NRC Included (N=358),Joy (喜悦),2.0,5. Overall Tourism Experience Appraisal (总体观光体验评价)
concern,concern,96,担忧 / 关切（焦虑感）,Direct NRC Included (N=358),Class 2 Colloquial Superlative,0.0,5. Overall Tourism Experience Appraisal (总体观光体验评价)
luckily,luckily,96,幸运地 / 幸亏,Direct NRC Included (N=358),Class 2 Colloquial Superlative,2.3,5. Overall Tourism Experience Appraisal (总体观光体验评价)
poor,poor,95,贫乏的 / 差劲的,Direct NRC Included (N=358),Class 2 Colloquial Superlative,-2.1,5. Overall Tourism Experience Appraisal (总体观光体验评价)
scary,scary,94,令人害怕的 / 吓人的,Direct NRC Included (N=358),Class 2 Colloquial Superlative,-2.2,5. Overall Tourism Experience Appraisal (总体观光体验评价)
enthusiastic,enthusiastic,93,热情的 / 充满激情的,Direct NRC Included (N=358),Class 2 Colloquial Superlative,2.2,5. Overall Tourism Experience Appraisal (总体观光体验评价)
apprehensive,apprehensive,92,忧虑的 / 不安的,Direct NRC Included (N=358),Fear (恐惧),0.0,5. Overall Tourism Experience Appraisal (总体观光体验评价)
exhilarating,exhilarating,90,令人极为兴奋刺激的,Direct NRC Included (N=358),Class 2 Colloquial Superlative,1.7,5. Overall Tourism Experience Appraisal (总体观光体验评价)
honest,honest,88,诚实的 / 坦诚的,Direct NRC Included (N=358),Joy (喜悦),2.3,5. Overall Tourism Experience Appraisal (总体观光体验评价)
lucked,lucky,86,幸运地 (动词变体),Direct NRC Included (N=358),Class 2 Colloquial Superlative,1.9,5. Overall Tourism Experience Appraisal (总体观光体验评价)
inaccessible,inaccessible,86,难以到达的 / 偏远秘境感,Direct NRC Included (N=358),Negative Polarity Only (仅负向),0.0,5. Overall Tourism Experience Appraisal (总体观光体验评价)
rushed,rushed,85,仓促的 / 匆忙的,Direct NRC Included (N=358),Class 2 Colloquial Superlative,0.0,5. Overall Tourism Experience Appraisal (总体观光体验评价)
capable,capable,84,有能力的 / 熟练精湛的,Direct NRC Included (N=358),Class 2 Colloquial Superlative,1.6,5. Overall Tourism Experience Appraisal (总体观光体验评价)
prone,prone,84,易患（晕机）的,Direct NRC Included (N=358),Class 2 Colloquial Superlative,0.0,3. Flight Riding & Aircraft Feeling (飞行体感与机型)
simple,simple,84,简单明了的 / 省心的,Direct NRC Included (N=358),Class 2 Colloquial Superlative,0.0,5. Overall Tourism Experience Appraisal (总体观光体验评价)
wonders,wonder,83,惊奇 / 奇观,Direct NRC Included (N=358),Class 2 Colloquial Superlative,0.0,5. Overall Tourism Experience Appraisal (总体观光体验评价)
fascinating,fascinating,83,令人入迷极具吸引力的,Direct NRC Included (N=358),Positive Polarity Only (仅正向),2.5,5. Overall Tourism Experience Appraisal (总体观光体验评价)
grateful,grateful,80,感激的 / 感恩的,Direct NRC Included (N=358),Positive Polarity Only (仅正向),2.0,5. Overall Tourism Experience Appraisal (总体观光体验评价)
delightful,delightful,80,令人欢欣的,Direct NRC Included (N=358),Joy (喜悦),2.8,5. Overall Tourism Experience Appraisal (总体观光体验评价)
advantage,advantage,78,优势 / 极佳点,Direct NRC Included (N=358),Positive Polarity Only (仅正向),1.0,5. Overall Tourism Experience Appraisal (总体观光体验评价)
assured,assured,78,安抚 / 确信,Direct NRC Included (N=358),Trust (信任),1.5,5. Overall Tourism Experience Appraisal (总体观光体验评价)
pride,pride,77,自豪 / 骄傲,Direct NRC Included (N=358),Joy (喜悦),1.4,5. Overall Tourism Experience Appraisal (总体观光体验评价)
safer,safer,77,更安全的 / 更安心的,Direct NRC Included (N=358),Class 2 Colloquial Superlative,1.8,5. Overall Tourism Experience Appraisal (总体观光体验评价)
famous,famous,77,著名的 / 享誉的,Direct NRC Included (N=358),Positive Polarity Only (仅正向),0.0,5. Overall Tourism Experience Appraisal (总体观光体验评价)
neat,neat,76,整洁的 / 干练的,Direct NRC Included (N=358),Class 2 Colloquial Superlative,2.0,5. Overall Tourism Experience Appraisal (总体观光体验评价)
worthwhile,worthwhile,75,值得的 / 划算的,Direct NRC Included (N=358),Class 2 Colloquial Superlative,1.4,"4. Booking, Price & Value (行程预订与性价比)"
coolest,coolest,75,最酷爽震撼的,Direct NRC Included (N=358),Class 2 Colloquial Superlative,0.0,5. Overall Tourism Experience Appraisal (总体观光体验评价)
stable,stable,75,平稳安心的,Direct NRC Included (N=358),Trust (信任),1.2,5. Overall Tourism Experience Appraisal (总体观光体验评价)
promptly,promptly,74,及时迅速地,Direct NRC Included (N=358),Class 2 Colloquial Superlative,0.0,5. Overall Tourism Experience Appraisal (总体观光体验评价)
concerns,concerns,73,担忧 / 关切,Direct NRC Included (N=358),Class 2 Colloquial Superlative,0.0,5. Overall Tourism Experience Appraisal (总体观光体验评价)
greatest,greatest,73,最伟大的 / 极佳的,Direct NRC Included (N=358),Class 2 Colloquial Superlative,3.2,5. Overall Tourism Experience Appraisal (总体观光体验评价)
ideal,ideal,72,理想的 / 完美的,Direct NRC Included (N=358),Class 2 Colloquial Superlative,2.4,5. Overall Tourism Experience Appraisal (总体观光体验评价)
peaceful,peaceful,72,平和宁静的,Direct NRC Included (N=358),Joy (喜悦),2.2,5. Overall Tourism Experience Appraisal (总体观光体验评价)
understanding,understanding,70,体谅的 / 理解的,Direct NRC Included (N=358),Trust (信任),0.0,5. Overall Tourism Experience Appraisal (总体观光体验评价)
impossible,impossible,65,不可能的 / 难以置信的,Direct NRC Included (N=358),Sadness (悲伤),0.0,5. Overall Tourism Experience Appraisal (总体观光体验评价)
tremendous,tremendous,64,震撼巨大的,Direct NRC Included (N=358),Class 2 Colloquial Superlative,0.0,5. Overall Tourism Experience Appraisal (总体观光体验评价)
passion,passion,64,热情 / 激情,Direct NRC Included (N=358),Joy (喜悦),2.0,5. Overall Tourism Experience Appraisal (总体观光体验评价)
fears,fears,64,恐惧 / 忧虑,Direct NRC Included (N=358),Class 2 Colloquial Superlative,-1.8,3. Flight Riding & Aircraft Feeling (飞行体感与机型)
conscious,conscious,63,有意识的 / 讲究的,Direct NRC Included (N=358),Class 2 Colloquial Superlative,0.0,5. Overall Tourism Experience Appraisal (总体观光体验评价)
pristine,pristine,62,原始纯净的,Direct NRC Included (N=358),Positive Polarity Only (仅正向),0.0,1. Aerial Scenery & Nature Views (高空自然景观)
dramatic,dramatic,61,戏剧性的 / 震撼的,Direct NRC Included (N=358),Class 2 Colloquial Superlative,0.0,5. Overall Tourism Experience Appraisal (总体观光体验评价)
extraordinary,extraordinary,61,非凡的 / 卓越的,Direct NRC Included (N=358),Positive Polarity Only (仅正向),0.0,5. Overall Tourism Experience Appraisal (总体观光体验评价)
gracious,gracious,61,亲切和蔼的,Direct NRC Included (N=358),Positive Polarity Only (仅正向),2.6,5. Overall Tourism Experience Appraisal (总体观光体验评价)
moving,moving,61,令人动容感人的,Direct NRC Included (N=358),Class 2 Colloquial Superlative,0.0,5. Overall Tourism Experience Appraisal (总体观光体验评价)
passionate,passionate,61,充满激情的,Direct NRC Included (N=358),Joy (喜悦),2.4,5. Overall Tourism Experience Appraisal (总体观光体验评价)
considerate,considerate,60,体贴周到的,Direct NRC Included (N=358),Trust (信任),1.9,"2. Pilot, Crew & Guide Service (飞行员与解说服务)"
joy,joy,60,喜悦 / 快乐,Direct NRC Included (N=358),Joy (喜悦),2.8,5. Overall Tourism Experience Appraisal (总体观光体验评价)
entertained,entertained,60,感到深受愉悦娱乐的,Direct NRC Included (N=358),Joy (喜悦),1.7,5. Overall Tourism Experience Appraisal (总体观光体验评价)
complimentary,complimentary,59,赞赏的 / 赠送贴心的,Direct NRC Included (N=358),Class 2 Colloquial Superlative,1.9,5. Overall Tourism Experience Appraisal (总体观光体验评价)
convenient,convenient,59,便捷省心的,Direct NRC Included (N=358),Positive Polarity Only (仅正向),0.0,5. Overall Tourism Experience Appraisal (总体观光体验评价)
excitement,excitement,59,兴奋 / 激动情绪,Direct NRC Included (N=358),Joy (喜悦),2.2,5. Overall Tourism Experience Appraisal (总体观光体验评价)
intimate,intimate,59,温馨亲切的,Direct NRC Included (N=358),Joy (喜悦),0.0,5. Overall Tourism Experience Appraisal (总体观光体验评价)
nerves,nerves,59,紧张感 / 不安神经,Direct NRC Included (N=358),Class 2 Colloquial Superlative,-0.4,3. Flight Riding & Aircraft Feeling (飞行体感与机型)
unreal,unreal,59,如梦似幻的 / 震撼的,Direct NRC Included (N=358),Class 2 Colloquial Superlative,0.0,5. Overall Tourism Experience Appraisal (总体观光体验评价)
disappointing,disappointing,58,令人失望的,Direct NRC Included (N=358),Sadness (悲伤),-2.2,"4. Booking, Price & Value (行程预订与性价比)"
fortunately,fortunately,58,幸运的是,Direct NRC Included (N=358),Class 2 Colloquial Superlative,0.0,5. Overall Tourism Experience Appraisal (总体观光体验评价)
flawless,flawless,58,无瑕的 / 完美的,Direct NRC Included (N=358),Class 2 Colloquial Superlative,2.3,5. Overall Tourism Experience Appraisal (总体观光体验评价)
lush,lush,57,郁郁葱葱宜人的,Direct NRC Included (N=358),Sadness (悲伤),0.0,5. Overall Tourism Experience Appraisal (总体观光体验评价)
negative,negative,57,负面体验 / 消极评价,Direct NRC Included (N=358),Sadness (悲伤),-2.7,3. Flight Riding & Aircraft Feeling (飞行体感与机型)
thankful,thankful,57,感激的 / 感恩的,Direct NRC Included (N=358),Joy (喜悦),2.7,5. Overall Tourism Experience Appraisal (总体观光体验评价)
thoughtful,thoughtful,57,贴心周到的,Direct NRC Included (N=358),Trust (信任),1.6,"2. Pilot, Crew & Guide Service (飞行员与解说服务)"
glorious,glorious,56,壮丽辉煌的,Direct NRC Included (N=358),Class 2 Colloquial Superlative,3.2,5. Overall Tourism Experience Appraisal (总体观光体验评价)
uncomfortable,uncomfortable,56,感到不适的 / 不安的,Direct NRC Included (N=358),Negative Polarity Only (仅负向),-1.6,3. Flight Riding & Aircraft Feeling (飞行体感与机型)
fair,fair,55,公道的 / 划算的,Direct NRC Included (N=358),Positive Polarity Only (仅正向),1.3,5. Overall Tourism Experience Appraisal (总体观光体验评价)
noisy,noisy,55,喧闹吵杂的,Direct NRC Included (N=358),Anger (愤怒),-0.7,5. Overall Tourism Experience Appraisal (总体观光体验评价)
remarkable,remarkable,54,卓越令人瞩目的,Direct NRC Included (N=358),Joy (喜悦),2.6,5. Overall Tourism Experience Appraisal (总体观光体验评价)
genuine,genuine,54,真诚的 / 地道的,Direct NRC Included (N=358),Trust (信任),0.0,5. Overall Tourism Experience Appraisal (总体观光体验评价)
cherish,cherish,54,珍视 / 珍惜铭记,Direct NRC Included (N=358),Joy (喜悦),1.6,5. Overall Tourism Experience Appraisal (总体观光体验评价)
caring,caring,53,体贴入微关怀的,Direct NRC Included (N=358),Class 2 Colloquial Superlative,2.2,5. Overall Tourism Experience Appraisal (总体观光体验评价)
trouble,trouble,52,麻烦 / 困扰,Direct NRC Included (N=358),Class 2 Colloquial Superlative,-1.7,5. Overall Tourism Experience Appraisal (总体观光体验评价)
strong,strong,52,强烈的,Direct NRC Included (N=358),Class 2 Colloquial Superlative,2.3,5. Overall Tourism Experience Appraisal (总体观光体验评价)
gentle,gentle,52,平稳柔和的,Direct NRC Included (N=358),Class 2 Colloquial Superlative,1.9,5. Overall Tourism Experience Appraisal (总体观光体验评价)
enthusiasm,enthusiasm,52,热情 / 积极性,Direct NRC Included (N=358),Joy (喜悦),1.9,5. Overall Tourism Experience Appraisal (总体观光体验评价)
appreciation,appreciation,52,感激 / 欣赏,Direct NRC Included (N=358),Joy (喜悦),2.3,5. Overall Tourism Experience Appraisal (总体观光体验评价)
disappointment,disappointment,51,失望 / 遗憾失落情绪,Direct NRC Included (N=358),Sadness (悲伤),-2.3,"4. Booking, Price & Value (行程预订与性价比)"
nicer,nicer,51,更美好/更亲切的,Direct NRC Included (N=358),Class 2 Colloquial Superlative,1.9,5. Overall Tourism Experience Appraisal (总体观光体验评价)
hoping,hoping,50,期盼 / 希望,Direct NRC Included (N=358),Class 2 Colloquial Superlative,1.8,5. Overall Tourism Experience Appraisal (总体观光体验评价)
happier,happier,50,更快乐的 / 更满意的,Direct NRC Included (N=358),Class 2 Colloquial Superlative,2.4,5. Overall Tourism Experience Appraisal (总体观光体验评价)
queasy,queasy,49,恶心反胃的,Direct NRC Included (N=358),Class 2 Colloquial Superlative,0.0,5. Overall Tourism Experience Appraisal (总体观光体验评价)
seamless,seamless,49,流畅无缝无摩擦的,Direct NRC Included (N=358),Class 2 Colloquial Superlative,0.0,"4. Booking, Price & Value (行程预订与性价比)"
satisfied,satisfied,49,感到满意的,Direct NRC Included (N=358),Joy (喜悦),1.8,5. Overall Tourism Experience Appraisal (总体观光体验评价)
delight,delight,48,欣喜 / 愉快,Direct NRC Included (N=358),Joy (喜悦),2.9,5. Overall Tourism Experience Appraisal (总体观光体验评价)
genuinely,genuinely,48,真诚地 / 确实,Direct NRC Included (N=358),Class 2 Colloquial Superlative,0.0,5. Overall Tourism Experience Appraisal (总体观光体验评价)
steady,steady,48,平稳的 / 稳健的,Direct NRC Included (N=358),Trust (信任),0.0,5. Overall Tourism Experience Appraisal (总体观光体验评价)
unexpected,unexpected,46,意想不到的惊喜,Direct NRC Included (N=358),Joy (喜悦),0.0,5. Overall Tourism Experience Appraisal (总体观光体验评价)
sensitive,sensitive,46,敏感的,Direct NRC Included (N=358),Class 2 Colloquial Superlative,0.0,5. Overall Tourism Experience Appraisal (总体观光体验评价)
easier,easier,46,更容易的 / 更省心的,Direct NRC Included (N=358),Class 2 Colloquial Superlative,1.8,5. Overall Tourism Experience Appraisal (总体观光体验评价)
warmly,warmly,46,温暖地 / 热情地,Direct NRC Included (N=358),Class 2 Colloquial Superlative,1.7,5. Overall Tourism Experience Appraisal (总体观光体验评价)
terrible,terrible,46,可怕的 / 糟糕的,Direct NRC Included (N=358),Fear (恐惧),-2.1,"4. Booking, Price & Value (行程预订与性价比)"
decent,decent,45,尚可的 / 体面的,Direct NRC Included (N=358),Positive Polarity Only (仅正向),0.0,5. Overall Tourism Experience Appraisal (总体观光体验评价)
friendliness,friendliness,45,友善 / 亲和力,Direct NRC Included (N=358),Joy (喜悦),2.0,5. Overall Tourism Experience Appraisal (总体观光体验评价)
loud,loud,45,吵闹的 / 噪音大的,Direct NRC Included (N=358),Class 2 Colloquial Superlative,0.0,5. Overall Tourism Experience Appraisal (总体观光体验评价)
relax,relax,45,放松 / 放轻松,Direct NRC Included (N=358),Class 2 Colloquial Superlative,1.9,5. Overall Tourism Experience Appraisal (总体观光体验评价)
terrified,terrified,45,极度惊恐的,Direct NRC Included (N=358),Class 2 Colloquial Superlative,-3.0,3. Flight Riding & Aircraft Feeling (飞行体感与机型)
happily,happily,44,快乐地 / 欣然,Direct NRC Included (N=358),Joy (喜悦),2.6,5. Overall Tourism Experience Appraisal (总体观光体验评价)
quieter,quieter,44,更安静宁静的,Direct NRC Included (N=358),Class 2 Colloquial Superlative,0.0,5. Overall Tourism Experience Appraisal (总体观光体验评价)
encouraged,encouraged,44,深受鼓舞的,Direct NRC Included (N=358),Class 2 Colloquial Superlative,1.5,5. Overall Tourism Experience Appraisal (总体观光体验评价)
beautifully,beautifully,43,优美地 / 出色地,Direct NRC Included (N=358),Class 2 Colloquial Superlative,2.7,5. Overall Tourism Experience Appraisal (总体观光体验评价)
calming,calming,42,令人平息平稳安心的（Calmness State）,Direct NRC Included (N=358),Class 2 Colloquial Superlative,1.7,5. Overall Tourism Experience Appraisal (总体观光体验评价)
adventurous,adventurous,41,充满冒险刺激感的,Direct NRC Included (N=358),Positive Polarity Only (仅正向),1.4,5. Overall Tourism Experience Appraisal (总体观光体验评价)
charming,charming,40,迷人讨喜的,Direct NRC Included (N=358),Positive Polarity Only (仅正向),2.8,5. Overall Tourism Experience Appraisal (总体观光体验评价)
responsive,responsive,40,积极回应的 / 贴心的,Direct NRC Included (N=358),Trust (信任),1.5,5. Overall Tourism Experience Appraisal (总体观光体验评价)
touched,touched,40,深受感动的,Direct NRC Included (N=358),Negative Polarity Only (仅负向),0.0,5. Overall Tourism Experience Appraisal (总体观光体验评价)
handle,handle,39,善于处理 / 掌控感,Direct NRC Included (N=358),Class 2 Colloquial Superlative,0.0,5. Overall Tourism Experience Appraisal (总体观光体验评价)
enjoyment,enjoyment,39,乐趣 / 享受,Direct NRC Included (N=358),Class 2 Colloquial Superlative,2.6,5. Overall Tourism Experience Appraisal (总体观光体验评价)
nicest,nicest,39,最美好的 / 最亲切的,Direct NRC Included (N=358),Class 2 Colloquial Superlative,2.2,5. Overall Tourism Experience Appraisal (总体观光体验评价)
worst,worst,39,最糟糕的,Direct NRC Included (N=358),Class 2 Colloquial Superlative,-3.1,"4. Booking, Price & Value (行程预订与性价比)"
unsafe,unsafe,39,感觉不安全的 / 担惊受怕的,Direct NRC Included (N=358),Fear (恐惧),0.0,5. Overall Tourism Experience Appraisal (总体观光体验评价)
greater,greater,38,更宏大震撼的,Direct NRC Included (N=358),Positive Polarity Only (仅正向),1.5,5. Overall Tourism Experience Appraisal (总体观光体验评价)
hospitable,hospitable,38,殷勤好客的,Direct NRC Included (N=358),Class 2 Colloquial Superlative,0.0,5. Overall Tourism Experience Appraisal (总体观光体验评价)
pleasantly,pleasantly,38,令人愉快地,Direct NRC Included (N=358),Class 2 Colloquial Superlative,2.1,5. Overall Tourism Experience Appraisal (总体观光体验评价)
stress,stress,38,压力 / 紧张感,Direct NRC Included (N=358),Negative Polarity Only (仅负向),-1.8,3. Flight Riding & Aircraft Feeling (飞行体感与机型)
wonderfully,wonderfully,38,极其出色绝妙地,Direct NRC Included (N=358),Joy (喜悦),2.9,5. Overall Tourism Experience Appraisal (总体观光体验评价)
worries,worry,38,担忧 / 挂虑,Direct NRC Included (N=358),Class 2 Colloquial Superlative,-1.8,5. Overall Tourism Experience Appraisal (总体观光体验评价)
hopefully,hopefully,37,怀着希望地,Direct NRC Included (N=358),Class 2 Colloquial Superlative,1.7,5. Overall Tourism Experience Appraisal (总体观光体验评价)
nicely,nicely,37,很好地 / 优雅地,Direct NRC Included (N=358),Class 2 Colloquial Superlative,1.9,5. Overall Tourism Experience Appraisal (总体观光体验评价)
cared,cared,37,得到无微不至关怀的,Direct NRC Included (N=358),Class 2 Colloquial Superlative,1.8,5. Overall Tourism Experience Appraisal (总体观光体验评价)
delicious,delicious,37,美味愉悦的,Direct NRC Included (N=358),Joy (喜悦),2.7,5. Overall Tourism Experience Appraisal (总体观光体验评价)
reliable,reliable,36,可靠的 / 可信赖的,Direct NRC Included (N=358),Trust (信任),0.0,5. Overall Tourism Experience Appraisal (总体观光体验评价)
marvelous,marvelous,36,绝妙的 / 令人惊叹的,Direct NRC Included (N=358),Joy (喜悦),2.9,5. Overall Tourism Experience Appraisal (总体观光体验评价)
nauseous,nauseous,36,恶心晕车的,Direct NRC Included (N=358),Sadness (悲伤),0.0,5. Overall Tourism Experience Appraisal (总体观光体验评价)
humour,humour,35,幽默感,Direct NRC Included (N=358),Class 2 Colloquial Superlative,2.1,5. Overall Tourism Experience Appraisal (总体观光体验评价)
superior,superior,35,优越顶尖的,Direct NRC Included (N=358),Positive Polarity Only (仅正向),2.5,5. Overall Tourism Experience Appraisal (总体观光体验评价)
picturesque,picturesque,35,风景如画的,Direct NRC Included (N=358),Joy (喜悦),1.6,1. Aerial Scenery & Nature Views (高空自然景观)
surprisingly,surprisingly,35,出乎意料赞叹地,Direct NRC Included (N=358),Surprise (惊喜),1.2,5. Overall Tourism Experience Appraisal (总体观光体验评价)
humorous,humorous,35,幽默风趣的,Direct NRC Included (N=358),Joy (喜悦),1.6,5. Overall Tourism Experience Appraisal (总体观光体验评价)
bother,bother,35,打扰 / 烦扰,Direct NRC Included (N=358),Negative Polarity Only (仅负向),-1.4,5. Overall Tourism Experience Appraisal (总体观光体验评价)
anxious,anxious,35,焦虑不安的 / 挂虑的,Direct NRC Included (N=358),Fear (恐惧),-1.0,3. Flight Riding & Aircraft Feeling (飞行体感与机型)
anxiety,anxiety,34,焦虑 / 不安,Direct NRC Included (N=358),Fear (恐惧),-0.7,5. Overall Tourism Experience Appraisal (总体观光体验评价)
generous,generous,34,大方的 / 慷慨的,Direct NRC Included (N=358),Joy (喜悦),2.3,5. Overall Tourism Experience Appraisal (总体观光体验评价)
romantic,romantic,34,浪漫惬意的,Direct NRC Included (N=358),Joy (喜悦),1.7,5. Overall Tourism Experience Appraisal (总体观光体验评价)
sadly,sadly,34,令人遗憾地 / 悲伤地,Direct NRC Included (N=358),Sadness (悲伤),-1.8,5. Overall Tourism Experience Appraisal (总体观光体验评价)
worse,worse,34,更糟糕的,Direct NRC Included (N=358),Fear (恐惧),-2.1,5. Overall Tourism Experience Appraisal (总体观光体验评价)
hassle,hassle,33,麻烦 / 烦心事,Direct NRC Included (N=358),Class 2 Colloquial Superlative,0.0,5. Overall Tourism Experience Appraisal (总体观光体验评价)
overwhelming,overwhelming,33,铺天盖地震撼的,Direct NRC Included (N=358),Positive Polarity Only (仅正向),0.0,5. Overall Tourism Experience Appraisal (总体观光体验评价)
airsick,airsick,33,晕机的,Direct NRC Included (N=358),Class 3 Low-Altitude Domain Lexicon (N=17),0.0,3. Flight Riding & Aircraft Feeling (飞行体感与机型)
skillful,skillful,32,技术精湛的,Direct NRC Included (N=358),Trust (信任),0.0,5. Overall Tourism Experience Appraisal (总体观光体验评价)
reassured,reassured,32,感到安心的,Direct NRC Included (N=358),Class 2 Colloquial Superlative,1.7,5. Overall Tourism Experience Appraisal (总体观光体验评价)
turbulent,turbulent,32,颠簸不安的,Direct NRC Included (N=358),Fear (恐惧),0.0,3. Flight Riding & Aircraft Feeling (飞行体感与机型)
upfront,upfront,32,直率透明的,Direct NRC Included (N=358),Class 2 Colloquial Superlative,0.0,5. Overall Tourism Experience Appraisal (总体观光体验评价)
cute,cute,31,可爱宜人的,Direct NRC Included (N=358),Positive Polarity Only (仅正向),2.0,5. Overall Tourism Experience Appraisal (总体观光体验评价)
economical,economical,31,划算实惠的,Direct NRC Included (N=358),Class 2 Colloquial Superlative,0.0,5. Overall Tourism Experience Appraisal (总体观光体验评价)
breathtakingly,breathtakingly,30,令人屏息震撼地（Awe/Amazement Emotion）,Direct NRC Included (N=358),Class 3 Low-Altitude Domain Lexicon (N=17),0.0,1. Aerial Scenery & Nature Views (高空自然景观)
kindly,kindly,30,体贴友善地,Direct NRC Included (N=358),Class 2 Colloquial Superlative,2.2,5. Overall Tourism Experience Appraisal (总体观光体验评价)
stellar,stellar,29,璀璨顶尖级的,Direct NRC Included (N=358),Positive Polarity Only (仅正向),0.0,5. Overall Tourism Experience Appraisal (总体观光体验评价)
pure,pure,29,纯粹的 / 纯净震撼的,Direct NRC Included (N=358),Class 2 Colloquial Superlative,0.0,5. Overall Tourism Experience Appraisal (总体观光体验评价)
interactive,interactive,29,互动性强的,Direct NRC Included (N=358),Class 2 Colloquial Superlative,0.0,5. Overall Tourism Experience Appraisal (总体观光体验评价)
delighted,delighted,29,高高兴兴的,Direct NRC Included (N=358),Joy (喜悦),2.3,5. Overall Tourism Experience Appraisal (总体观光体验评价)
convinced,convinced,29,深信不疑的 / 心服口服,Direct NRC Included (N=358),Trust (信任),1.7,5. Overall Tourism Experience Appraisal (总体观光体验评价)
chatty,chatty,29,健谈热情的,Direct NRC Included (N=358),Negative Polarity Only (仅负向),0.0,5. Overall Tourism Experience Appraisal (总体观光体验评价)
gladly,gladly,29,乐意地 / 高兴地,Direct NRC Included (N=358),Class 2 Colloquial Superlative,1.4,5. Overall Tourism Experience Appraisal (总体观光体验评价)
unbelievably,unbelievably,29,难以置信地,Direct NRC Included (N=358),Class 2 Colloquial Superlative,0.0,5. Overall Tourism Experience Appraisal (总体观光体验评价)
serene,serene,28,宁静祥和的,Direct NRC Included (N=358),Trust (信任),2.0,5. Overall Tourism Experience Appraisal (总体观光体验评价)
boring,boring,28,令人无聊乏味的,Direct NRC Included (N=358),Negative Polarity Only (仅负向),-1.3,5. Overall Tourism Experience Appraisal (总体观光体验评价)
sad,sad,28,悲伤的 / 遗憾痛心的,Direct NRC Included (N=358),Class 2 Colloquial Superlative,-2.1,5. Overall Tourism Experience Appraisal (总体观光体验评价)
splendor,splendor,27,壮丽辉煌的奇观,Direct NRC Included (N=358),Joy (喜悦),3.0,5. Overall Tourism Experience Appraisal (总体观光体验评价)
peace,peace,27,宁静 / 和平,Direct NRC Included (N=358),Joy (喜悦),2.5,5. Overall Tourism Experience Appraisal (总体观光体验评价)
regrets,regrets,27,遗憾 / 后悔,Direct NRC Included (N=358),Class 2 Colloquial Superlative,-1.5,5. Overall Tourism Experience Appraisal (总体观光体验评价)
aside,aside,27,撇开 / 排除,Direct NRC Included (N=358),Class 2 Colloquial Superlative,0.0,5. Overall Tourism Experience Appraisal (总体观光体验评价)
eager,eager,27,热切的 / 渴望的,Direct NRC Included (N=358),Joy (喜悦),1.5,5. Overall Tourism Experience Appraisal (总体观光体验评价)
comforting,comforting,27,令人感到安慰抚慰的,Direct NRC Included (N=358),Class 2 Colloquial Superlative,1.7,5. Overall Tourism Experience Appraisal (总体观光体验评价)
bang,bang,26,物超所值（bang for buck）,Direct NRC Included (N=358),Fear (恐惧),0.0,"4. Booking, Price & Value (行程预订与性价比)"
basic,basic,26,基础的 / 简陋的,Direct NRC Included (N=358),Class 2 Colloquial Superlative,0.0,5. Overall Tourism Experience Appraisal (总体观光体验评价)
cramped,cramped,26,拥挤狭窄不适的,Direct NRC Included (N=358),Negative Polarity Only (仅负向),0.0,5. Overall Tourism Experience Appraisal (总体观光体验评价)
hate,hate,26,憎恨 / 讨厌,Direct NRC Included (N=358),Fear (恐惧),-2.7,5. Overall Tourism Experience Appraisal (总体观光体验评价)
mesmerizing,mesmerizing,26,令人目眩神迷为之倾倒的,Direct NRC Included (N=358),Class 3 Low-Altitude Domain Lexicon (N=17),0.0,1. Aerial Scenery & Nature Views (高空自然景观)
upset,upset,26,感到沮丧难过的,Direct NRC Included (N=358),Sadness (悲伤),-1.6,5. Overall Tourism Experience Appraisal (总体观光体验评价)
ill,ill,25,生病的 / 恶心呕吐的,Direct NRC Included (N=358),Fear (恐惧),-1.8,5. Overall Tourism Experience Appraisal (总体观光体验评价)
laughing,laughing,25,欢声笑语 / 开心大笑,Direct NRC Included (N=358),Joy (喜悦),2.2,5. Overall Tourism Experience Appraisal (总体观光体验评价)
bump,bump,25,颠簸不适的,Direct NRC Included (N=358),Class 2 Colloquial Superlative,0.0,3. Flight Riding & Aircraft Feeling (飞行体感与机型)
dangerous,dangerous,25,危险的,Direct NRC Included (N=358),Fear (恐惧),-2.1,5. Overall Tourism Experience Appraisal (总体观光体验评价)
communicative,communicative,25,善于沟通的,Direct NRC Included (N=358),Positive Polarity Only (仅正向),0.0,5. Overall Tourism Experience Appraisal (总体观光体验评价)
inclement,inclement,24,恶劣的气候,Direct NRC Included (N=358),Negative Polarity Only (仅负向),0.0,5. Overall Tourism Experience Appraisal (总体观光体验评价)
magnificence,magnificence,24,壮丽震撼感,Direct NRC Included (N=358),Joy (喜悦),2.4,5. Overall Tourism Experience Appraisal (总体观光体验评价)
impeccable,impeccable,23,无可挑剔的,Direct NRC Included (N=358),Trust (信任),0.0,5. Overall Tourism Experience Appraisal (总体观光体验评价)
talkative,talkative,23,健谈热情的,Direct NRC Included (N=358),Class 2 Colloquial Superlative,0.0,5. Overall Tourism Experience Appraisal (总体观光体验评价)
horrible,horrible,23,极度糟糕可怕的,Direct NRC Included (N=358),Fear (恐惧),-2.5,"4. Booking, Price & Value (行程预订与性价比)"
tough,tough,22,严苛倒霉的,Direct NRC Included (N=358),Sadness (悲伤),-0.5,5. Overall Tourism Experience Appraisal (总体观光体验评价)
favourite,favourite,22,最喜爱的,Direct NRC Included (N=358),Class 2 Colloquial Superlative,0.0,5. Overall Tourism Experience Appraisal (总体观光体验评价)
fearful,fearful,22,恐惧的 / 担心的,Direct NRC Included (N=358),Fear (恐惧),-2.2,3. Flight Riding & Aircraft Feeling (飞行体感与机型)
lasting,lasting,22,持久的 / 深刻的,Direct NRC Included (N=358),Class 2 Colloquial Superlative,0.0,5. Overall Tourism Experience Appraisal (总体观光体验评价)
talented,talented,22,才华横溢精湛的,Direct NRC Included (N=358),Class 2 Colloquial Superlative,2.3,5. Overall Tourism Experience Appraisal (总体观光体验评价)
skeptical,skeptical,22,怀疑的 / 存疑的,Direct NRC Included (N=358),Negative Polarity Only (仅负向),-1.3,5. Overall Tourism Experience Appraisal (总体观光体验评价)
calmed,calmed,22,心情平静安稳下来的,Direct NRC Included (N=358),Class 2 Colloquial Superlative,1.6,5. Overall Tourism Experience Appraisal (总体观光体验评价)
shining,shining,22,璀璨夺目的,Direct NRC Included (N=358),Joy (喜悦),0.0,5. Overall Tourism Experience Appraisal (总体观光体验评价)
spoil,spoil,21,破坏 / 毁掉（好心情）,Direct NRC Included (N=358),Disgust (厌恶),0.0,5. Overall Tourism Experience Appraisal (总体观光体验评价)
unbeatable,unbeatable,21,无可比拟的 / 无敌的,Direct NRC Included (N=358),Class 2 Colloquial Superlative,0.0,5. Overall Tourism Experience Appraisal (总体观光体验评价)
surprises,surprise,21,惊喜 / 意料之外,Direct NRC Included (N=358),Class 2 Colloquial Superlative,0.9,5. Overall Tourism Experience Appraisal (总体观光体验评价)
bummed,bummed,21,感到扫兴遗憾失落的,Direct NRC Included (N=358),Class 2 Colloquial Superlative,0.0,5. Overall Tourism Experience Appraisal (总体观光体验评价)
refreshing,refreshing,21,令人神清气爽耳目一新的,Direct NRC Included (N=358),Positive Polarity Only (仅正向),0.0,5. Overall Tourism Experience Appraisal (总体观光体验评价)
mild,mild,21,轻微适度的（颠簸/舒适）,Direct NRC Included (N=358),Class 2 Colloquial Superlative,0.0,3. Flight Riding & Aircraft Feeling (飞行体感与机型)
successful,successful,20,成功的 / 满意的,Direct NRC Included (N=358),Joy (喜悦),2.8,5. Overall Tourism Experience Appraisal (总体观光体验评价)
mood,mood,20,心情 / 情绪,Direct NRC Included (N=358),Class 2 Colloquial Superlative,0.0,5. Overall Tourism Experience Appraisal (总体观光体验评价)
spiritual,spiritual,20,精神神圣的,Direct NRC Included (N=358),Class 2 Colloquial Superlative,0.0,5. Overall Tourism Experience Appraisal (总体观光体验评价)
cheerful,cheerful,20,欢快愉悦的,Direct NRC Included (N=358),Joy (喜悦),2.5,5. Overall Tourism Experience Appraisal (总体观光体验评价)
amusing,amusing,20,风趣风趣令人发笑的,Direct NRC Included (N=358),Joy (喜悦),1.6,5. Overall Tourism Experience Appraisal (总体观光体验评价)
astonishing,astonishing,20,令人惊叹的,Direct NRC Included (N=358),Class 2 Colloquial Superlative,0.0,5. Overall Tourism Experience Appraisal (总体观光体验评价)
comfy,comfy,19,舒适惬意的,Direct NRC Included (N=358),Class 2 Colloquial Superlative,0.0,3. Flight Riding & Aircraft Feeling (飞行体感与机型)
awestruck,awestruck,19,充满敬畏震撼的,Direct NRC Included (N=358),Class 2 Colloquial Superlative,0.0,5. Overall Tourism Experience Appraisal (总体观光体验评价)
chilly,chilly,19,寒冷不适的,Direct NRC Included (N=358),Negative Polarity Only (仅负向),0.0,5. Overall Tourism Experience Appraisal (总体观光体验评价)
exquisite,exquisite,19,精美的 / 绝妙的,Direct NRC Included (N=358),Joy (喜悦),0.0,5. Overall Tourism Experience Appraisal (总体观光体验评价)
touching,touching,19,令人动容流泪的,Direct NRC Included (N=358),Class 2 Colloquial Superlative,0.0,5. Overall Tourism Experience Appraisal (总体观光体验评价)
suitable,suitable,19,合适的 / 满意的,Direct NRC Included (N=358),Positive Polarity Only (仅正向),0.0,5. Overall Tourism Experience Appraisal (总体观光体验评价)
inspired,inspired,19,灵感大发 / 深受震撼的,Direct NRC Included (N=358),Joy (喜悦),2.2,5. Overall Tourism Experience Appraisal (总体观光体验评价)
handy,handy,18,实用的 / 贴心的,Direct NRC Included (N=358),Positive Polarity Only (仅正向),0.0,5. Overall Tourism Experience Appraisal (总体观光体验评价)
haha,haha,18,哈哈（欢快情绪）,Direct NRC Included (N=358),Class 2 Colloquial Superlative,2.0,5. Overall Tourism Experience Appraisal (总体观光体验评价)
effective,effective,18,有效划算的,Direct NRC Included (N=358),Trust (信任),2.1,5. Overall Tourism Experience Appraisal (总体观光体验评价)
astounding,astounding,18,令人无比震撼惊叹的,Direct NRC Included (N=358),Class 2 Colloquial Superlative,1.8,5. Overall Tourism Experience Appraisal (总体观光体验评价)
charm,charm,18,顺畅 / 令人满意,Direct NRC Included (N=358),Positive Polarity Only (仅正向),1.7,5. Overall Tourism Experience Appraisal (总体观光体验评价)
wondered,wonder,18,感到惊奇惊叹 (动词变体),Direct NRC Included (N=358),Class 2 Colloquial Superlative,0.0,5. Overall Tourism Experience Appraisal (总体观光体验评价)
danger,danger,18,危险 / 威胁,Direct NRC Included (N=358),Fear (恐惧),-2.4,5. Overall Tourism Experience Appraisal (总体观光体验评价)
easiest,easiest,18,最省心的 / 最容易的,Direct NRC Included (N=358),Class 2 Colloquial Superlative,1.8,5. Overall Tourism Experience Appraisal (总体观光体验评价)
chill,chill,18,惬意轻松的,Direct NRC Included (N=358),Class 2 Colloquial Superlative,0.0,5. Overall Tourism Experience Appraisal (总体观光体验评价)
smart,smart,18,聪慧的 / 明智的,Direct NRC Included (N=358),Class 2 Colloquial Superlative,1.7,5. Overall Tourism Experience Appraisal (总体观光体验评价)
secret,secret,18,秘境 / 私密独享感,Direct NRC Included (N=358),Trust (信任),0.0,5. Overall Tourism Experience Appraisal (总体观光体验评价)
honesty,honesty,18,真诚 / 诚信解说,Direct NRC Included (N=358),Trust (信任),2.2,"2. Pilot, Crew & Guide Service (飞行员与解说服务)"
witty,witty,18,风趣幽默的,Direct NRC Included (N=358),Joy (喜悦),0.0,5. Overall Tourism Experience Appraisal (总体观光体验评价)
soothing,soothing,18,舒缓抚慰人心的,Direct NRC Included (N=358),Joy (喜悦),1.3,5. Overall Tourism Experience Appraisal (总体观光体验评价)
amazement,amazement,18,惊叹 / 惊奇,Direct NRC Included (N=358),Class 2 Colloquial Superlative,2.5,5. Overall Tourism Experience Appraisal (总体观光体验评价)
marvel,marvel,18,惊叹 / 奇迹,Direct NRC Included (N=358),Surprise (惊喜),1.8,5. Overall Tourism Experience Appraisal (总体观光体验评价)
keen,keen,18,热情的 / 敏锐的,Direct NRC Included (N=358),Class 2 Colloquial Superlative,1.5,5. Overall Tourism Experience Appraisal (总体观光体验评价)
hopes,hopes,17,期盼 / 希望,Direct NRC Included (N=358),Class 2 Colloquial Superlative,1.8,5. Overall Tourism Experience Appraisal (总体观光体验评价)
valuable,valuable,17,珍贵的 / 有价值的,Direct NRC Included (N=358),Positive Polarity Only (仅正向),2.1,"4. Booking, Price & Value (行程预订与性价比)"
energetic,energetic,17,精力充沛的,Direct NRC Included (N=358),Positive Polarity Only (仅正向),1.9,5. Overall Tourism Experience Appraisal (总体观光体验评价)
discomfort,discomfort,17,身体/心理不适感,Direct NRC Included (N=358),Sadness (悲伤),-1.8,5. Overall Tourism Experience Appraisal (总体观光体验评价)
cordial,cordial,17,热情亲切礼貌的,Direct NRC Included (N=358),Class 2 Colloquial Superlative,0.0,5. Overall Tourism Experience Appraisal (总体观光体验评价)
overwhelmed,overwhelmed,17,被震撼/感动深深淹没的,Direct NRC Included (N=358),Sadness (悲伤),0.2,5. Overall Tourism Experience Appraisal (总体观光体验评价)
sensational,sensational,16,绝佳轰动震撼的,Direct NRC Included (N=358),Joy (喜悦),0.0,5. Overall Tourism Experience Appraisal (总体观光体验评价)
worthy,worthy,16,非常值的 / 值得的,Direct NRC Included (N=358),Trust (信任),1.9,"4. Booking, Price & Value (行程预订与性价比)"
uncertain,uncertain,16,不确定的 / 顾虑的,Direct NRC Included (N=358),Fear (恐惧),-1.2,5. Overall Tourism Experience Appraisal (总体观光体验评价)
sudden,sudden,16,突然的 / 猝不及防的,Direct NRC Included (N=358),Surprise (惊喜),0.0,5. Overall Tourism Experience Appraisal (总体观光体验评价)
loving,loving,16,热爱的 / 充满了爱的,Direct NRC Included (N=358),Joy (喜悦),2.9,5. Overall Tourism Experience Appraisal (总体观光体验评价)
leery,leery,16,提防警惕 / 顾虑重重的,Direct NRC Included (N=358),Surprise (惊喜),0.0,5. Overall Tourism Experience Appraisal (总体观光体验评价)
claustrophobic,claustrophobic,16,感到幽闭恐惧压抑的,Direct NRC Included (N=358),Class 3 Low-Altitude Domain Lexicon (N=17),0.0,3. Flight Riding & Aircraft Feeling (飞行体感与机型)
insane,insane,16,疯狂震撼的 / 极端的,Direct NRC Included (N=358),Fear (恐惧),-1.7,5. Overall Tourism Experience Appraisal (总体观光体验评价)
annoying,annoying,15,令人烦躁恼火的（Annoyance/Irritation Emotion）,Direct NRC Included (N=358),Anger (愤怒),-1.7,5. Overall Tourism Experience Appraisal (总体观光体验评价)
bubbly,bubbly,15,活泼热情的,Direct NRC Included (N=358),Class 2 Colloquial Superlative,0.0,5. Overall Tourism Experience Appraisal (总体观光体验评价)
awed,awed,15,感到为之肃然起敬震撼的,Direct NRC Included (N=358),Class 3 Low-Altitude Domain Lexicon (N=17),0.0,1. Aerial Scenery & Nature Views (高空自然景观)
awful,awful,15,极其糟糕的,Direct NRC Included (N=358),Fear (恐惧),-2.0,"4. Booking, Price & Value (行程预订与性价比)"
fuss,fuss,15,大惊小怪 / 争吵骚动,Direct NRC Included (N=358),Sadness (悲伤),0.0,5. Overall Tourism Experience Appraisal (总体观光体验评价)
immaculate,immaculate,15,完美无瑕洁净的,Direct NRC Included (N=358),Joy (喜悦),0.0,5. Overall Tourism Experience Appraisal (总体观光体验评价)
respectful,respectful,15,充满敬意的,Direct NRC Included (N=358),Trust (信任),2.0,5. Overall Tourism Experience Appraisal (总体观光体验评价)
unprofessional,unprofessional,15,不专业的,Direct NRC Included (N=358),Class 2 Colloquial Superlative,-2.3,"2. Pilot, Crew & Guide Service (飞行员与解说服务)"
warmth,warmth,15,温暖安心感,Direct NRC Included (N=358),Class 2 Colloquial Superlative,2.0,5. Overall Tourism Experience Appraisal (总体观光体验评价)
hilarious,hilarious,15,爆笑幽默搞笑的,Direct NRC Included (N=358),Joy (喜悦),1.7,5. Overall Tourism Experience Appraisal (总体观光体验评价)
intrusive,intrusive,14,突兀扰人的 / 煞风景的,Direct NRC Included (N=358),Fear (恐惧),0.0,1. Aerial Scenery & Nature Views (高空自然景观)
authentic,authentic,14,地道的 / 真实无伪的,Direct NRC Included (N=358),Joy (喜悦),0.0,5. Overall Tourism Experience Appraisal (总体观光体验评价)
bothered,bothered,14,困扰的 / 烦心的,Direct NRC Included (N=358),Class 2 Colloquial Superlative,-1.3,5. Overall Tourism Experience Appraisal (总体观光体验评价)
frustrating,frustrating,14,令人挫败的 / 烦人的,Direct NRC Included (N=358),Class 2 Colloquial Superlative,-1.9,5. Overall Tourism Experience Appraisal (总体观光体验评价)
glowing,glowing,14,极度赞赏口碑极佳的,Direct NRC Included (N=358),Positive Polarity Only (仅正向),0.0,5. Overall Tourism Experience Appraisal (总体观光体验评价)
trustworthy,trustworthy,14,值得信赖靠谱的,Direct NRC Included (N=358),Class 2 Colloquial Superlative,2.6,"4. Booking, Price & Value (行程预订与性价比)"
marvellous,marvellous,14,令人叹为观止的,Direct NRC Included (N=358),Class 2 Colloquial Superlative,0.0,5. Overall Tourism Experience Appraisal (总体观光体验评价)
proud,proud,14,感到自豪骄傲的,Direct NRC Included (N=358),Joy (喜悦),2.1,5. Overall Tourism Experience Appraisal (总体观光体验评价)
ruined,ruined,14,毁掉行程的 / 扫兴糟心的,Direct NRC Included (N=358),Fear (恐惧),-2.1,"4. Booking, Price & Value (行程预订与性价比)"
satisfaction,satisfaction,14,满意感,Direct NRC Included (N=358),Class 2 Colloquial Superlative,1.9,5. Overall Tourism Experience Appraisal (总体观光体验评价)
praise,praise,14,称赞 / 高度赞扬,Direct NRC Included (N=358),Joy (喜悦),2.6,5. Overall Tourism Experience Appraisal (总体观光体验评价)
apologetic,apologetic,13,诚恳抱歉致歉的,Direct NRC Included (N=358),Trust (信任),0.0,5. Overall Tourism Experience Appraisal (总体观光体验评价)
precious,precious,13,弥足珍贵的 memory,Direct NRC Included (N=358),Joy (喜悦),2.7,5. Overall Tourism Experience Appraisal (总体观光体验评价)
responsible,responsible,13,负责任的,Direct NRC Included (N=358),Trust (信任),1.3,5. Overall Tourism Experience Appraisal (总体观光体验评价)
safest,safest,13,最安全平稳的,Direct NRC Included (N=358),Class 2 Colloquial Superlative,1.7,5. Overall Tourism Experience Appraisal (总体观光体验评价)
pleasurable,pleasurable,13,令人愉快的,Direct NRC Included (N=358),Joy (喜悦),2.4,5. Overall Tourism Experience Appraisal (总体观光体验评价)
uneasy,uneasy,13,心神不宁感到不安的,Direct NRC Included (N=358),Fear (恐惧),-1.6,5. Overall Tourism Experience Appraisal (总体观光体验评价)
worldly,worldly,13,超凡脱俗的,Direct NRC Included (N=358),Class 2 Colloquial Superlative,0.0,5. Overall Tourism Experience Appraisal (总体观光体验评价)
tricky,tricky,13,棘手不安的,Direct NRC Included (N=358),Class 2 Colloquial Superlative,-0.6,5. Overall Tourism Experience Appraisal (总体观光体验评价)
vibrant,vibrant,13,生机勃勃色彩斑斓的,Direct NRC Included (N=358),Class 2 Colloquial Superlative,2.4,5. Overall Tourism Experience Appraisal (总体观光体验评价)
bored,bored,12,感到无聊厌烦的,Direct NRC Included (N=358),Class 2 Colloquial Superlative,-1.1,5. Overall Tourism Experience Appraisal (总体观光体验评价)
soaking,soaking,12,沉浸于（soaking in view）,Direct NRC Included (N=358),Class 2 Colloquial Superlative,0.0,5. Overall Tourism Experience Appraisal (总体观光体验评价)
stuffy,stuffy,12,闷热不适的（体感不适）,Direct NRC Included (N=358),Negative Polarity Only (仅负向),0.0,5. Overall Tourism Experience Appraisal (总体观光体验评价)
superbly,superbly,12,出类拔萃完美地,Direct NRC Included (N=358),Class 2 Colloquial Superlative,0.0,5. Overall Tourism Experience Appraisal (总体观光体验评价)
wondrous,wondrous,12,惊叹奇妙的,Direct NRC Included (N=358),Positive Polarity Only (仅正向),0.0,5. Overall Tourism Experience Appraisal (总体观光体验评价)
rewarding,rewarding,11,非常有成就感/物超所值的,Direct NRC Included (N=358),Class 2 Colloquial Superlative,2.4,"4. Booking, Price & Value (行程预订与性价比)"
admire,admire,11,钦佩赞赏,Direct NRC Included (N=358),Trust (信任),2.1,5. Overall Tourism Experience Appraisal (总体观光体验评价)
cheesy,cheesy,11,俗气的 / 劣质的,Direct NRC Included (N=358),Class 2 Colloquial Superlative,0.0,5. Overall Tourism Experience Appraisal (总体观光体验评价)
inviting,inviting,11,引人入胜令人愉悦的,Direct NRC Included (N=358),Joy (喜悦),1.3,5. Overall Tourism Experience Appraisal (总体观光体验评价)
mad,mad,11,发怒的 / 生气的,Direct NRC Included (N=358),Fear (恐惧),-2.2,5. Overall Tourism Experience Appraisal (总体观光体验评价)
nervousness,nervousness,11,紧张不安的情绪,Direct NRC Included (N=358),Fear (恐惧),-1.2,3. Flight Riding & Aircraft Feeling (飞行体感与机型)
slick,slick,11,熟练专业/光滑的,Direct NRC Included (N=358),Class 2 Colloquial Superlative,0.0,5. Overall Tourism Experience Appraisal (总体观光体验评价)
sketchy,sketchy,11,令人不安可疑的,Direct NRC Included (N=358),Negative Polarity Only (仅负向),0.0,5. Overall Tourism Experience Appraisal (总体观光体验评价)
superlative,superlative,11,顶级极致赞赏的,Direct NRC Included (N=358),Class 2 Colloquial Superlative,0.0,5. Overall Tourism Experience Appraisal (总体观光体验评价)
surprising,surprising,11,令人出乎意料惊喜的,Direct NRC Included (N=358),Surprise (惊喜),1.1,5. Overall Tourism Experience Appraisal (总体观光体验评价)
trepidation,trepidation,11,惊恐战栗 / 不安,Direct NRC Included (N=358),Fear (恐惧),0.0,5. Overall Tourism Experience Appraisal (总体观光体验评价)
wary,wary,11,警惕顾虑的,Direct NRC Included (N=358),Fear (恐惧),0.0,5. Overall Tourism Experience Appraisal (总体观光体验评价)
satisfying,satisfying,11,令人称心满意的,Direct NRC Included (N=358),Class 2 Colloquial Superlative,2.0,5. Overall Tourism Experience Appraisal (总体观光体验评价)
jealous,jealous,10,令人羡慕嫉妒的,Direct NRC Included (N=358),Disgust (厌恶),-2.0,5. Overall Tourism Experience Appraisal (总体观光体验评价)
badly,badly,10,严重地 / 糟糕地,Direct NRC Included (N=358),Sadness (悲伤),-2.1,5. Overall Tourism Experience Appraisal (总体观光体验评价)
conscientious,conscientious,10,认真负责的,Direct NRC Included (N=358),Trust (信任),0.0,5. Overall Tourism Experience Appraisal (总体观光体验评价)
ecstatic,ecstatic,10,狂喜的 / 极度兴奋的,Direct NRC Included (N=358),Joy (喜悦),2.3,5. Overall Tourism Experience Appraisal (总体观光体验评价)
emotional,emotional,10,情感上的 / 动情的,Direct NRC Included (N=358),Class 2 Colloquial Superlative,0.6,5. Overall Tourism Experience Appraisal (总体观光体验评价)
friendlier,friendlier,10,更加亲切友好的,Direct NRC Included (N=358),Class 2 Colloquial Superlative,2.0,5. Overall Tourism Experience Appraisal (总体观光体验评价)
improvement,improvement,10,体验改善 / 提升,Direct NRC Included (N=358),Joy (喜悦),2.0,3. Flight Riding & Aircraft Feeling (飞行体感与机型)
improving,improving,10,不断改善令人满意的,Direct NRC Included (N=358),Positive Polarity Only (仅正向),1.8,5. Overall Tourism Experience Appraisal (总体观光体验评价)
wonderfull,wonderful,10,令人惊叹绝妙的 (错别字变体),Direct NRC Included (N=358),Class 2 Colloquial Superlative,2.7,5. Overall Tourism Experience Appraisal (总体观光体验评价)
raving,raving,10,赞不绝口极力推荐的,Direct NRC Included (N=358),Joy (喜悦),0.0,5. Overall Tourism Experience Appraisal (总体观光体验评价)
stability,stability,10,平稳安心感,Direct NRC Included (N=358),Class 2 Colloquial Superlative,0.0,5. Overall Tourism Experience Appraisal (总体观光体验评价)
stunned,stunned,10,感到目瞪口呆震撼的,Direct NRC Included (N=358),Fear (恐惧),-0.4,5. Overall Tourism Experience Appraisal (总体观光体验评价)
stunningly,stunningly,10,令人震撼地,Direct NRC Included (N=358),Class 3 Low-Altitude Domain Lexicon (N=17),0.0,1. Aerial Scenery & Nature Views (高空自然景观)
unfortunate,unfortunate,10,不幸遗憾的,Direct NRC Included (N=358),Sadness (悲伤),-2.0,5. Overall Tourism Experience Appraisal (总体观光体验评价)
mesmerized,mesmerized,10,被深深吸引迷住的,Direct NRC Included (N=358),Class 2 Colloquial Superlative,0.0,5. Overall Tourism Experience Appraisal (总体观光体验评价)
quaint,quaint,10,古朴宜人的,Direct NRC Included (N=358),Joy (喜悦),0.0,5. Overall Tourism Experience Appraisal (总体观光体验评价)
effortless,effortless,9,轻松平稳的,Direct NRC Included (N=358),Class 2 Colloquial Superlative,0.0,5. Overall Tourism Experience Appraisal (总体观光体验评价)
compliment,compliment,9,赞美 / 赞赏评价,Direct NRC Included (N=358),Joy (喜悦),2.1,5. Overall Tourism Experience Appraisal (总体观光体验评价)
automatically,automatically,9,自动地 / 自然而然,Direct NRC Included (N=358),Class 2 Colloquial Superlative,0.0,5. Overall Tourism Experience Appraisal (总体观光体验评价)
awkward,awkward,9,尴尬的 / 别扭的,Direct NRC Included (N=358),Class 2 Colloquial Superlative,-0.6,5. Overall Tourism Experience Appraisal (总体观光体验评价)
bummer,bummer,9,令人扫兴扫兴的事,Direct NRC Included (N=358),Disgust (厌恶),-1.6,5. Overall Tourism Experience Appraisal (总体观光体验评价)
cheerfully,cheerfully,9,欢快愉悦地,Direct NRC Included (N=358),Class 2 Colloquial Superlative,2.1,5. Overall Tourism Experience Appraisal (总体观光体验评价)
claustrophobia,claustrophobia,9,幽闭恐惧症（密闭机舱焦虑）,Direct NRC Included (N=358),Class 3 Low-Altitude Domain Lexicon (N=17),0.0,3. Flight Riding & Aircraft Feeling (飞行体感与机型)
miserable,miserable,9,极度痛苦糟糕的,Direct NRC Included (N=358),Sadness (悲伤),-2.2,5. Overall Tourism Experience Appraisal (总体观光体验评价)
hassles,hassles,9,烦心事 / 摩擦,Direct NRC Included (N=358),Class 2 Colloquial Superlative,0.0,5. Overall Tourism Experience Appraisal (总体观光体验评价)
stuffed,stuffed,9,塞满的 / 憋闷不适的,Direct NRC Included (N=358),Class 2 Colloquial Superlative,0.0,5. Overall Tourism Experience Appraisal (总体观光体验评价)
susceptible,susceptible,9,易受影响脆弱的,Direct NRC Included (N=358),Negative Polarity Only (仅负向),0.0,5. Overall Tourism Experience Appraisal (总体观光体验评价)
terribly,terribly,9,极度负面地 / 抱歉,Direct NRC Included (N=358),Sadness (悲伤),-2.6,5. Overall Tourism Experience Appraisal (总体观光体验评价)
unspoiled,unspoiled,9,未经破坏原始纯粹的,Direct NRC Included (N=358),Class 2 Colloquial Superlative,0.0,5. Overall Tourism Experience Appraisal (总体观光体验评价)
exhausted,exhausted,8,精疲力竭极为疲惫的,Direct NRC Included (N=358),Sadness (悲伤),-1.5,5. Overall Tourism Experience Appraisal (总体观光体验评价)
frightened,frightened,8,感到受惊吓害怕的,Direct NRC Included (N=358),Fear (恐惧),-1.9,5. Overall Tourism Experience Appraisal (总体观光体验评价)
exhilaration,exhilaration,8,极度兴奋快感,Direct NRC Included (N=358),Joy (喜悦),0.0,5. Overall Tourism Experience Appraisal (总体观光体验评价)
grace,grace,8,优雅 / 良好风度,Direct NRC Included (N=358),Positive Polarity Only (仅正向),1.8,5. Overall Tourism Experience Appraisal (总体观光体验评价)
dissapointed,disappointed,8,感到失望的（错别字变体）,Direct NRC Included (N=358),Class 2 Colloquial Superlative,-2.1,"4. Booking, Price & Value (行程预订与性价比)"
cherished,cherish,8,珍视铭记的,Direct NRC Included (N=358),Class 2 Colloquial Superlative,2.3,5. Overall Tourism Experience Appraisal (总体观光体验评价)
frustration,frustration,8,挫败感 / 烦恼,Direct NRC Included (N=358),Anger (愤怒),-2.1,5. Overall Tourism Experience Appraisal (总体观光体验评价)
annoyed,annoyed,8,感到烦恼的 / 恼火的,Direct NRC Included (N=358),Class 2 Colloquial Superlative,-1.6,5. Overall Tourism Experience Appraisal (总体观光体验评价)
nerve,nerve,8,紧张神经,Direct NRC Included (N=358),Positive Polarity Only (仅正向),0.0,3. Flight Riding & Aircraft Feeling (飞行体感与机型)
shocked,shocked,8,感到震惊惊吓的,Direct NRC Included (N=358),Class 2 Colloquial Superlative,-1.3,5. Overall Tourism Experience Appraisal (总体观光体验评价)
spoiled,spoiled,8,好心情被破坏毁掉的,Direct NRC Included (N=358),Class 2 Colloquial Superlative,0.0,5. Overall Tourism Experience Appraisal (总体观光体验评价)
unstable,unstable,8,不稳定摇晃令人担心的,Direct NRC Included (N=358),Fear (恐惧),-1.5,5. Overall Tourism Experience Appraisal (总体观光体验评价)
yummy,yummy,8,美味愉悦的,Direct NRC Included (N=358),Class 2 Colloquial Superlative,2.4,5. Overall Tourism Experience Appraisal (总体观光体验评价)
mindful,mindful,8,细心周到的,Direct NRC Included (N=358),Positive Polarity Only (仅正向),0.0,"2. Pilot, Crew & Guide Service (飞行员与解说服务)"
poorly,poorly,8,糟糕地 / 差劲地,Direct NRC Included (N=358),Negative Polarity Only (仅负向),0.0,5. Overall Tourism Experience Appraisal (总体观光体验评价)
enthusiastically,enthusiastically,7,热情高涨地,Direct NRC Included (N=358),Class 2 Colloquial Superlative,2.6,5. Overall Tourism Experience Appraisal (总体观光体验评价)
hopeful,hopeful,7,怀抱希望的,Direct NRC Included (N=358),Joy (喜悦),2.3,5. Overall Tourism Experience Appraisal (总体观光体验评价)
hesitating,hesitating,7,犹豫顾虑（心理活动）,Direct NRC Included (N=358),Class 2 Colloquial Superlative,-1.4,5. Overall Tourism Experience Appraisal (总体观光体验评价)
gushing,gushing,7,滔滔不绝赞赞称道的,Direct NRC Included (N=358),Class 2 Colloquial Superlative,0.0,5. Overall Tourism Experience Appraisal (总体观光体验评价)
exhilerating,exhilarating,7,令人兴奋刺激酣畅地（错别字变体）,Direct NRC Included (N=358),Class 2 Colloquial Superlative,1.7,5. Overall Tourism Experience Appraisal (总体观光体验评价)
captivated,captivated,7,被深深吸引着迷的,Direct NRC Included (N=358),Class 2 Colloquial Superlative,1.6,5. Overall Tourism Experience Appraisal (总体观光体验评价)
curious,curious,7,好奇求知的,Direct NRC Included (N=358),Class 2 Colloquial Superlative,1.3,5. Overall Tourism Experience Appraisal (总体观光体验评价)
confusion,confusion,7,困惑 / 混乱,Direct NRC Included (N=358),Fear (恐惧),-1.2,5. Overall Tourism Experience Appraisal (总体观光体验评价)
classy,classy,7,高端优雅的,Direct NRC Included (N=358),Class 2 Colloquial Superlative,1.9,5. Overall Tourism Experience Appraisal (总体观光体验评价)
painful,painful,7,痛苦的 / 令人难受的,Direct NRC Included (N=358),Fear (恐惧),-1.9,5. Overall Tourism Experience Appraisal (总体观光体验评价)
alas,alas,7,唉 / 遗憾的是,Direct NRC Included (N=358),Class 2 Colloquial Superlative,-1.1,5. Overall Tourism Experience Appraisal (总体观光体验评价)
panic,panic,7,恐慌 / 惊恐状态,Direct NRC Included (N=358),Fear (恐惧),-2.3,5. Overall Tourism Experience Appraisal (总体观光体验评价)
laughter,laughter,7,欢笑 / 笑声,Direct NRC Included (N=358),Joy (喜悦),2.2,5. Overall Tourism Experience Appraisal (总体观光体验评价)
weird,weird,7,古怪令人不安的,Direct NRC Included (N=358),Disgust (厌恶),-0.7,5. Overall Tourism Experience Appraisal (总体观光体验评价)
relieved,relieved,7,宽慰的 / 松了一口气,Direct NRC Included (N=358),Class 2 Colloquial Superlative,1.6,5. Overall Tourism Experience Appraisal (总体观光体验评价)
strange,strange,7,怪异不安的,Direct NRC Included (N=358),Class 2 Colloquial Superlative,-0.8,5. Overall Tourism Experience Appraisal (总体观光体验评价)
ridiculous,ridiculous,7,荒谬的 / 离谱的,Direct NRC Included (N=358),Disgust (厌恶),-1.5,5. Overall Tourism Experience Appraisal (总体观光体验评价)
rudely,rudely,7,粗鲁地 / 无礼地,Direct NRC Included (N=358),Class 2 Colloquial Superlative,-2.2,5. Overall Tourism Experience Appraisal (总体观光体验评价)
serenity,serenity,7,宁静 / 祥和,Direct NRC Included (N=358),Joy (喜悦),0.0,5. Overall Tourism Experience Appraisal (总体观光体验评价)
reputable,reputable,7,信誉良好的,Direct NRC Included (N=358),Trust (信任),0.0,5. Overall Tourism Experience Appraisal (总体观光体验评价)
suffered,suffered,7,遭受身体/晕眩痛苦,Direct NRC Included (N=358),Class 2 Colloquial Superlative,-2.2,5. Overall Tourism Experience Appraisal (总体观光体验评价)
unhappy,unhappy,7,不高兴不满意的,Direct NRC Included (N=358),Sadness (悲伤),-1.8,5. Overall Tourism Experience Appraisal (总体观光体验评价)
unpleasant,unpleasant,7,令人不快令人难受的,Direct NRC Included (N=358),Sadness (悲伤),-2.1,5. Overall Tourism Experience Appraisal (总体观光体验评价)
powerful,powerful,7,强烈的 / 感人的,Direct NRC Included (N=358),Joy (喜悦),1.8,5. Overall Tourism Experience Appraisal (总体观光体验评价)
worrying,worry,7,令人担心的,Direct NRC Included (N=358),Fear (恐惧),-1.4,5. Overall Tourism Experience Appraisal (总体观光体验评价)
amaze,amaze,6,使惊叹 / 惊奇,Direct NRC Included (N=358),Surprise (惊喜),2.5,5. Overall Tourism Experience Appraisal (总体观光体验评价)
enthralled,enthralled,6,被深深吸引迷住的,Direct NRC Included (N=358),Class 2 Colloquial Superlative,0.0,5. Overall Tourism Experience Appraisal (总体观光体验评价)
discouraged,discouraged,6,感到灰心气馁的,Direct NRC Included (N=358),Class 2 Colloquial Superlative,-1.7,5. Overall Tourism Experience Appraisal (总体观光体验评价)
casual,casual,6,随和轻松的,Direct NRC Included (N=358),Class 2 Colloquial Superlative,0.8,5. Overall Tourism Experience Appraisal (总体观光体验评价)
fascinated,fascinated,6,深深入迷为之倾倒的,Direct NRC Included (N=358),Class 2 Colloquial Superlative,2.1,5. Overall Tourism Experience Appraisal (总体观光体验评价)
broad,broad,6,宽广的,Direct NRC Included (N=358),Class 2 Colloquial Superlative,0.0,5. Overall Tourism Experience Appraisal (总体观光体验评价)
blind,blind,6,盲目的 / 视线受阻的,Direct NRC Included (N=358),Negative Polarity Only (仅负向),-1.7,5. Overall Tourism Experience Appraisal (总体观光体验评价)
appropriately,appropriately,6,恰当地 / 贴心地,Direct NRC Included (N=358),Class 2 Colloquial Superlative,0.0,5. Overall Tourism Experience Appraisal (总体观光体验评价)
calmer,calmer,6,更平静安心的,Direct NRC Included (N=358),Class 2 Colloquial Superlative,1.5,5. Overall Tourism Experience Appraisal (总体观光体验评价)
frightening,frightening,6,令人惊恐吓人的,Direct NRC Included (N=358),Class 2 Colloquial Superlative,-2.2,5. Overall Tourism Experience Appraisal (总体观光体验评价)
precision,precision,6,精准靠谱的,Direct NRC Included (N=358),Positive Polarity Only (仅正向),0.0,5. Overall Tourism Experience Appraisal (总体观光体验评价)
hug,hug,6,拥抱 / 温暖关怀,Direct NRC Included (N=358),Joy (喜悦),2.1,5. Overall Tourism Experience Appraisal (总体观光体验评价)
timid,timid,6,胆怯害羞的,Direct NRC Included (N=358),Fear (恐惧),-1.0,5. Overall Tourism Experience Appraisal (总体观光体验评价)
sublime,sublime,6,崇高壮丽绝美的（Aesthetic Emotion/Awe）,Direct NRC Included (N=358),Class 3 Low-Altitude Domain Lexicon (N=17),0.0,1. Aerial Scenery & Nature Views (高空自然景观)
relief,relief,6,轻松如释重负感,Direct NRC Included (N=358),Positive Polarity Only (仅正向),2.1,5. Overall Tourism Experience Appraisal (总体观光体验评价)
gratitude,gratitude,6,感激 / 感恩,Direct NRC Included (N=358),Joy (喜悦),2.3,5. Overall Tourism Experience Appraisal (总体观光体验评价)
jovial,jovial,6,欢快风趣的,Direct NRC Included (N=358),Joy (喜悦),1.9,5. Overall Tourism Experience Appraisal (总体观光体验评价)
inspirational,inspirational,6,鼓舞人心的,Direct NRC Included (N=358),Class 2 Colloquial Superlative,2.3,5. Overall Tourism Experience Appraisal (总体观光体验评价)
reassurance,reassurance,6,令人放心的安抚感,Direct NRC Included (N=358),Trust (信任),1.5,5. Overall Tourism Experience Appraisal (总体观光体验评价)
warmest,warmest,6,最暖心亲切的,Direct NRC Included (N=358),Class 2 Colloquial Superlative,1.7,5. Overall Tourism Experience Appraisal (总体观光体验评价)
gloomy,gloomy,5,阴沉的 / 沮丧的,Direct NRC Included (N=358),Sadness (悲伤),-0.6,5. Overall Tourism Experience Appraisal (总体观光体验评价)
hates,hate,5,厌恶 / 讨厌,Direct NRC Included (N=358),Class 2 Colloquial Superlative,-1.9,5. Overall Tourism Experience Appraisal (总体观光体验评价)
hated,hate,5,讨厌 / 极为憎恶的,Direct NRC Included (N=358),Class 2 Colloquial Superlative,-3.2,5. Overall Tourism Experience Appraisal (总体观光体验评价)
apprehension,apprehension,5,忧虑 / 疑虑不安,Direct NRC Included (N=358),Fear (恐惧),-2.1,5. Overall Tourism Experience Appraisal (总体观光体验评价)
faultless,faultless,5,无可挑剔完美的,Direct NRC Included (N=358),Trust (信任),2.0,5. Overall Tourism Experience Appraisal (总体观光体验评价)
envy,envy,5,羡慕 / 嫉妒,Direct NRC Included (N=358),Class 2 Colloquial Superlative,-1.1,5. Overall Tourism Experience Appraisal (总体观光体验评价)
comforted,comforted,5,感到安慰安心的,Direct NRC Included (N=358),Class 2 Colloquial Superlative,1.8,5. Overall Tourism Experience Appraisal (总体观光体验评价)
pity,pity,5,遗憾 / 同情怜悯,Direct NRC Included (N=358),Sadness (悲伤),-1.2,5. Overall Tourism Experience Appraisal (总体观光体验评价)
jitters,jitters,5,忐忑不安 / 紧张发抖感,Direct NRC Included (N=358),Class 3 Low-Altitude Domain Lexicon (N=17),0.0,3. Flight Riding & Aircraft Feeling (飞行体感与机型)
scare,scare,5,吓人 / 引发恐慌的,Direct NRC Included (N=358),Fear (恐惧),-2.2,5. Overall Tourism Experience Appraisal (总体观光体验评价)
luscious,luscious,5,秀美令人心旷神怡的,Direct NRC Included (N=358),Joy (喜悦),0.0,5. Overall Tourism Experience Appraisal (总体观光体验评价)
marveled,marvel,5,惊叹赞赏的,Direct NRC Included (N=358),Class 2 Colloquial Superlative,1.8,5. Overall Tourism Experience Appraisal (总体观光体验评价)
overwhelmingly,overwhelmingly,5,压倒性震撼地,Direct NRC Included (N=358),Class 2 Colloquial Superlative,-0.5,5. Overall Tourism Experience Appraisal (总体观光体验评价)
shock,shock,5,震惊 / 冲击,Direct NRC Included (N=358),Fear (恐惧),-1.6,5. Overall Tourism Experience Appraisal (总体观光体验评价)
stressful,stressful,5,令人压力重重焦虑的（Stress/Anxiety State）,Direct NRC Included (N=358),Class 2 Colloquial Superlative,-2.3,5. Overall Tourism Experience Appraisal (总体观光体验评价)
suprise,surprise,5,惊喜 / 意料之外（错别字变体）,Direct NRC Included (N=358),Class 2 Colloquial Superlative,1.1,5. Overall Tourism Experience Appraisal (总体观光体验评价)
