word,canonical_lemma,chinese_translation,emotion_category,affect_type,frequency_21215,review_count_21215,nrc_tags
beautiful,beautiful,美丽绝伦的,Unclassified,E2_Appraisal (Stimulus/Service Attribute),3485,3174,"joy, positive"
friendly,friendly,友好的 / 亲切的,Unclassified,E1_E2_Candidate,3416,3221,"anticipation, joy, positive, trust"
worth,worth,物有所值的 / 绝对值得的,Unclassified,E2_Appraisal (Stimulus/Service Attribute),2799,2678,positive
wonderful,wonderful,精彩美妙的,Unclassified,E2_Appraisal (Stimulus/Service Attribute),2677,2457,"joy, positive, surprise, trust"
good,good,良好的 / 棒的（服务与体验）,Unclassified,E2_Appraisal (Stimulus/Service Attribute),2635,2230,"anticipation, joy, positive, surprise, trust"
excellent,excellent,卓越极佳的 / 顶级的,Unclassified,E2_Appraisal (Stimulus/Service Attribute),2284,2065,"joy, positive, trust"
fun,fun,乐趣十足的 / 充满乐趣的,Unclassified,E1_E2_Polysemous (State & Appraisal),1729,1575,"anticipation, joy, positive"
spectacular,spectacular,壮观震撼的（高空景观）,Unclassified,E2_Appraisal (Stimulus/Service Attribute),1616,1566,"anticipation, surprise"
perfect,perfect,完美的 / 无瑕的,Unclassified,E2_Appraisal (Stimulus/Service Attribute),1474,1340,"anticipation, joy, positive, trust"
helpful,helpful,热心有帮助的 / 周到解说,Unclassified,E2_Appraisal (Stimulus/Service Attribute),1157,1108,"joy, positive, trust"
glad,glad,感到高兴放心的,Joy / Happiness,E1_State (Direct Internal Affective State),897,856,"anticipation, joy, positive"
interesting,interesting,引人入胜的 / 趣味盎然的,Unclassified,E2_Appraisal (Stimulus/Service Attribute),886,853,positive
cool,cool,酷的 / 爽快的,Unclassified,E1_E2_Candidate,652,606,positive
special,special,特别的 / 珍贵的,Unclassified,E1_E2_Candidate,631,574,"joy, positive"
lucky,lucky,感到幸运的,Good Fortune / Joy,E1_State (Direct Internal Affective State),607,586,"joy, positive, surprise"
kind,kind,亲切的 / 友善的,Unclassified,E1_E2_Candidate,587,565,"joy, positive, trust"
memorable,memorable,令人终生难忘的,Memorability / Joy,E1_State (Direct Internal Affective State),580,562,"joy, positive, surprise, trust"
happy,happy,高兴的 / 快乐的,Unclassified,E1_State (Direct Internal Affective State),555,522,"anticipation, joy, positive, trust"
nervous,nervous,紧张的 / 焦虑不安的,Unclassified,E1_State (Direct Internal Affective State),513,486,"anticipation, fear, negative"
disappointed,disappointed,感到失望的 / 遗憾的,Unclassified,E1_State (Direct Internal Affective State),488,475,"anger, disgust, negative, sadness"
outstanding,outstanding,杰出出色的,Unclassified,E2_Appraisal (Stimulus/Service Attribute),462,439,"joy, negative, positive"
love,love,喜爱 / 极度热爱的,Love / Affection,E1_State (Direct Internal Affective State),450,430,"joy, positive"
unique,unique,独一无二的 / 独特的,Unclassified,E1_E2_Candidate,435,412,"positive, surprise"
gorgeous,gorgeous,极其漂亮的 / 绚丽的,Unclassified,E1_E2_Candidate,414,406,"joy, positive"
bad,bad,糟糕的 / 坏的,Unclassified,E1_E2_Candidate,373,342,"anger, disgust, fear, negative, sadness"
exciting,exciting,令人兴奋刺激的,Excitement,E2_Appraisal (Stimulus/Service Attribute),324,315,"anticipation, joy, positive, surprise"
pleasant,pleasant,令人愉快的 / 宜人的,Unclassified,E1_E2_Candidate,306,294,"anticipation, joy, positive, surprise, trust"
unbelievable,unbelievable,难以置信的 / 震撼的,Unclassified,E2_Appraisal (Stimulus/Service Attribute),302,298,negative
regret,regret,遗憾 / 后悔,Regret,E1_State (Direct Internal Affective State),293,288,"negative, sadness"
magnificent,magnificent,壮丽的 / 宏伟震撼的（Awe）,Unclassified,E2_Appraisal (Stimulus/Service Attribute),282,272,"anticipation, joy, positive, surprise, trust"
sick,sick,晕机的 / 身体不适的,Unclassified,E1_E2_Candidate,274,240,"disgust, negative, sadness"
lovely,lovely,令人愉悦的 / 可爱的,Unclassified,E1_E2_Candidate,266,248,"anticipation, joy, positive, sadness, surprise, trust"
terrific,terrific,极好的 / 太棒了,Unclassified,E1_E2_Candidate,260,247,sadness
calm,calm,镇定 / 平息情绪的,Calmness,E1_State (Direct Internal Affective State),259,251,positive
fortunate,fortunate,幸运的 / 幸运地,Unclassified,E1_E2_Candidate,235,231,positive
efficient,efficient,高效省心的,Unclassified,E1_E2_Candidate,215,211,"anticipation, positive, trust"
entertaining,entertaining,引人入胜生动有趣的,Unclassified,E2_Appraisal (Stimulus/Service Attribute),210,208,"anticipation, joy, positive"
superb,superb,极好精湛的,Unclassified,E2_Appraisal (Stimulus/Service Attribute),196,189,positive
surprised,surprised,感到惊喜惊讶的,Unclassified,E1_State (Direct Internal Affective State),196,194,surprise
surprise,surprise,惊喜 / 意料之外的喜悦,Unclassified,E1_State (Direct Internal Affective State),195,181,"fear, joy, positive, surprise"
brilliant,brilliant,璀璨的 / 出色的,Unclassified,E1_E2_Candidate,184,169,"anticipation, joy, positive, trust"
forward,forward,期待（look forward）,Unclassified,E1_E2_Candidate,183,178,positive
ready,ready,准备就绪的 / 心安的,Unclassified,E1_E2_Candidate,171,168,anticipation
excited,excited,兴奋的 / 激动的,Unclassified,E1_State (Direct Internal Affective State),167,160,"anticipation, joy, positive, surprise, trust"
majestic,majestic,雄伟的 / 壮丽的,Unclassified,E1_E2_Candidate,165,165,"anticipation, joy, positive, surprise, trust"
competent,competent,称职的 / 有能力的,Unclassified,E1_E2_Candidate,163,163,"positive, trust"
quiet,quiet,宁静的 / 幽雅安静的,Unclassified,E1_E2_Candidate,161,159,"positive, sadness"
hope,hope,希望 / 期盼,Hope,E1_State (Direct Internal Affective State),159,158,"anticipation, joy, positive, surprise, trust"
concerned,concern,感到担心的,Worry / Concern,E1_State (Direct Internal Affective State),155,151,"fear, sadness"
interested,interested,感兴趣的 / 充满好奇的,Unclassified,E1_E2_Candidate,153,146,"disgust, positive, sadness"
magical,magical,神奇的 / 魔幻般的,Unclassified,E1_E2_Candidate,152,149,"anticipation, joy, positive, surprise"
afraid,afraid,害怕的 / 恐惧的,Unclassified,E1_State (Direct Internal Affective State),150,141,"fear, negative"
worried,worried,感到担心的,Unclassified,E1_State (Direct Internal Affective State),149,146,"negative, sadness"
fully,fully,完全地 / 充分地,Unclassified,E1_E2_Candidate,143,137,"positive, trust"
wrong,wrong,出差错的 / 错误的（负面体验）,Unclassified,E1_E2_Candidate,137,132,negative
cheap,cheap,便宜的 / 廉价的,Unclassified,E1_E2_Candidate,134,132,negative
blessed,blessed,感到有福的 / 幸运的,Unclassified,E1_State (Direct Internal Affective State),133,131,"joy, positive"
pleased,pleased,感到满意的,Unclassified,E1_E2_Candidate,132,129,"joy, positive"
thrill,thrill,刺激 / 震慑感,Unclassified,E1_E2_Candidate,129,126,"anticipation, fear, joy, positive, surprise"
thrilling,thrilling,令人惊险刺激酣畅的,Excitement / Thrill,E2_Appraisal (Stimulus/Service Attribute),126,123,"anticipation, joy, positive, surprise"
comfort,comfort,舒适 / 宽慰安心,Unclassified,E1_E2_Candidate,121,116,"anticipation, joy, positive, trust"
disappoint,disappoint,使失望,Disappointment,E1_State (Direct Internal Affective State),121,119,"anger, disgust, negative, sadness"
fear,fear,恐惧 / 害怕,Fear,E1_State (Direct Internal Affective State),120,116,"anger, fear, negative"
unable,unable,无法的 / 无能为力的,Unclassified,E1_E2_Candidate,114,110,"negative, sadness"
confidence,confidence,信心 / 确信,Unclassified,E1_E2_Candidate,112,109,"fear, joy, positive, trust"
difficult,difficult,困难的 / 令人头疼的,Unclassified,E1_E2_Candidate,112,111,fear
expert,expert,专家级的 / 娴熟的,Unclassified,E1_E2_Candidate,112,106,"positive, trust"
confident,confident,自信的 / 确信的,Unclassified,E1_E2_Candidate,109,109,"joy, positive, trust"
worry,worry,担心 / 忧虑感,Anxiety / Worry,E1_State (Direct Internal Affective State),106,103,"anticipation, fear, negative, sadness"
sweet,sweet,甜蜜的 / 甜美的,Unclassified,E1_E2_Candidate,97,93,"anticipation, joy, positive, surprise, trust"
apprehensive,apprehensive,忧虑的 / 不安的,Unclassified,E1_E2_Candidate,92,91,"anticipation, fear, negative"
honest,honest,诚实的 / 坦诚的,Unclassified,E1_E2_Candidate,88,81,"anger, disgust, fear, joy, positive, sadness, trust"
inaccessible,inaccessible,难以到达的 / 偏远秘境感,Unclassified,E2_Appraisal (Stimulus/Service Attribute),86,85,negative
fascinating,fascinating,令人入迷极具吸引力的,Fascination,E2_Appraisal (Stimulus/Service Attribute),83,82,positive
delightful,delightful,令人欢欣的,Unclassified,E1_E2_Candidate,80,79,"anticipation, joy, positive, trust"
grateful,grateful,感激的 / 感恩的,Unclassified,E1_State (Direct Internal Affective State),80,78,positive
advantage,advantage,优势 / 极佳点,Unclassified,E2_Appraisal (Stimulus/Service Attribute),78,78,positive
assured,assured,安抚 / 确信,Unclassified,E1_State (Direct Internal Affective State),78,76,"positive, trust"
famous,famous,著名的 / 享誉的,Unclassified,E1_E2_Candidate,77,71,positive
pride,pride,自豪 / 骄傲,Unclassified,E1_State (Direct Internal Affective State),77,76,"joy, positive"
stable,stable,平稳安心的,Unclassified,E2_Appraisal (Stimulus/Service Attribute),75,75,"positive, trust"
peaceful,peaceful,平和宁静的,Unclassified,E1_E2_Candidate,72,71,"anticipation, joy, positive, surprise, trust"
understanding,understanding,体谅的 / 理解的,Unclassified,E1_E2_Candidate,70,70,"positive, trust"
impossible,impossible,不可能的 / 难以置信的,Unclassified,E1_E2_Candidate,65,65,"negative, sadness"
passion,passion,热情 / 激情,Unclassified,E1_E2_Candidate,64,60,"anticipation, joy, positive, trust"
pristine,pristine,原始纯净的,Unclassified,E1_E2_Candidate,62,61,positive
extraordinary,extraordinary,非凡的 / 卓越的,Unclassified,E1_E2_Candidate,61,60,positive
gracious,gracious,亲切和蔼的,Unclassified,E1_E2_Candidate,61,60,positive
passionate,passionate,充满激情的,Unclassified,E2_Appraisal (Stimulus/Service Attribute),61,60,"anticipation, joy, positive, trust"
considerate,considerate,体贴周到的,Kindness / Reassurance,E2_Appraisal (Stimulus/Service Attribute),60,60,"positive, trust"
entertained,entertained,感到深受愉悦娱乐的,Joy / Amusement,E1_State (Direct Internal Affective State),60,60,"joy, positive"
joy,joy,喜悦 / 快乐,Unclassified,E1_State (Direct Internal Affective State),60,60,"joy, positive"
convenient,convenient,便捷省心的,Unclassified,E2_Appraisal (Stimulus/Service Attribute),59,59,positive
excitement,excitement,兴奋 / 激动情绪,Unclassified,E1_E2_Candidate,59,57,"anticipation, joy, positive, surprise"
intimate,intimate,温馨亲切的,Unclassified,E2_Appraisal (Stimulus/Service Attribute),59,58,"anticipation, joy, positive, trust"
disappointing,disappointing,令人失望的,Unclassified,E1_E2_Candidate,58,57,"negative, sadness"
lush,lush,郁郁葱葱宜人的,Unclassified,E2_Appraisal (Stimulus/Service Attribute),57,56,"disgust, negative, sadness"
negative,negative,负面体验 / 消极评价,Unclassified,E2_Appraisal (Stimulus/Service Attribute),57,54,"negative, sadness"
thankful,thankful,感激的 / 感恩的,Unclassified,E1_State (Direct Internal Affective State),57,57,"joy, positive"
thoughtful,thoughtful,贴心周到的,Unclassified,E2_Appraisal (Stimulus/Service Attribute),57,57,"positive, trust"
uncomfortable,uncomfortable,感到不适的 / 不安的,Unclassified,E1_State (Direct Internal Affective State),56,54,negative
fair,fair,公道的 / 划算的,Unclassified,E2_Appraisal (Stimulus/Service Attribute),55,55,positive
noisy,noisy,喧闹吵杂的,Unclassified,E1_E2_Candidate,55,54,"anger, negative"
cherish,cherish,珍视 / 珍惜铭记,Unclassified,E1_State (Direct Internal Affective State),54,53,"anticipation, joy, positive, surprise, trust"
genuine,genuine,真诚的 / 地道的,Unclassified,E1_E2_Candidate,54,52,"positive, trust"
remarkable,remarkable,卓越令人瞩目的,Unclassified,E2_Appraisal (Stimulus/Service Attribute),54,53,"joy, positive, surprise, trust"
appreciation,appreciation,感激 / 欣赏,Unclassified,E1_State (Direct Internal Affective State),52,51,"joy, positive, trust"
enthusiasm,enthusiasm,热情 / 积极性,Unclassified,E1_E2_Candidate,52,52,"anticipation, joy, positive, surprise"
disappointment,disappointment,失望 / 遗憾失落情绪,Unclassified,E1_State (Direct Internal Affective State),51,48,"disgust, negative, sadness"
satisfied,satisfied,感到满意的,Satisfaction / Contentment,E1_State (Direct Internal Affective State),49,49,"joy, positive"
delight,delight,欣喜 / 愉快,Unclassified,E1_State (Direct Internal Affective State),48,48,"anticipation, joy, positive"
steady,steady,平稳的 / 稳健的,Unclassified,E1_E2_Candidate,48,47,"surprise, trust"
terrible,terrible,可怕的 / 糟糕的,Unclassified,E1_E2_Candidate,46,44,"anger, disgust, fear, negative, sadness"
unexpected,unexpected,意想不到的惊喜,Unclassified,E1_E2_Candidate,46,46,"anticipation, fear, joy, negative, positive, surprise"
decent,decent,尚可的 / 体面的,Unclassified,E1_E2_Candidate,45,42,positive
friendliness,friendliness,友善 / 亲和力,Unclassified,E1_E2_Candidate,45,45,"joy, positive, trust"
happily,happily,快乐地 / 欣然,Unclassified,E1_E2_Candidate,44,43,"joy, positive"
adventurous,adventurous,充满冒险刺激感的,Unclassified,E1_E2_Polysemous (State & Appraisal),41,39,positive
charming,charming,迷人讨喜的,Unclassified,E2_Appraisal (Stimulus/Service Attribute),40,40,positive
responsive,responsive,积极回应的 / 贴心的,Unclassified,E1_E2_Candidate,40,40,"anticipation, positive, trust"
touched,touched,深受感动的,Unclassified,E1_State (Direct Internal Affective State),40,39,negative
unsafe,unsafe,感觉不安全的 / 担惊受怕的,Unclassified,E2_Appraisal (Stimulus/Service Attribute),39,35,"fear, negative"
greater,greater,更宏大震撼的,Unclassified,E2_Appraisal (Stimulus/Service Attribute),38,37,positive
stress,stress,压力 / 紧张感,Unclassified,E1_E2_Candidate,38,38,negative
wonderfully,wonderfully,极其出色绝妙地,Unclassified,E2_Appraisal (Stimulus/Service Attribute),38,38,"joy, positive, surprise"
delicious,delicious,美味愉悦的,Unclassified,E2_Appraisal (Stimulus/Service Attribute),37,35,"joy, positive"
marvelous,marvelous,绝妙的 / 令人惊叹的,Unclassified,E1_E2_Candidate,36,34,"joy, positive"
nauseous,nauseous,恶心晕车的,Unclassified,E1_E2_Candidate,36,33,"disgust, negative, sadness"
reliable,reliable,可靠的 / 可信赖的,Unclassified,E1_E2_Candidate,36,36,"positive, trust"
anxious,anxious,焦虑不安的 / 挂虑的,Unclassified,E1_State (Direct Internal Affective State),35,33,"anticipation, fear, negative"
bother,bother,打扰 / 烦扰,Unclassified,E1_E2_Candidate,35,34,negative
humorous,humorous,幽默风趣的,Unclassified,E1_E2_Candidate,35,35,"joy, positive"
picturesque,picturesque,风景如画的,Unclassified,E1_E2_Candidate,35,35,"joy, positive"
superior,superior,优越顶尖的,Unclassified,E1_E2_Candidate,35,34,positive
surprisingly,surprisingly,出乎意料赞叹地,Unclassified,E2_Appraisal (Stimulus/Service Attribute),35,35,"anticipation, surprise"
anxiety,anxiety,焦虑 / 不安,Unclassified,E1_E2_Candidate,34,33,"anger, anticipation, fear, negative, sadness"
generous,generous,大方的 / 慷慨的,Unclassified,E1_E2_Candidate,34,34,"joy, positive, trust"
romantic,romantic,浪漫惬意的,Unclassified,E2_Appraisal (Stimulus/Service Attribute),34,31,"anticipation, joy, positive, trust"
sadly,sadly,令人遗憾地 / 悲伤地,Unclassified,E1_E2_Candidate,34,32,"negative, sadness"
worse,worse,更糟糕的,Unclassified,E1_E2_Candidate,34,31,"fear, negative, sadness"
overwhelming,overwhelming,铺天盖地震撼的,Unclassified,E1_E2_Candidate,33,33,positive
skillful,skillful,技术精湛的,Unclassified,E1_E2_Candidate,32,32,"positive, trust"
turbulent,turbulent,颠簸不安的,Unclassified,E1_E2_Candidate,32,30,"fear, negative"
cute,cute,可爱宜人的,Unclassified,E2_Appraisal (Stimulus/Service Attribute),31,30,positive
chatty,chatty,健谈热情的,Unclassified,E1_E2_Candidate,29,29,negative
convinced,convinced,深信不疑的 / 心服口服,Unclassified,E1_State (Direct Internal Affective State),29,29,trust
delighted,delighted,高高兴兴的,Unclassified,E1_State (Direct Internal Affective State),29,29,"anticipation, joy, positive, surprise"
stellar,stellar,璀璨顶尖级的,Unclassified,E1_E2_Candidate,29,28,positive
boring,boring,令人无聊乏味的,Boredom,E2_Appraisal (Stimulus/Service Attribute),28,27,negative
serene,serene,宁静祥和的,Unclassified,E1_E2_Candidate,28,28,"negative, trust"
eager,eager,热切的 / 渴望的,Unclassified,E1_E2_Candidate,27,26,"anticipation, joy, positive, surprise, trust"
peace,peace,宁静 / 和平,Unclassified,E1_E2_Candidate,27,27,"anticipation, joy, positive, trust"
splendor,splendor,壮丽辉煌的奇观,Unclassified,E2_Appraisal (Stimulus/Service Attribute),27,27,"anticipation, joy, positive, surprise"
bang,bang,物超所值（bang for buck）,Unclassified,E1_E2_Candidate,26,26,"anger, disgust, fear, negative, sadness, surprise"
cramped,cramped,拥挤狭窄不适的,Unclassified,E2_Appraisal (Stimulus/Service Attribute),26,25,negative
hate,hate,憎恨 / 讨厌,Hate / Dislike,E1_State (Direct Internal Affective State),26,26,"anger, disgust, fear, negative, sadness"
upset,upset,感到沮丧难过的,Distress / Sadness,E1_State (Direct Internal Affective State),26,23,"anger, negative, sadness"
communicative,communicative,善于沟通的,Unclassified,E1_E2_Candidate,25,25,positive
dangerous,dangerous,危险的,Unclassified,E1_E2_Candidate,25,25,"fear, negative"
ill,ill,生病的 / 恶心呕吐的,Unclassified,E1_E2_Candidate,25,23,"anger, disgust, fear, negative, sadness"
laughing,laughing,欢声笑语 / 开心大笑,Unclassified,E1_State (Direct Internal Affective State),25,24,"joy, positive"
inclement,inclement,恶劣的气候,Unclassified,E1_E2_Candidate,24,24,negative
magnificence,magnificence,壮丽震撼感,Awe / Grandeur,E2_Appraisal (Stimulus/Service Attribute),24,24,"anticipation, joy, positive, trust"
horrible,horrible,极度糟糕可怕的,Unclassified,E2_Appraisal (Stimulus/Service Attribute),23,22,"anger, disgust, fear, negative"
impeccable,impeccable,无可挑剔的,Unclassified,E1_E2_Candidate,23,23,"positive, trust"
fearful,fearful,恐惧的 / 担心的,Unclassified,E1_E2_Candidate,22,22,"fear, negative, sadness"
shining,shining,璀璨夺目的,Unclassified,E2_Appraisal (Stimulus/Service Attribute),22,22,"anticipation, joy, positive"
skeptical,skeptical,怀疑的 / 存疑的,Unclassified,E1_E2_Candidate,22,22,negative
tough,tough,严苛倒霉的,Unclassified,E1_E2_Candidate,22,22,"negative, sadness"
refreshing,refreshing,令人神清气爽耳目一新的,Unclassified,E2_Appraisal (Stimulus/Service Attribute),21,21,positive
spoil,spoil,破坏 / 毁掉（好心情）,Unclassified,E2_Appraisal (Stimulus/Service Attribute),21,20,"disgust, negative"
amusing,amusing,风趣风趣令人发笑的,Unclassified,E2_Appraisal (Stimulus/Service Attribute),20,20,"joy, positive"
cheerful,cheerful,欢快愉悦的,Joy,E1_State (Direct Internal Affective State),20,20,"joy, positive, surprise"
successful,successful,成功的 / 满意的,Unclassified,E1_E2_Candidate,20,20,"anticipation, joy, positive, trust"
chilly,chilly,寒冷不适的,Unclassified,E1_E2_Candidate,19,19,negative
exquisite,exquisite,精美的 / 绝妙的,Unclassified,E1_E2_Candidate,19,19,"joy, positive"
inspired,inspired,灵感大发 / 深受震撼的,Unclassified,E1_State (Direct Internal Affective State),19,19,"joy, positive, surprise, trust"
suitable,suitable,合适的 / 满意的,Unclassified,E1_E2_Candidate,19,19,positive
charm,charm,顺畅 / 令人满意,Unclassified,E1_E2_Candidate,18,17,positive
danger,danger,危险 / 威胁,Unclassified,E1_E2_Candidate,18,15,"fear, negative, sadness"
effective,effective,有效划算的,Unclassified,E1_E2_Candidate,18,18,"positive, trust"
handy,handy,实用的 / 贴心的,Unclassified,E1_E2_Candidate,18,17,positive
honesty,honesty,真诚 / 诚信解说,Unclassified,E2_Appraisal (Stimulus/Service Attribute),18,18,"positive, trust"
marvel,marvel,惊叹 / 奇迹,Amazement / Awe,E2_Appraisal (Stimulus/Service Attribute),18,17,"positive, surprise"
secret,secret,秘境 / 私密独享感,Unclassified,E2_Appraisal (Stimulus/Service Attribute),18,18,trust
soothing,soothing,舒缓抚慰人心的,Unclassified,E2_Appraisal (Stimulus/Service Attribute),18,18,"joy, positive, trust"
witty,witty,风趣幽默的,Unclassified,E2_Appraisal (Stimulus/Service Attribute),18,18,"joy, positive"
discomfort,discomfort,身体/心理不适感,Unclassified,E1_State (Direct Internal Affective State),17,17,"negative, sadness"
energetic,energetic,精力充沛的,Unclassified,E1_E2_Candidate,17,17,positive
overwhelmed,overwhelmed,被震撼/感动深深淹没的,Unclassified,E1_State (Direct Internal Affective State),17,17,"negative, sadness"
valuable,valuable,珍贵的 / 有价值的,Unclassified,E1_E2_Candidate,17,17,positive
insane,insane,疯狂震撼的 / 极端的,Unclassified,E1_E2_Candidate,16,16,"anger, fear, negative"
leery,leery,提防警惕 / 顾虑重重的,Unclassified,E1_State (Direct Internal Affective State),16,16,surprise
loving,loving,热爱的 / 充满了爱的,Love / Affection,E1_State (Direct Internal Affective State),16,16,"joy, positive, trust"
sensational,sensational,绝佳轰动震撼的,Unclassified,E2_Appraisal (Stimulus/Service Attribute),16,15,"joy, positive"
sudden,sudden,突然的 / 猝不及防的,Unclassified,E1_E2_Candidate,16,15,surprise
uncertain,uncertain,不确定的 / 顾虑的,Unclassified,E1_E2_Candidate,16,16,"anger, disgust, fear, negative, surprise"
worthy,worthy,非常值的 / 值得的,Unclassified,E2_Appraisal (Stimulus/Service Attribute),16,16,"positive, trust"
annoying,annoying,令人烦躁恼火的（Annoyance/Irritation Emotion）,Unclassified,E1_State (Direct Internal Affective State),15,15,"anger, negative"
awful,awful,极其糟糕的,Unclassified,E1_E2_Candidate,15,14,"anger, disgust, fear, negative, sadness"
fuss,fuss,大惊小怪 / 争吵骚动,Unclassified,E1_E2_Candidate,15,15,"anger, negative, sadness"
hilarious,hilarious,爆笑幽默搞笑的,Unclassified,E2_Appraisal (Stimulus/Service Attribute),15,15,"joy, positive, surprise"
immaculate,immaculate,完美无瑕洁净的,Unclassified,E2_Appraisal (Stimulus/Service Attribute),15,15,"joy, positive, trust"
respectful,respectful,充满敬意的,Unclassified,E1_E2_Candidate,15,15,"positive, trust"
authentic,authentic,地道的 / 真实无伪的,Unclassified,E1_E2_Candidate,14,14,"joy, positive, trust"
glowing,glowing,极度赞赏口碑极佳的,Unclassified,E2_Appraisal (Stimulus/Service Attribute),14,14,positive
intrusive,intrusive,突兀扰人的 / 煞风景的,Unclassified,E2_Appraisal (Stimulus/Service Attribute),14,14,"anger, disgust, fear, negative, surprise"
praise,praise,称赞 / 高度赞扬,Unclassified,E2_Appraisal (Stimulus/Service Attribute),14,14,"joy, positive, trust"
proud,proud,感到自豪骄傲的,Pride,E1_State (Direct Internal Affective State),14,14,"anticipation, joy, positive, trust"
ruined,ruined,毁掉行程的 / 扫兴糟心的,Unclassified,E2_Appraisal (Stimulus/Service Attribute),14,14,"anger, disgust, fear, negative, sadness"
apologetic,apologetic,诚恳抱歉致歉的,Unclassified,E2_Appraisal (Stimulus/Service Attribute),13,13,"positive, trust"
pleasurable,pleasurable,令人愉快的,Unclassified,E1_E2_Candidate,13,13,"joy, positive"
precious,precious,弥足珍贵的 memory,Unclassified,E2_Appraisal (Stimulus/Service Attribute),13,12,"anticipation, joy, positive, surprise"
responsible,responsible,负责任的,Unclassified,E1_E2_Candidate,13,13,"positive, trust"
uneasy,uneasy,心神不宁感到不安的,Unclassified,E1_State (Direct Internal Affective State),13,13,"disgust, fear, negative"
stuffy,stuffy,闷热不适的（体感不适）,Unclassified,E1_E2_Candidate,12,12,negative
wondrous,wondrous,惊叹奇妙的,Unclassified,E2_Appraisal (Stimulus/Service Attribute),12,12,positive
admire,admire,钦佩赞赏,Admiration,E1_State (Direct Internal Affective State),11,11,"positive, trust"
inviting,inviting,引人入胜令人愉悦的,Unclassified,E2_Appraisal (Stimulus/Service Attribute),11,11,"anticipation, joy, positive, surprise, trust"
mad,mad,发怒的 / 生气的,Unclassified,E1_E2_Candidate,11,11,"anger, disgust, fear, negative, sadness"
nervousness,nervousness,紧张不安的情绪,Unclassified,E1_State (Direct Internal Affective State),11,11,fear
sketchy,sketchy,令人不安可疑的,Unclassified,E1_E2_Candidate,11,11,negative
surprising,surprising,令人出乎意料惊喜的,Surprise,E2_Appraisal (Stimulus/Service Attribute),11,11,surprise
trepidation,trepidation,惊恐战栗 / 不安,Unclassified,E1_E2_Candidate,11,10,"anticipation, fear, negative, surprise"
wary,wary,警惕顾虑的,Unclassified,E1_E2_Candidate,11,11,fear
badly,badly,严重地 / 糟糕地,Unclassified,E1_E2_Candidate,10,9,"negative, sadness"
conscientious,conscientious,认真负责的,Unclassified,E1_E2_Candidate,10,10,"positive, trust"
ecstatic,ecstatic,狂喜的 / 极度兴奋的,Unclassified,E1_E2_Candidate,10,10,"anticipation, joy, positive, surprise"
improvement,improvement,体验改善 / 提升,Unclassified,E2_Appraisal (Stimulus/Service Attribute),10,10,"joy, positive, trust"
improving,improving,不断改善令人满意的,Unclassified,E2_Appraisal (Stimulus/Service Attribute),10,10,positive
jealous,jealous,令人羡慕嫉妒的,Unclassified,E1_State (Direct Internal Affective State),10,9,"anger, disgust, negative"
quaint,quaint,古朴宜人的,Unclassified,E2_Appraisal (Stimulus/Service Attribute),10,10,"joy, positive, trust"
raving,raving,赞不绝口极力推荐的,Unclassified,E2_Appraisal (Stimulus/Service Attribute),10,10,"anger, anticipation, fear, joy, negative, surprise"
stunned,stunned,感到目瞪口呆震撼的,Surprise / Amazement,E1_State (Direct Internal Affective State),10,9,"fear, negative, surprise"
unfortunate,unfortunate,不幸遗憾的,Unclassified,E1_E2_Candidate,10,10,"negative, sadness"
bummer,bummer,令人扫兴扫兴的事,Unclassified,E2_Appraisal (Stimulus/Service Attribute),9,9,"anger, disgust, negative"
compliment,compliment,赞美 / 赞赏评价,Unclassified,E2_Appraisal (Stimulus/Service Attribute),9,9,"anticipation, joy, positive, surprise, trust"
miserable,miserable,极度痛苦糟糕的,Unclassified,E1_State (Direct Internal Affective State),9,8,"anger, disgust, negative, sadness"
susceptible,susceptible,易受影响脆弱的,Unclassified,E1_E2_Candidate,9,9,negative
terribly,terribly,极度负面地 / 抱歉,Unclassified,E1_E2_Candidate,9,9,sadness
exhausted,exhausted,精疲力竭极为疲惫的,Unclassified,E1_State (Direct Internal Affective State),8,8,"negative, sadness"
exhilaration,exhilaration,极度兴奋快感,Unclassified,E1_State (Direct Internal Affective State),8,8,"joy, positive, surprise"
frightened,frightened,感到受惊吓害怕的,Fear,E1_State (Direct Internal Affective State),8,8,"fear, negative, surprise"
frustration,frustration,挫败感 / 烦恼,Unclassified,E1_E2_Candidate,8,8,"anger, negative"
grace,grace,优雅 / 良好风度,Unclassified,E2_Appraisal (Stimulus/Service Attribute),8,8,positive
mindful,mindful,细心周到的,Unclassified,E2_Appraisal (Stimulus/Service Attribute),8,8,positive
nerve,nerve,紧张神经,Unclassified,E1_E2_Candidate,8,8,positive
poorly,poorly,糟糕地 / 差劲地,Unclassified,E1_E2_Candidate,8,7,negative
unstable,unstable,不稳定摇晃令人担心的,Unclassified,E2_Appraisal (Stimulus/Service Attribute),8,7,"fear, negative, surprise"
confusion,confusion,困惑 / 混乱,Unclassified,E1_E2_Candidate,7,7,"anger, fear, negative"
hopeful,hopeful,怀抱希望的,Unclassified,E1_E2_Candidate,7,7,"anticipation, joy, positive, surprise, trust"
laughter,laughter,欢笑 / 笑声,Unclassified,E1_E2_Candidate,7,7,"anticipation, joy, positive, surprise"
painful,painful,痛苦的 / 令人难受的,Unclassified,E1_E2_Candidate,7,6,"anger, disgust, fear, negative, sadness"
panic,panic,恐慌 / 惊恐状态,Fear / Panic,E1_State (Direct Internal Affective State),7,6,"fear, negative"
powerful,powerful,强烈的 / 感人的,Unclassified,E1_E2_Candidate,7,7,"anger, anticipation, disgust, fear, joy, positive, trust"
reputable,reputable,信誉良好的,Unclassified,E1_E2_Candidate,7,7,"positive, trust"
ridiculous,ridiculous,荒谬的 / 离谱的,Unclassified,E1_E2_Candidate,7,7,"anger, disgust, negative"
serenity,serenity,宁静 / 祥和,Unclassified,E1_E2_Candidate,7,7,"anticipation, joy, positive, trust"
unhappy,unhappy,不高兴不满意的,Unclassified,E1_State (Direct Internal Affective State),7,7,"anger, disgust, negative, sadness"
unpleasant,unpleasant,令人不快令人难受的,Unclassified,E2_Appraisal (Stimulus/Service Attribute),7,7,"disgust, negative, sadness"
weird,weird,古怪令人不安的,Unclassified,E2_Appraisal (Stimulus/Service Attribute),7,7,"disgust, negative"
worrying,worry,令人担心的,Anxiety / Worry,E2_Appraisal (Stimulus/Service Attribute),7,7,"anticipation, fear, negative, sadness"
amaze,amaze,使惊叹 / 惊奇,Amazement,E2_Appraisal (Stimulus/Service Attribute),6,5,surprise
blind,blind,盲目的 / 视线受阻的,Unclassified,E1_E2_Candidate,6,6,negative
gratitude,gratitude,感激 / 感恩,Unclassified,E1_E2_Candidate,6,6,"joy, positive"
hug,hug,拥抱 / 温暖关怀,Unclassified,E1_E2_Candidate,6,5,"joy, positive, trust"
jovial,jovial,欢快风趣的,Unclassified,E2_Appraisal (Stimulus/Service Attribute),6,6,"joy, positive"
precision,precision,精准靠谱的,Unclassified,E2_Appraisal (Stimulus/Service Attribute),6,6,positive
reassurance,reassurance,令人放心的安抚感,Relief / Reassurance,E1_State (Direct Internal Affective State),6,6,"positive, trust"
relief,relief,轻松如释重负感,Relief,E1_State (Direct Internal Affective State),6,6,positive
timid,timid,胆怯害羞的,Fear / Nervousness,E1_State (Direct Internal Affective State),6,6,"fear, negative, sadness"
apprehension,apprehension,忧虑 / 疑虑不安,Anxiety / Fear,E1_State (Direct Internal Affective State),5,4,"fear, negative"
faultless,faultless,无可挑剔完美的,Unclassified,E2_Appraisal (Stimulus/Service Attribute),5,5,"positive, trust"
gloomy,gloomy,阴沉的 / 沮丧的,Unclassified,E1_E2_Candidate,5,4,"negative, sadness"
joyful,joyful,充满喜悦欢快的,Unclassified,E1_State (Direct Internal Affective State),5,5,"joy, positive, trust"
luscious,luscious,秀美令人心旷神怡的,Unclassified,E2_Appraisal (Stimulus/Service Attribute),5,5,"anticipation, joy, positive"
pity,pity,遗憾 / 同情怜悯,Pity / Sadness,E1_State (Direct Internal Affective State),5,5,sadness
scare,scare,吓人 / 引发恐慌的,Unclassified,E2_Appraisal (Stimulus/Service Attribute),5,5,"anger, anticipation, fear, negative, surprise"
shock,shock,震惊 / 冲击,Surprise / Shock,E1_State (Direct Internal Affective State),5,5,"anger, fear, negative, surprise"
captivating,captivating,扣人心弦引人入胜的,Fascination / Awe,E2_Appraisal (Stimulus/Service Attribute),4,4,positive
frustrated,frustrated,感到沮丧的 / 挫败的,Unclassified,E1_State (Direct Internal Affective State),4,4,"anger, negative"
hungry,hungry,贪婪的（money hungry）,Unclassified,E1_E2_Candidate,4,4,"anticipation, negative"
irritating,irritating,令人烦躁恼火的,Annoyance / Irritation,E2_Appraisal (Stimulus/Service Attribute),4,4,"anger, disgust, negative"
nasty,nasty,令人厌恶的 / 恶劣的,Unclassified,E1_E2_Candidate,4,3,"anger, disgust, fear, negative, sadness"
ominous,ominous,不详的 / 不妙的,Unclassified,E1_E2_Candidate,4,3,"anticipation, fear, negative"
regretting,regret,感到后悔遗憾的,Regret,E1_State (Direct Internal Affective State),4,4,"negative, sadness"
tranquil,tranquil,清幽宁静的（Calmness/Serenity State）,Unclassified,E1_State (Direct Internal Affective State),4,4,"joy, positive"
tranquility,tranquility,宁静 / 平和,Unclassified,E1_E2_Candidate,4,4,"joy, positive, trust"
unfair,unfair,不公平的 / 冤枉的,Unclassified,E1_E2_Candidate,4,3,"anger, disgust, negative, sadness"
unfriendly,unfriendly,不友善的,Unclassified,E1_E2_Candidate,4,4,"anger, disgust, fear, negative, sadness"
wicked,wicked,太棒了 / 绝妙的,Unclassified,E2_Appraisal (Stimulus/Service Attribute),4,4,"fear, negative"
beneficial,beneficial,有益的 / 有帮助的,Unclassified,E1_E2_Candidate,3,3,positive
candid,candid,坦率真诚的,Unclassified,E1_E2_Candidate,3,3,"anticipation, joy, positive, surprise, trust"
cheer,cheer,振奋 / 欢呼,Unclassified,E1_E2_Candidate,3,3,"anticipation, joy, positive, surprise, trust"
compassion,compassion,同理心 / 关切,Compassion,E1_State (Direct Internal Affective State),3,3,"fear, positive"
compassionate,compassionate,富有同理心体贴的,Compassion,E2_Appraisal (Stimulus/Service Attribute),3,3,positive
curiosity,curiosity,好奇心 / 探索欲,Unclassified,E1_State (Direct Internal Affective State),3,3,"anticipation, positive, surprise"
deaf,deaf,听而不闻冷漠的（fell on deaf ears）,Unclassified,E2_Appraisal (Stimulus/Service Attribute),3,3,negative
ecstasy,ecstasy,狂喜 / 极乐状态,Intense Joy,E1_State (Direct Internal Affective State),3,3,"anticipation, joy, positive"
guilty,guilty,内疚内疚感,Guilt,E1_State (Direct Internal Affective State),3,3,"anger, negative, sadness"
happiness,happiness,幸福快乐感,Unclassified,E1_State (Direct Internal Affective State),3,3,"anticipation, joy, positive"
harrowing,harrowing,令人触目惊心惊恐的,Fear / Dread,E2_Appraisal (Stimulus/Service Attribute),3,3,"fear, negative"
heartfelt,heartfelt,真挚的 / 出自内心的,Unclassified,E1_E2_Candidate,3,3,"joy, positive, sadness, trust"
horribly,horrible,糟糕恐怖地,Disgust / Distress,E2_Appraisal (Stimulus/Service Attribute),3,3,negative
incomprehensible,incomprehensible,难以理解令人困惑的,Unclassified,E2_Appraisal (Stimulus/Service Attribute),3,3,negative
joking,joking,开玩笑的,Unclassified,E1_E2_Candidate,3,3,positive
marvelously,marvelously,奇妙极其出色地,Unclassified,E2_Appraisal (Stimulus/Service Attribute),3,3,"joy, positive"
overjoyed,overjoyed,欣喜若狂的,Joy,E1_State (Direct Internal Affective State),3,3,"joy, positive"
reassure,reassure,使人感到安心放心的,Relief / Reassurance,E2_Appraisal (Stimulus/Service Attribute),3,3,"positive, trust"
remorse,remorse,懊悔 / 悔恨,Regret / Guilt,E1_State (Direct Internal Affective State),3,3,"negative, sadness"
rickety,rickety,摇摇欲坠的,Unclassified,E1_E2_Candidate,3,3,negative
sickening,sickening,令人作呕恶心的,Disgust,E2_Appraisal (Stimulus/Service Attribute),3,3,"anger, disgust, fear, negative, sadness"
sympathy,sympathy,同情 / 体谅,Sympathy,E1_State (Direct Internal Affective State),3,3,"positive, sadness"
uneasiness,uneasiness,不安 / 忐忑感,Anxiety,E1_State (Direct Internal Affective State),3,3,"anticipation, negative, sadness"
unsettled,unsettled,心神不宁忐忑的,Uneasiness / Anxiety,E1_State (Direct Internal Affective State),3,3,"anger, disgust, fear, negative"
agreeable,agreeable,宜人的 / 令人满意的,Unclassified,E1_E2_Candidate,2,2,"positive, trust"
animated,animated,生动的 / 活力充沛的,Unclassified,E1_E2_Candidate,2,2,"joy, positive"
bothering,bothering,打扰令人烦心的,Unclassified,E2_Appraisal (Stimulus/Service Attribute),2,2,"anger, negative, sadness"
clever,clever,聪明睿智的,Unclassified,E2_Appraisal (Stimulus/Service Attribute),2,2,positive
compliant,compliant,顺从的 / 合规安心的,Unclassified,E1_E2_Candidate,2,2,positive
darling,darling,可爱的 / 亲切的,Unclassified,E1_E2_Candidate,2,2,"joy, positive, trust"
desperate,desperate,感到绝望迫切的,Unclassified,E1_State (Direct Internal Affective State),2,2,negative
humility,humility,谦逊贴心,Unclassified,E2_Appraisal (Stimulus/Service Attribute),2,1,"positive, trust"
offensive,offensive,冒犯的 / 令人不适的,Unclassified,E1_E2_Candidate,2,2,"anger, disgust, negative"
rigid,rigid,刻板不近人情的,Unclassified,E1_E2_Candidate,2,2,negative
squeamish,squeamish,胆怯恶心体质易受惊的,Unclassified,E1_State (Direct Internal Affective State),2,2,"disgust, fear, negative"
suffering,suffering,受苦受难不适,Unclassified,E1_State (Direct Internal Affective State),2,2,"disgust, fear, negative, sadness"
threaten,threaten,受到威胁/令人不安的,Unclassified,E2_Appraisal (Stimulus/Service Attribute),2,2,"anger, anticipation, fear, negative"
decency,decency,礼貌体面 / 服务缺乏礼貌体面,Unclassified,E2_Appraisal (Stimulus/Service Attribute),1,1,positive
dismay,dismay,感到沮丧吃惊,Disappointment / Distress,E1_State (Direct Internal Affective State),1,1,"anger, anticipation, fear, negative, sadness, surprise"
disrespectful,disrespectful,无礼的 / 冒犯的,Unclassified,E1_E2_Candidate,1,1,"anger, disgust, fear, negative, sadness"
gloom,gloom,阴郁忧伤,Sadness / Gloom,E1_State (Direct Internal Affective State),1,1,"negative, sadness"
grumpy,grumpy,脾气暴躁的 / 不悦的,Unclassified,E1_E2_Candidate,1,1,"anger, disgust, negative, sadness"
hazardous,hazardous,危险的 / 有隐患的,Unclassified,E1_E2_Candidate,1,1,"fear, negative"
hostile,hostile,敌意的 / 恶劣的,Unclassified,E1_E2_Candidate,1,1,"anger, disgust, fear, negative"
quell,quell,镇定 / 平息（恐惧）,Unclassified,E1_State (Direct Internal Affective State),1,1,negative
reward,reward,赏心悦目的奖赏体验,Unclassified,E1_State (Direct Internal Affective State),1,1,"anticipation, joy, positive, surprise, trust"
shady,shady,可疑不诚信的,Unclassified,E1_E2_Candidate,1,1,"fear, negative"
truthful,truthful,真实可信的,Unclassified,E1_E2_Candidate,1,1,trust
ungodly,ungodly,糟糕恶劣的,Unclassified,E1_E2_Candidate,1,1,"negative, sadness"
unwell,unwell,身体不适的,Unclassified,E1_E2_Candidate,1,1,"negative, sadness"
