word,canonical_lemma,frequency_21215,chinese_translation,strict_raw_category_id,strict_raw_category_name,class_taxonomy,nrc_emotion
great,great,11541,非常棒的 / 极好的,2. Class 2 Colloquial,Class 2: Colloquial Superlatives & Base Terms (128 Words),1a. NRC 原生 8大情绪涵盖词 (286 Words),Joy / Trust / Fear / Sadness
amazing,amazing,6251,极其震撼赞叹的 / 太棒了,2. Class 2 Colloquial,Class 2: Colloquial Superlatives & Base Terms (128 Words),1a. NRC 原生 8大情绪涵盖词 (286 Words),Joy / Trust / Fear / Sadness
beautiful,beautiful,3485,美丽绝伦的,0. Direct NRC,Direct NRC Included (358 Words),1a. NRC 原生 8大情绪涵盖词 (286 Words),Joy / Trust / Fear / Sadness
best,best,3420,最棒的 / 顶级的,2. Class 2 Colloquial,Class 2: Colloquial Superlatives & Base Terms (128 Words),1a. NRC 原生 8大情绪涵盖词 (286 Words),Joy / Trust / Fear / Sadness
friendly,friendly,3416,友好的 / 亲切的,0. Direct NRC,Direct NRC Included (358 Words),1a. NRC 原生 8大情绪涵盖词 (286 Words),Joy / Trust / Fear / Sadness
worth,worth,2799,物有所值的 / 绝对值得的,0. Direct NRC,Direct NRC Included (358 Words),1a. NRC 原生 8大情绪涵盖词 (286 Words),Joy / Trust / Fear / Sadness
wonderful,wonderful,2677,精彩美妙的,0. Direct NRC,Direct NRC Included (358 Words),1a. NRC 原生 8大情绪涵盖词 (286 Words),Joy / Trust / Fear / Sadness
good,good,2635,良好的 / 棒的（服务与体验）,0. Direct NRC,Direct NRC Included (358 Words),1a. NRC 原生 8大情绪涵盖词 (286 Words),Joy / Trust / Fear / Sadness
awesome,awesome,2530,太棒了 / 极为赞叹的,2. Class 2 Colloquial,Class 2: Colloquial Superlatives & Base Terms (128 Words),1a. NRC 原生 8大情绪涵盖词 (286 Words),Joy / Trust / Fear / Sadness
excellent,excellent,2284,卓越极佳的 / 顶级的,0. Direct NRC,Direct NRC Included (358 Words),1a. NRC 原生 8大情绪涵盖词 (286 Words),Joy / Trust / Fear / Sadness
fantastic,fantastic,2026,奇妙太棒的,2. Class 2 Colloquial,Class 2: Colloquial Superlatives & Base Terms (128 Words),1a. NRC 原生 8大情绪涵盖词 (286 Words),Joy / Trust / Fear / Sadness
nice,nice,1794,美好的 / 良好的,2. Class 2 Colloquial,Class 2: Colloquial Superlatives & Base Terms (128 Words),1a. NRC 原生 8大情绪涵盖词 (286 Words),Joy / Trust / Fear / Sadness
fun,fun,1729,乐趣十足的 / 充满乐趣的,0. Direct NRC,Direct NRC Included (358 Words),1a. NRC 原生 8大情绪涵盖词 (286 Words),Joy / Trust / Fear / Sadness
spectacular,spectacular,1616,壮观震撼的（高空景观）,0. Direct NRC,Direct NRC Included (358 Words),2b. Class 3 低空观光领域专有采掘词 (16 Words),CATE (Low-Altitude Air Tourism Domain Discovery)
incredible,incredible,1612,难以置信震撼的,2. Class 2 Colloquial,Class 2: Colloquial Superlatives & Base Terms (128 Words),2b. Class 3 低空观光领域专有采掘词 (16 Words),CATE (Low-Altitude Air Tourism Domain Discovery)
better,better,1585,更好的 / 更满意的（超过预期）,2. Class 2 Colloquial,Class 2: Colloquial Superlatives & Base Terms (128 Words),1a. NRC 原生 8大情绪涵盖词 (286 Words),Joy / Trust / Fear / Sadness
perfect,perfect,1474,完美的 / 无瑕的,0. Direct NRC,Direct NRC Included (358 Words),1a. NRC 原生 8大情绪涵盖词 (286 Words),Joy / Trust / Fear / Sadness
loved,loved,1473,喜爱 / 热爱（体验）,2. Class 2 Colloquial,Class 2: Colloquial Superlatives & Base Terms (128 Words),1a. NRC 原生 8大情绪涵盖词 (286 Words),Joy / Trust / Fear / Sadness
comfortable,comfortable,1446,舒适的 / 安心的,2. Class 2 Colloquial,Class 2: Colloquial Superlatives & Base Terms (128 Words),1a. NRC 原生 8大情绪涵盖词 (286 Words),Joy / Trust / Fear / Sadness
breathtaking,breathtaking,1346,令人屏息震撼的,3. Class 3 Domain,Class 3: Low-Altitude Domain Lexicon (17 Words) ⭐,1a. NRC 原生 8大情绪涵盖词 (286 Words),Joy / Trust / Fear / Sadness
helpful,helpful,1157,热心有帮助的 / 周到解说,0. Direct NRC,Direct NRC Included (358 Words),1a. NRC 原生 8大情绪涵盖词 (286 Words),Joy / Trust / Fear / Sadness
glad,glad,897,感到高兴放心的,0. Direct NRC,Direct NRC Included (358 Words),1a. NRC 原生 8大情绪涵盖词 (286 Words),Joy / Trust / Fear / Sadness
interesting,interesting,886,引人入胜的 / 趣味盎然的,0. Direct NRC,Direct NRC Included (358 Words),1a. NRC 原生 8大情绪涵盖词 (286 Words),Joy / Trust / Fear / Sadness
cool,cool,652,酷的 / 爽快的,0. Direct NRC,Direct NRC Included (358 Words),1a. NRC 原生 8大情绪涵盖词 (286 Words),Joy / Trust / Fear / Sadness
special,special,631,特别的 / 珍贵的,0. Direct NRC,Direct NRC Included (358 Words),1a. NRC 原生 8大情绪涵盖词 (286 Words),Joy / Trust / Fear / Sadness
lucky,lucky,607,感到幸运的,0. Direct NRC,Direct NRC Included (358 Words),1a. NRC 原生 8大情绪涵盖词 (286 Words),Joy / Trust / Fear / Sadness
kind,kind,587,亲切的 / 友善的,0. Direct NRC,Direct NRC Included (358 Words),1a. NRC 原生 8大情绪涵盖词 (286 Words),Joy / Trust / Fear / Sadness
memorable,memorable,580,令人终生难忘的,0. Direct NRC,Direct NRC Included (358 Words),1a. NRC 原生 8大情绪涵盖词 (286 Words),Joy / Trust / Fear / Sadness
happy,happy,555,高兴的 / 快乐的,0. Direct NRC,Direct NRC Included (358 Words),1a. NRC 原生 8大情绪涵盖词 (286 Words),Joy / Trust / Fear / Sadness
stunning,stunning,552,令人目眩震撼的,3. Class 3 Domain,Class 3: Low-Altitude Domain Lexicon (17 Words) ⭐,1a. NRC 原生 8大情绪涵盖词 (286 Words),Joy / Trust / Fear / Sadness
nervous,nervous,513,紧张的 / 焦虑不安的,0. Direct NRC,Direct NRC Included (358 Words),1a. NRC 原生 8大情绪涵盖词 (286 Words),Joy / Trust / Fear / Sadness
fabulous,fabulous,508,绝妙的 / 极好的,2. Class 2 Colloquial,Class 2: Colloquial Superlatives & Base Terms (128 Words),1a. NRC 原生 8大情绪涵盖词 (286 Words),Joy / Trust / Fear / Sadness
disappointed,disappointed,488,感到失望的 / 遗憾的,0. Direct NRC,Direct NRC Included (358 Words),1a. NRC 原生 8大情绪涵盖词 (286 Words),Joy / Trust / Fear / Sadness
outstanding,outstanding,462,杰出出色的,0. Direct NRC,Direct NRC Included (358 Words),1a. NRC 原生 8大情绪涵盖词 (286 Words),Joy / Trust / Fear / Sadness
enjoyable,enjoyable,460,令人愉快的 / 趣味盎然的,2. Class 2 Colloquial,Class 2: Colloquial Superlatives & Base Terms (128 Words),1a. NRC 原生 8大情绪涵盖词 (286 Words),Joy / Trust / Fear / Sadness
love,love,450,喜爱 / 极度热爱的,0. Direct NRC,Direct NRC Included (358 Words),1a. NRC 原生 8大情绪涵盖词 (286 Words),Joy / Trust / Fear / Sadness
gorgeous,gorgeous,414,极其漂亮的 / 绚丽的,0. Direct NRC,Direct NRC Included (358 Words),1a. NRC 原生 8大情绪涵盖词 (286 Words),Joy / Trust / Fear / Sadness
scenic,scenic,400,风景优美的 / 宜人的,3. Class 3 Domain,Class 3: Low-Altitude Domain Lexicon (17 Words) ⭐,2b. Class 3 低空观光领域专有采掘词 (16 Words),CATE (Low-Altitude Air Tourism Domain Discovery)
bad,bad,373,糟糕的 / 坏的,0. Direct NRC,Direct NRC Included (358 Words),1a. NRC 原生 8大情绪涵盖词 (286 Words),Joy / Trust / Fear / Sadness
exciting,exciting,324,令人兴奋刺激的,0. Direct NRC,Direct NRC Included (358 Words),1a. NRC 原生 8大情绪涵盖词 (286 Words),Joy / Trust / Fear / Sadness
pleasant,pleasant,306,令人愉快的 / 宜人的,0. Direct NRC,Direct NRC Included (358 Words),1a. NRC 原生 8大情绪涵盖词 (286 Words),Joy / Trust / Fear / Sadness
awe,awe,304,敬畏 / 震撼,3. Class 3 Domain,Class 3: Low-Altitude Domain Lexicon (17 Words) ⭐,2b. Class 3 低空观光领域专有采掘词 (16 Words),CATE (Low-Altitude Air Tourism Domain Discovery)
unbelievable,unbelievable,302,难以置信的 / 震撼的,0. Direct NRC,Direct NRC Included (358 Words),1a. NRC 原生 8大情绪涵盖词 (286 Words),Joy / Trust / Fear / Sadness
funny,funny,301,幽默风趣的,2. Class 2 Colloquial,Class 2: Colloquial Superlatives & Base Terms (128 Words),1a. NRC 原生 8大情绪涵盖词 (286 Words),Joy / Trust / Fear / Sadness
hard,hard,297,困难的 / 艰辛的,2. Class 2 Colloquial,Class 2: Colloquial Superlatives & Base Terms (128 Words),1a. NRC 原生 8大情绪涵盖词 (286 Words),Joy / Trust / Fear / Sadness
regret,regret,293,遗憾 / 后悔,0. Direct NRC,Direct NRC Included (358 Words),1a. NRC 原生 8大情绪涵盖词 (286 Words),Joy / Trust / Fear / Sadness
magnificent,magnificent,282,壮丽的 / 宏伟震撼的（Awe）,0. Direct NRC,Direct NRC Included (358 Words),1a. NRC 原生 8大情绪涵盖词 (286 Words),Joy / Trust / Fear / Sadness
exceptional,exceptional,276,卓越的 / 杰出的（顶级评价）,2. Class 2 Colloquial,Class 2: Colloquial Superlatives & Base Terms (128 Words),2b. Class 3 低空观光领域专有采掘词 (16 Words),CATE (Low-Altitude Air Tourism Domain Discovery)
sick,sick,274,晕机的 / 身体不适的,0. Direct NRC,Direct NRC Included (358 Words),1a. NRC 原生 8大情绪涵盖词 (286 Words),Joy / Trust / Fear / Sadness
lovely,lovely,266,令人愉悦的 / 可爱的,0. Direct NRC,Direct NRC Included (358 Words),1a. NRC 原生 8大情绪涵盖词 (286 Words),Joy / Trust / Fear / Sadness
terrific,terrific,260,极好的 / 太棒了,0. Direct NRC,Direct NRC Included (358 Words),1a. NRC 原生 8大情绪涵盖词 (286 Words),Joy / Trust / Fear / Sadness
calm,calm,259,镇定 / 平息情绪的,0. Direct NRC,Direct NRC Included (358 Words),1a. NRC 原生 8大情绪涵盖词 (286 Words),Joy / Trust / Fear / Sadness
impressed,impressed,255,感到深深被折服/留下深刻印象,2. Class 2 Colloquial,Class 2: Colloquial Superlatives & Base Terms (128 Words),1a. NRC 原生 8大情绪涵盖词 (286 Words),Joy / Trust / Fear / Sadness
unfortunately,unfortunately,240,不幸的是 / 遗憾的是,2. Class 2 Colloquial,Class 2: Colloquial Superlatives & Base Terms (128 Words),1a. NRC 原生 8大情绪涵盖词 (286 Words),Joy / Trust / Fear / Sadness
fortunate,fortunate,235,幸运的 / 幸运地,0. Direct NRC,Direct NRC Included (358 Words),1a. NRC 原生 8大情绪涵盖词 (286 Words),Joy / Trust / Fear / Sadness
efficient,efficient,215,高效省心的,0. Direct NRC,Direct NRC Included (358 Words),1a. NRC 原生 8大情绪涵盖词 (286 Words),Joy / Trust / Fear / Sadness
welcome,welcome,212,受欢迎的 / 感受温暖的,2. Class 2 Colloquial,Class 2: Colloquial Superlatives & Base Terms (128 Words),1a. NRC 原生 8大情绪涵盖词 (286 Words),Joy / Trust / Fear / Sadness
entertaining,entertaining,210,引人入胜生动有趣的,0. Direct NRC,Direct NRC Included (358 Words),1a. NRC 原生 8大情绪涵盖词 (286 Words),Joy / Trust / Fear / Sadness
inspiring,inspiring,210,令人启发震慑的,2. Class 2 Colloquial,Class 2: Colloquial Superlatives & Base Terms (128 Words),1a. NRC 原生 8大情绪涵盖词 (286 Words),Joy / Trust / Fear / Sadness
phenomenal,phenomenal,200,现象级震撼的,2. Class 2 Colloquial,Class 2: Colloquial Superlatives & Base Terms (128 Words),2b. Class 3 低空观光领域专有采掘词 (16 Words),CATE (Low-Altitude Air Tourism Domain Discovery)
superb,superb,196,极好精湛的,0. Direct NRC,Direct NRC Included (358 Words),1a. NRC 原生 8大情绪涵盖词 (286 Words),Joy / Trust / Fear / Sadness
surprised,surprised,196,感到惊喜惊讶的,0. Direct NRC,Direct NRC Included (358 Words),1a. NRC 原生 8大情绪涵盖词 (286 Words),Joy / Trust / Fear / Sadness
surprise,surprise,195,惊喜 / 意料之外的喜悦,0. Direct NRC,Direct NRC Included (358 Words),1a. NRC 原生 8大情绪涵盖词 (286 Words),Joy / Trust / Fear / Sadness
fine,fine,190,良好的 / 优秀的,2. Class 2 Colloquial,Class 2: Colloquial Superlatives & Base Terms (128 Words),1a. NRC 原生 8大情绪涵盖词 (286 Words),Joy / Trust / Fear / Sadness
brilliant,brilliant,184,璀璨的 / 出色的,0. Direct NRC,Direct NRC Included (358 Words),1a. NRC 原生 8大情绪涵盖词 (286 Words),Joy / Trust / Fear / Sadness
ready,ready,171,准备就绪的 / 心安的,0. Direct NRC,Direct NRC Included (358 Words),1a. NRC 原生 8大情绪涵盖词 (286 Words),Joy / Trust / Fear / Sadness
excited,excited,167,兴奋的 / 激动的,0. Direct NRC,Direct NRC Included (358 Words),1a. NRC 原生 8大情绪涵盖词 (286 Words),Joy / Trust / Fear / Sadness
majestic,majestic,165,雄伟的 / 壮丽的,0. Direct NRC,Direct NRC Included (358 Words),2b. Class 3 低空观光领域专有采掘词 (16 Words),CATE (Low-Altitude Air Tourism Domain Discovery)
competent,competent,163,称职的 / 有能力的,0. Direct NRC,Direct NRC Included (358 Words),1a. NRC 原生 8大情绪涵盖词 (286 Words),Joy / Trust / Fear / Sadness
quiet,quiet,161,宁静的 / 幽雅安静的,0. Direct NRC,Direct NRC Included (358 Words),1a. NRC 原生 8大情绪涵盖词 (286 Words),Joy / Trust / Fear / Sadness
relaxed,relaxed,159,放松的 / 从容的,2. Class 2 Colloquial,Class 2: Colloquial Superlatives & Base Terms (128 Words),1a. NRC 原生 8大情绪涵盖词 (286 Words),Joy / Trust / Fear / Sadness
hope,hope,159,希望 / 期盼,0. Direct NRC,Direct NRC Included (358 Words),1a. NRC 原生 8大情绪涵盖词 (286 Words),Joy / Trust / Fear / Sadness
perfectly,perfectly,155,完美地 / 无可挑剔地,2. Class 2 Colloquial,Class 2: Colloquial Superlatives & Base Terms (128 Words),1a. NRC 原生 8大情绪涵盖词 (286 Words),Joy / Trust / Fear / Sadness
concerned,concern,155,感到担心的,0. Direct NRC,Direct NRC Included (358 Words),1a. NRC 原生 8大情绪涵盖词 (286 Words),Joy / Trust / Fear / Sadness
interested,interested,153,感兴趣的 / 充满好奇的,0. Direct NRC,Direct NRC Included (358 Words),1a. NRC 原生 8大情绪涵盖词 (286 Words),Joy / Trust / Fear / Sadness
pleasure,pleasure,153,乐趣 / 愉悦,2. Class 2 Colloquial,Class 2: Colloquial Superlatives & Base Terms (128 Words),1a. NRC 原生 8大情绪涵盖词 (286 Words),Joy / Trust / Fear / Sadness
magical,magical,152,神奇的 / 魔幻般的,0. Direct NRC,Direct NRC Included (358 Words),1a. NRC 原生 8大情绪涵盖词 (286 Words),Joy / Trust / Fear / Sadness
afraid,afraid,150,害怕的 / 恐惧的,0. Direct NRC,Direct NRC Included (358 Words),1a. NRC 原生 8大情绪涵盖词 (286 Words),Joy / Trust / Fear / Sadness
worried,worried,149,感到担心的,0. Direct NRC,Direct NRC Included (358 Words),1a. NRC 原生 8大情绪涵盖词 (286 Words),Joy / Trust / Fear / Sadness
scared,scared,144,感到恐惧害怕的,2. Class 2 Colloquial,Class 2: Colloquial Superlatives & Base Terms (128 Words),1a. NRC 原生 8大情绪涵盖词 (286 Words),Joy / Trust / Fear / Sadness
fully,fully,143,完全地 / 充分地,0. Direct NRC,Direct NRC Included (358 Words),1a. NRC 原生 8大情绪涵盖词 (286 Words),Joy / Trust / Fear / Sadness
wrong,wrong,137,出差错的 / 错误的（负面体验）,0. Direct NRC,Direct NRC Included (358 Words),1a. NRC 原生 8大情绪涵盖词 (286 Words),Joy / Trust / Fear / Sadness
cheap,cheap,134,便宜的 / 廉价的,0. Direct NRC,Direct NRC Included (358 Words),1a. NRC 原生 8大情绪涵盖词 (286 Words),Joy / Trust / Fear / Sadness
blessed,blessed,133,感到有福的 / 幸运的,0. Direct NRC,Direct NRC Included (358 Words),1a. NRC 原生 8大情绪涵盖词 (286 Words),Joy / Trust / Fear / Sadness
pleased,pleased,132,感到满意的,0. Direct NRC,Direct NRC Included (358 Words),1a. NRC 原生 8大情绪涵盖词 (286 Words),Joy / Trust / Fear / Sadness
safely,safely,132,安全平稳地,2. Class 2 Colloquial,Class 2: Colloquial Superlatives & Base Terms (128 Words),1a. NRC 原生 8大情绪涵盖词 (286 Words),Joy / Trust / Fear / Sadness
exactly,exactly,130,精准地 / 正是,2. Class 2 Colloquial,Class 2: Colloquial Superlatives & Base Terms (128 Words),1a. NRC 原生 8大情绪涵盖词 (286 Words),Joy / Trust / Fear / Sadness
impressive,impressive,130,令人印象深刻的,2. Class 2 Colloquial,Class 2: Colloquial Superlatives & Base Terms (128 Words),1a. NRC 原生 8大情绪涵盖词 (286 Words),Joy / Trust / Fear / Sadness
thrill,thrill,129,刺激 / 震慑感,0. Direct NRC,Direct NRC Included (358 Words),1a. NRC 原生 8大情绪涵盖词 (286 Words),Joy / Trust / Fear / Sadness
thrilling,thrilling,126,令人惊险刺激酣畅的,0. Direct NRC,Direct NRC Included (358 Words),1a. NRC 原生 8大情绪涵盖词 (286 Words),Joy / Trust / Fear / Sadness
humor,humor,125,幽默感,2. Class 2 Colloquial,Class 2: Colloquial Superlatives & Base Terms (128 Words),1a. NRC 原生 8大情绪涵盖词 (286 Words),Joy / Trust / Fear / Sadness
dream,dream,124,梦寐以求的,2. Class 2 Colloquial,Class 2: Colloquial Superlatives & Base Terms (128 Words),1a. NRC 原生 8大情绪涵盖词 (286 Words),Joy / Trust / Fear / Sadness
sorry,sorry,123,感到抱歉遗憾的,2. Class 2 Colloquial,Class 2: Colloquial Superlatives & Base Terms (128 Words),1a. NRC 原生 8大情绪涵盖词 (286 Words),Joy / Trust / Fear / Sadness
relaxing,relaxing,122,令人放松惬意的,2. Class 2 Colloquial,Class 2: Colloquial Superlatives & Base Terms (128 Words),1a. NRC 原生 8大情绪涵盖词 (286 Words),Joy / Trust / Fear / Sadness
comfort,comfort,121,舒适 / 宽慰安心,0. Direct NRC,Direct NRC Included (358 Words),1a. NRC 原生 8大情绪涵盖词 (286 Words),Joy / Trust / Fear / Sadness
disappoint,disappoint,121,使失望,0. Direct NRC,Direct NRC Included (358 Words),1a. NRC 原生 8大情绪涵盖词 (286 Words),Joy / Trust / Fear / Sadness
wonder,wonder,121,惊奇 / 赞叹,2. Class 2 Colloquial,Class 2: Colloquial Superlatives & Base Terms (128 Words),1a. NRC 原生 8大情绪涵盖词 (286 Words),Joy / Trust / Fear / Sadness
amazed,amazed,120,感到吃惊惊叹的,2. Class 2 Colloquial,Class 2: Colloquial Superlatives & Base Terms (128 Words),1a. NRC 原生 8大情绪涵盖词 (286 Words),Joy / Trust / Fear / Sadness
fear,fear,120,恐惧 / 害怕,0. Direct NRC,Direct NRC Included (358 Words),1a. NRC 原生 8大情绪涵盖词 (286 Words),Joy / Trust / Fear / Sadness
unable,unable,114,无法的 / 无能为力的,0. Direct NRC,Direct NRC Included (358 Words),1a. NRC 原生 8大情绪涵盖词 (286 Words),Joy / Trust / Fear / Sadness
thrilled,thrilled,113,极度兴奋的,2. Class 2 Colloquial,Class 2: Colloquial Superlatives & Base Terms (128 Words),1a. NRC 原生 8大情绪涵盖词 (286 Words),Joy / Trust / Fear / Sadness
confidence,confidence,112,信心 / 确信,0. Direct NRC,Direct NRC Included (358 Words),1a. NRC 原生 8大情绪涵盖词 (286 Words),Joy / Trust / Fear / Sadness
difficult,difficult,112,困难的 / 令人头疼的,0. Direct NRC,Direct NRC Included (358 Words),1a. NRC 原生 8大情绪涵盖词 (286 Words),Joy / Trust / Fear / Sadness
expert,expert,112,专家级的 / 娴熟的,0. Direct NRC,Direct NRC Included (358 Words),1a. NRC 原生 8大情绪涵盖词 (286 Words),Joy / Trust / Fear / Sadness
honestly,honestly,111,老实说 / 真诚地,2. Class 2 Colloquial,Class 2: Colloquial Superlatives & Base Terms (128 Words),1a. NRC 原生 8大情绪涵盖词 (286 Words),Joy / Trust / Fear / Sadness
confident,confident,109,自信的 / 确信的,0. Direct NRC,Direct NRC Included (358 Words),1a. NRC 原生 8大情绪涵盖词 (286 Words),Joy / Trust / Fear / Sadness
willing,willing,108,乐意的 / 愿意的,2. Class 2 Colloquial,Class 2: Colloquial Superlatives & Base Terms (128 Words),1a. NRC 原生 8大情绪涵盖词 (286 Words),Joy / Trust / Fear / Sadness
worry,worry,106,担心 / 忧虑感,0. Direct NRC,Direct NRC Included (358 Words),1a. NRC 原生 8大情绪涵盖词 (286 Words),Joy / Trust / Fear / Sadness
smoothest,smoothest,105,最平稳的,2. Class 2 Colloquial,Class 2: Colloquial Superlatives & Base Terms (128 Words),1a. NRC 原生 8大情绪涵盖词 (286 Words),Joy / Trust / Fear / Sadness
positive,positive,101,积极正面的,2. Class 2 Colloquial,Class 2: Colloquial Superlatives & Base Terms (128 Words),1a. NRC 原生 8大情绪涵盖词 (286 Words),Joy / Trust / Fear / Sadness
surreal,surreal,98,超现实的 / 梦幻般的,3. Class 3 Domain,Class 3: Low-Altitude Domain Lexicon (17 Words) ⭐,2b. Class 3 低空观光领域专有采掘词 (16 Words),CATE (Low-Altitude Air Tourism Domain Discovery)
reassuring,reassuring,97,令人安心放心的,2. Class 2 Colloquial,Class 2: Colloquial Superlatives & Base Terms (128 Words),1a. NRC 原生 8大情绪涵盖词 (286 Words),Joy / Trust / Fear / Sadness
sweet,sweet,97,甜蜜的 / 甜美的,0. Direct NRC,Direct NRC Included (358 Words),1a. NRC 原生 8大情绪涵盖词 (286 Words),Joy / Trust / Fear / Sadness
concern,concern,96,担忧 / 关切（焦虑感）,2. Class 2 Colloquial,Class 2: Colloquial Superlatives & Base Terms (128 Words),1a. NRC 原生 8大情绪涵盖词 (286 Words),Joy / Trust / Fear / Sadness
luckily,luckily,96,幸运地 / 幸亏,2. Class 2 Colloquial,Class 2: Colloquial Superlatives & Base Terms (128 Words),1a. NRC 原生 8大情绪涵盖词 (286 Words),Joy / Trust / Fear / Sadness
poor,poor,95,贫乏的 / 差劲的,2. Class 2 Colloquial,Class 2: Colloquial Superlatives & Base Terms (128 Words),1a. NRC 原生 8大情绪涵盖词 (286 Words),Joy / Trust / Fear / Sadness
scary,scary,94,令人害怕的 / 吓人的,2. Class 2 Colloquial,Class 2: Colloquial Superlatives & Base Terms (128 Words),1a. NRC 原生 8大情绪涵盖词 (286 Words),Joy / Trust / Fear / Sadness
enthusiastic,enthusiastic,93,热情的 / 充满激情的,2. Class 2 Colloquial,Class 2: Colloquial Superlatives & Base Terms (128 Words),1a. NRC 原生 8大情绪涵盖词 (286 Words),Joy / Trust / Fear / Sadness
apprehensive,apprehensive,92,忧虑的 / 不安的,0. Direct NRC,Direct NRC Included (358 Words),1a. NRC 原生 8大情绪涵盖词 (286 Words),Joy / Trust / Fear / Sadness
exhilarating,exhilarating,90,令人极为兴奋刺激的,2. Class 2 Colloquial,Class 2: Colloquial Superlatives & Base Terms (128 Words),1a. NRC 原生 8大情绪涵盖词 (286 Words),Joy / Trust / Fear / Sadness
honest,honest,88,诚实的 / 坦诚的,0. Direct NRC,Direct NRC Included (358 Words),1a. NRC 原生 8大情绪涵盖词 (286 Words),Joy / Trust / Fear / Sadness
inaccessible,inaccessible,86,难以到达的 / 偏远秘境感,0. Direct NRC,Direct NRC Included (358 Words),1a. NRC 原生 8大情绪涵盖词 (286 Words),Joy / Trust / Fear / Sadness
lucked,lucky,86,幸运地 (动词变体),1. Class 1 Morphological,Class 1: Participle & Morphological Variance Gaps (127 Words),1a. NRC 原生 8大情绪涵盖词 (286 Words),Joy / Trust / Fear / Sadness
rushed,rushed,85,仓促的 / 匆忙的,2. Class 2 Colloquial,Class 2: Colloquial Superlatives & Base Terms (128 Words),1a. NRC 原生 8大情绪涵盖词 (286 Words),Joy / Trust / Fear / Sadness
capable,capable,84,有能力的 / 熟练精湛的,2. Class 2 Colloquial,Class 2: Colloquial Superlatives & Base Terms (128 Words),1a. NRC 原生 8大情绪涵盖词 (286 Words),Joy / Trust / Fear / Sadness
prone,prone,84,易患（晕机）的,2. Class 2 Colloquial,Class 2: Colloquial Superlatives & Base Terms (128 Words),1a. NRC 原生 8大情绪涵盖词 (286 Words),Joy / Trust / Fear / Sadness
simple,simple,84,简单明了的 / 省心的,2. Class 2 Colloquial,Class 2: Colloquial Superlatives & Base Terms (128 Words),1a. NRC 原生 8大情绪涵盖词 (286 Words),Joy / Trust / Fear / Sadness
wonders,wonder,83,惊奇 / 奇观,2. Class 2 Colloquial,Class 2: Colloquial Superlatives & Base Terms (128 Words),1a. NRC 原生 8大情绪涵盖词 (286 Words),Joy / Trust / Fear / Sadness
fascinating,fascinating,83,令人入迷极具吸引力的,0. Direct NRC,Direct NRC Included (358 Words),1a. NRC 原生 8大情绪涵盖词 (286 Words),Joy / Trust / Fear / Sadness
grateful,grateful,80,感激的 / 感恩的,0. Direct NRC,Direct NRC Included (358 Words),1a. NRC 原生 8大情绪涵盖词 (286 Words),Joy / Trust / Fear / Sadness
delightful,delightful,80,令人欢欣的,0. Direct NRC,Direct NRC Included (358 Words),1a. NRC 原生 8大情绪涵盖词 (286 Words),Joy / Trust / Fear / Sadness
advantage,advantage,78,优势 / 极佳点,0. Direct NRC,Direct NRC Included (358 Words),1a. NRC 原生 8大情绪涵盖词 (286 Words),Joy / Trust / Fear / Sadness
assured,assured,78,安抚 / 确信,0. Direct NRC,Direct NRC Included (358 Words),1a. NRC 原生 8大情绪涵盖词 (286 Words),Joy / Trust / Fear / Sadness
famous,famous,77,著名的 / 享誉的,0. Direct NRC,Direct NRC Included (358 Words),1a. NRC 原生 8大情绪涵盖词 (286 Words),Joy / Trust / Fear / Sadness
pride,pride,77,自豪 / 骄傲,0. Direct NRC,Direct NRC Included (358 Words),1a. NRC 原生 8大情绪涵盖词 (286 Words),Joy / Trust / Fear / Sadness
safer,safer,77,更安全的 / 更安心的,2. Class 2 Colloquial,Class 2: Colloquial Superlatives & Base Terms (128 Words),1a. NRC 原生 8大情绪涵盖词 (286 Words),Joy / Trust / Fear / Sadness
neat,neat,76,整洁的 / 干练的,2. Class 2 Colloquial,Class 2: Colloquial Superlatives & Base Terms (128 Words),1a. NRC 原生 8大情绪涵盖词 (286 Words),Joy / Trust / Fear / Sadness
worthwhile,worthwhile,75,值得的 / 划算的,2. Class 2 Colloquial,Class 2: Colloquial Superlatives & Base Terms (128 Words),1a. NRC 原生 8大情绪涵盖词 (286 Words),Joy / Trust / Fear / Sadness
coolest,coolest,75,最酷爽震撼的,2. Class 2 Colloquial,Class 2: Colloquial Superlatives & Base Terms (128 Words),1a. NRC 原生 8大情绪涵盖词 (286 Words),Joy / Trust / Fear / Sadness
stable,stable,75,平稳安心的,0. Direct NRC,Direct NRC Included (358 Words),1a. NRC 原生 8大情绪涵盖词 (286 Words),Joy / Trust / Fear / Sadness
promptly,promptly,74,及时迅速地,2. Class 2 Colloquial,Class 2: Colloquial Superlatives & Base Terms (128 Words),1a. NRC 原生 8大情绪涵盖词 (286 Words),Joy / Trust / Fear / Sadness
concerns,concerns,73,担忧 / 关切,2. Class 2 Colloquial,Class 2: Colloquial Superlatives & Base Terms (128 Words),1a. NRC 原生 8大情绪涵盖词 (286 Words),Joy / Trust / Fear / Sadness
greatest,greatest,73,最伟大的 / 极佳的,2. Class 2 Colloquial,Class 2: Colloquial Superlatives & Base Terms (128 Words),1a. NRC 原生 8大情绪涵盖词 (286 Words),Joy / Trust / Fear / Sadness
ideal,ideal,72,理想的 / 完美的,2. Class 2 Colloquial,Class 2: Colloquial Superlatives & Base Terms (128 Words),1a. NRC 原生 8大情绪涵盖词 (286 Words),Joy / Trust / Fear / Sadness
peaceful,peaceful,72,平和宁静的,0. Direct NRC,Direct NRC Included (358 Words),1a. NRC 原生 8大情绪涵盖词 (286 Words),Joy / Trust / Fear / Sadness
understanding,understanding,70,体谅的 / 理解的,0. Direct NRC,Direct NRC Included (358 Words),1a. NRC 原生 8大情绪涵盖词 (286 Words),Joy / Trust / Fear / Sadness
impossible,impossible,65,不可能的 / 难以置信的,0. Direct NRC,Direct NRC Included (358 Words),1a. NRC 原生 8大情绪涵盖词 (286 Words),Joy / Trust / Fear / Sadness
tremendous,tremendous,64,震撼巨大的,2. Class 2 Colloquial,Class 2: Colloquial Superlatives & Base Terms (128 Words),1a. NRC 原生 8大情绪涵盖词 (286 Words),Joy / Trust / Fear / Sadness
passion,passion,64,热情 / 激情,0. Direct NRC,Direct NRC Included (358 Words),1a. NRC 原生 8大情绪涵盖词 (286 Words),Joy / Trust / Fear / Sadness
fears,fears,64,恐惧 / 忧虑,2. Class 2 Colloquial,Class 2: Colloquial Superlatives & Base Terms (128 Words),1a. NRC 原生 8大情绪涵盖词 (286 Words),Joy / Trust / Fear / Sadness
conscious,conscious,63,有意识的 / 讲究的,2. Class 2 Colloquial,Class 2: Colloquial Superlatives & Base Terms (128 Words),1a. NRC 原生 8大情绪涵盖词 (286 Words),Joy / Trust / Fear / Sadness
pristine,pristine,62,原始纯净的,0. Direct NRC,Direct NRC Included (358 Words),1a. NRC 原生 8大情绪涵盖词 (286 Words),Joy / Trust / Fear / Sadness
dramatic,dramatic,61,戏剧性的 / 震撼的,2. Class 2 Colloquial,Class 2: Colloquial Superlatives & Base Terms (128 Words),1a. NRC 原生 8大情绪涵盖词 (286 Words),Joy / Trust / Fear / Sadness
extraordinary,extraordinary,61,非凡的 / 卓越的,0. Direct NRC,Direct NRC Included (358 Words),1a. NRC 原生 8大情绪涵盖词 (286 Words),Joy / Trust / Fear / Sadness
gracious,gracious,61,亲切和蔼的,0. Direct NRC,Direct NRC Included (358 Words),1a. NRC 原生 8大情绪涵盖词 (286 Words),Joy / Trust / Fear / Sadness
moving,moving,61,令人动容感人的,2. Class 2 Colloquial,Class 2: Colloquial Superlatives & Base Terms (128 Words),1a. NRC 原生 8大情绪涵盖词 (286 Words),Joy / Trust / Fear / Sadness
passionate,passionate,61,充满激情的,0. Direct NRC,Direct NRC Included (358 Words),1a. NRC 原生 8大情绪涵盖词 (286 Words),Joy / Trust / Fear / Sadness
considerate,considerate,60,体贴周到的,0. Direct NRC,Direct NRC Included (358 Words),1a. NRC 原生 8大情绪涵盖词 (286 Words),Joy / Trust / Fear / Sadness
joy,joy,60,喜悦 / 快乐,0. Direct NRC,Direct NRC Included (358 Words),1a. NRC 原生 8大情绪涵盖词 (286 Words),Joy / Trust / Fear / Sadness
entertained,entertained,60,感到深受愉悦娱乐的,0. Direct NRC,Direct NRC Included (358 Words),1a. NRC 原生 8大情绪涵盖词 (286 Words),Joy / Trust / Fear / Sadness
complimentary,complimentary,59,赞赏的 / 赠送贴心的,2. Class 2 Colloquial,Class 2: Colloquial Superlatives & Base Terms (128 Words),1a. NRC 原生 8大情绪涵盖词 (286 Words),Joy / Trust / Fear / Sadness
excitement,excitement,59,兴奋 / 激动情绪,0. Direct NRC,Direct NRC Included (358 Words),1a. NRC 原生 8大情绪涵盖词 (286 Words),Joy / Trust / Fear / Sadness
intimate,intimate,59,温馨亲切的,0. Direct NRC,Direct NRC Included (358 Words),1a. NRC 原生 8大情绪涵盖词 (286 Words),Joy / Trust / Fear / Sadness
nerves,nerves,59,紧张感 / 不安神经,2. Class 2 Colloquial,Class 2: Colloquial Superlatives & Base Terms (128 Words),1a. NRC 原生 8大情绪涵盖词 (286 Words),Joy / Trust / Fear / Sadness
unreal,unreal,59,如梦似幻的 / 震撼的,2. Class 2 Colloquial,Class 2: Colloquial Superlatives & Base Terms (128 Words),1a. NRC 原生 8大情绪涵盖词 (286 Words),Joy / Trust / Fear / Sadness
flawless,flawless,58,无瑕的 / 完美的,2. Class 2 Colloquial,Class 2: Colloquial Superlatives & Base Terms (128 Words),1a. NRC 原生 8大情绪涵盖词 (286 Words),Joy / Trust / Fear / Sadness
fortunately,fortunately,58,幸运的是,2. Class 2 Colloquial,Class 2: Colloquial Superlatives & Base Terms (128 Words),1a. NRC 原生 8大情绪涵盖词 (286 Words),Joy / Trust / Fear / Sadness
disappointing,disappointing,58,令人失望的,0. Direct NRC,Direct NRC Included (358 Words),1a. NRC 原生 8大情绪涵盖词 (286 Words),Joy / Trust / Fear / Sadness
lush,lush,57,郁郁葱葱宜人的,0. Direct NRC,Direct NRC Included (358 Words),1a. NRC 原生 8大情绪涵盖词 (286 Words),Joy / Trust / Fear / Sadness
negative,negative,57,负面体验 / 消极评价,0. Direct NRC,Direct NRC Included (358 Words),1a. NRC 原生 8大情绪涵盖词 (286 Words),Joy / Trust / Fear / Sadness
thankful,thankful,57,感激的 / 感恩的,0. Direct NRC,Direct NRC Included (358 Words),1a. NRC 原生 8大情绪涵盖词 (286 Words),Joy / Trust / Fear / Sadness
thoughtful,thoughtful,57,贴心周到的,0. Direct NRC,Direct NRC Included (358 Words),1a. NRC 原生 8大情绪涵盖词 (286 Words),Joy / Trust / Fear / Sadness
glorious,glorious,56,壮丽辉煌的,2. Class 2 Colloquial,Class 2: Colloquial Superlatives & Base Terms (128 Words),1a. NRC 原生 8大情绪涵盖词 (286 Words),Joy / Trust / Fear / Sadness
uncomfortable,uncomfortable,56,感到不适的 / 不安的,0. Direct NRC,Direct NRC Included (358 Words),1a. NRC 原生 8大情绪涵盖词 (286 Words),Joy / Trust / Fear / Sadness
fair,fair,55,公道的 / 划算的,0. Direct NRC,Direct NRC Included (358 Words),1a. NRC 原生 8大情绪涵盖词 (286 Words),Joy / Trust / Fear / Sadness
noisy,noisy,55,喧闹吵杂的,0. Direct NRC,Direct NRC Included (358 Words),1a. NRC 原生 8大情绪涵盖词 (286 Words),Joy / Trust / Fear / Sadness
remarkable,remarkable,54,卓越令人瞩目的,0. Direct NRC,Direct NRC Included (358 Words),1a. NRC 原生 8大情绪涵盖词 (286 Words),Joy / Trust / Fear / Sadness
genuine,genuine,54,真诚的 / 地道的,0. Direct NRC,Direct NRC Included (358 Words),1a. NRC 原生 8大情绪涵盖词 (286 Words),Joy / Trust / Fear / Sadness
cherish,cherish,54,珍视 / 珍惜铭记,0. Direct NRC,Direct NRC Included (358 Words),1a. NRC 原生 8大情绪涵盖词 (286 Words),Joy / Trust / Fear / Sadness
caring,caring,53,体贴入微关怀的,2. Class 2 Colloquial,Class 2: Colloquial Superlatives & Base Terms (128 Words),1a. NRC 原生 8大情绪涵盖词 (286 Words),Joy / Trust / Fear / Sadness
appreciation,appreciation,52,感激 / 欣赏,0. Direct NRC,Direct NRC Included (358 Words),1a. NRC 原生 8大情绪涵盖词 (286 Words),Joy / Trust / Fear / Sadness
enthusiasm,enthusiasm,52,热情 / 积极性,0. Direct NRC,Direct NRC Included (358 Words),1a. NRC 原生 8大情绪涵盖词 (286 Words),Joy / Trust / Fear / Sadness
gentle,gentle,52,平稳柔和的,2. Class 2 Colloquial,Class 2: Colloquial Superlatives & Base Terms (128 Words),1a. NRC 原生 8大情绪涵盖词 (286 Words),Joy / Trust / Fear / Sadness
strong,strong,52,强烈的,2. Class 2 Colloquial,Class 2: Colloquial Superlatives & Base Terms (128 Words),1a. NRC 原生 8大情绪涵盖词 (286 Words),Joy / Trust / Fear / Sadness
trouble,trouble,52,麻烦 / 困扰,2. Class 2 Colloquial,Class 2: Colloquial Superlatives & Base Terms (128 Words),1a. NRC 原生 8大情绪涵盖词 (286 Words),Joy / Trust / Fear / Sadness
disappointment,disappointment,51,失望 / 遗憾失落情绪,0. Direct NRC,Direct NRC Included (358 Words),1a. NRC 原生 8大情绪涵盖词 (286 Words),Joy / Trust / Fear / Sadness
nicer,nicer,51,更美好/更亲切的,2. Class 2 Colloquial,Class 2: Colloquial Superlatives & Base Terms (128 Words),1a. NRC 原生 8大情绪涵盖词 (286 Words),Joy / Trust / Fear / Sadness
hoping,hoping,50,期盼 / 希望,2. Class 2 Colloquial,Class 2: Colloquial Superlatives & Base Terms (128 Words),1a. NRC 原生 8大情绪涵盖词 (286 Words),Joy / Trust / Fear / Sadness
happier,happier,50,更快乐的 / 更满意的,2. Class 2 Colloquial,Class 2: Colloquial Superlatives & Base Terms (128 Words),1a. NRC 原生 8大情绪涵盖词 (286 Words),Joy / Trust / Fear / Sadness
queasy,queasy,49,恶心反胃的,2. Class 2 Colloquial,Class 2: Colloquial Superlatives & Base Terms (128 Words),1a. NRC 原生 8大情绪涵盖词 (286 Words),Joy / Trust / Fear / Sadness
seamless,seamless,49,流畅无缝无摩擦的,2. Class 2 Colloquial,Class 2: Colloquial Superlatives & Base Terms (128 Words),1a. NRC 原生 8大情绪涵盖词 (286 Words),Joy / Trust / Fear / Sadness
satisfied,satisfied,49,感到满意的,0. Direct NRC,Direct NRC Included (358 Words),1a. NRC 原生 8大情绪涵盖词 (286 Words),Joy / Trust / Fear / Sadness
delight,delight,48,欣喜 / 愉快,0. Direct NRC,Direct NRC Included (358 Words),1a. NRC 原生 8大情绪涵盖词 (286 Words),Joy / Trust / Fear / Sadness
genuinely,genuinely,48,真诚地 / 确实,2. Class 2 Colloquial,Class 2: Colloquial Superlatives & Base Terms (128 Words),1a. NRC 原生 8大情绪涵盖词 (286 Words),Joy / Trust / Fear / Sadness
steady,steady,48,平稳的 / 稳健的,0. Direct NRC,Direct NRC Included (358 Words),1a. NRC 原生 8大情绪涵盖词 (286 Words),Joy / Trust / Fear / Sadness
terrible,terrible,46,可怕的 / 糟糕的,0. Direct NRC,Direct NRC Included (358 Words),1a. NRC 原生 8大情绪涵盖词 (286 Words),Joy / Trust / Fear / Sadness
warmly,warmly,46,温暖地 / 热情地,2. Class 2 Colloquial,Class 2: Colloquial Superlatives & Base Terms (128 Words),1a. NRC 原生 8大情绪涵盖词 (286 Words),Joy / Trust / Fear / Sadness
unexpected,unexpected,46,意想不到的惊喜,0. Direct NRC,Direct NRC Included (358 Words),1a. NRC 原生 8大情绪涵盖词 (286 Words),Joy / Trust / Fear / Sadness
sensitive,sensitive,46,敏感的,2. Class 2 Colloquial,Class 2: Colloquial Superlatives & Base Terms (128 Words),1a. NRC 原生 8大情绪涵盖词 (286 Words),Joy / Trust / Fear / Sadness
easier,easier,46,更容易的 / 更省心的,2. Class 2 Colloquial,Class 2: Colloquial Superlatives & Base Terms (128 Words),1a. NRC 原生 8大情绪涵盖词 (286 Words),Joy / Trust / Fear / Sadness
decent,decent,45,尚可的 / 体面的,0. Direct NRC,Direct NRC Included (358 Words),1a. NRC 原生 8大情绪涵盖词 (286 Words),Joy / Trust / Fear / Sadness
friendliness,friendliness,45,友善 / 亲和力,0. Direct NRC,Direct NRC Included (358 Words),1a. NRC 原生 8大情绪涵盖词 (286 Words),Joy / Trust / Fear / Sadness
loud,loud,45,吵闹的 / 噪音大的,2. Class 2 Colloquial,Class 2: Colloquial Superlatives & Base Terms (128 Words),1a. NRC 原生 8大情绪涵盖词 (286 Words),Joy / Trust / Fear / Sadness
relax,relax,45,放松 / 放轻松,2. Class 2 Colloquial,Class 2: Colloquial Superlatives & Base Terms (128 Words),1a. NRC 原生 8大情绪涵盖词 (286 Words),Joy / Trust / Fear / Sadness
terrified,terrified,45,极度惊恐的,2. Class 2 Colloquial,Class 2: Colloquial Superlatives & Base Terms (128 Words),1a. NRC 原生 8大情绪涵盖词 (286 Words),Joy / Trust / Fear / Sadness
encouraged,encouraged,44,深受鼓舞的,2. Class 2 Colloquial,Class 2: Colloquial Superlatives & Base Terms (128 Words),1a. NRC 原生 8大情绪涵盖词 (286 Words),Joy / Trust / Fear / Sadness
happily,happily,44,快乐地 / 欣然,0. Direct NRC,Direct NRC Included (358 Words),1a. NRC 原生 8大情绪涵盖词 (286 Words),Joy / Trust / Fear / Sadness
quieter,quieter,44,更安静宁静的,2. Class 2 Colloquial,Class 2: Colloquial Superlatives & Base Terms (128 Words),1a. NRC 原生 8大情绪涵盖词 (286 Words),Joy / Trust / Fear / Sadness
beautifully,beautifully,43,优美地 / 出色地,2. Class 2 Colloquial,Class 2: Colloquial Superlatives & Base Terms (128 Words),1a. NRC 原生 8大情绪涵盖词 (286 Words),Joy / Trust / Fear / Sadness
calming,calming,42,令人平息平稳安心的（Calmness State）,2. Class 2 Colloquial,Class 2: Colloquial Superlatives & Base Terms (128 Words),1a. NRC 原生 8大情绪涵盖词 (286 Words),Joy / Trust / Fear / Sadness
adventurous,adventurous,41,充满冒险刺激感的,0. Direct NRC,Direct NRC Included (358 Words),1a. NRC 原生 8大情绪涵盖词 (286 Words),Joy / Trust / Fear / Sadness
charming,charming,40,迷人讨喜的,0. Direct NRC,Direct NRC Included (358 Words),1a. NRC 原生 8大情绪涵盖词 (286 Words),Joy / Trust / Fear / Sadness
responsive,responsive,40,积极回应的 / 贴心的,0. Direct NRC,Direct NRC Included (358 Words),1a. NRC 原生 8大情绪涵盖词 (286 Words),Joy / Trust / Fear / Sadness
touched,touched,40,深受感动的,0. Direct NRC,Direct NRC Included (358 Words),1a. NRC 原生 8大情绪涵盖词 (286 Words),Joy / Trust / Fear / Sadness
nicest,nicest,39,最美好的 / 最亲切的,2. Class 2 Colloquial,Class 2: Colloquial Superlatives & Base Terms (128 Words),1a. NRC 原生 8大情绪涵盖词 (286 Words),Joy / Trust / Fear / Sadness
unsafe,unsafe,39,感觉不安全的 / 担惊受怕的,0. Direct NRC,Direct NRC Included (358 Words),1a. NRC 原生 8大情绪涵盖词 (286 Words),Joy / Trust / Fear / Sadness
worst,worst,39,最糟糕的,2. Class 2 Colloquial,Class 2: Colloquial Superlatives & Base Terms (128 Words),1a. NRC 原生 8大情绪涵盖词 (286 Words),Joy / Trust / Fear / Sadness
handle,handle,39,善于处理 / 掌控感,2. Class 2 Colloquial,Class 2: Colloquial Superlatives & Base Terms (128 Words),1a. NRC 原生 8大情绪涵盖词 (286 Words),Joy / Trust / Fear / Sadness
enjoyment,enjoyment,39,乐趣 / 享受,2. Class 2 Colloquial,Class 2: Colloquial Superlatives & Base Terms (128 Words),1a. NRC 原生 8大情绪涵盖词 (286 Words),Joy / Trust / Fear / Sadness
greater,greater,38,更宏大震撼的,0. Direct NRC,Direct NRC Included (358 Words),1a. NRC 原生 8大情绪涵盖词 (286 Words),Joy / Trust / Fear / Sadness
hospitable,hospitable,38,殷勤好客的,2. Class 2 Colloquial,Class 2: Colloquial Superlatives & Base Terms (128 Words),1a. NRC 原生 8大情绪涵盖词 (286 Words),Joy / Trust / Fear / Sadness
pleasantly,pleasantly,38,令人愉快地,2. Class 2 Colloquial,Class 2: Colloquial Superlatives & Base Terms (128 Words),1a. NRC 原生 8大情绪涵盖词 (286 Words),Joy / Trust / Fear / Sadness
stress,stress,38,压力 / 紧张感,0. Direct NRC,Direct NRC Included (358 Words),1a. NRC 原生 8大情绪涵盖词 (286 Words),Joy / Trust / Fear / Sadness
wonderfully,wonderfully,38,极其出色绝妙地,0. Direct NRC,Direct NRC Included (358 Words),1a. NRC 原生 8大情绪涵盖词 (286 Words),Joy / Trust / Fear / Sadness
worries,worry,38,担忧 / 挂虑,1. Class 1 Morphological,Class 1: Participle & Morphological Variance Gaps (127 Words),1a. NRC 原生 8大情绪涵盖词 (286 Words),Joy / Trust / Fear / Sadness
hopefully,hopefully,37,怀着希望地,2. Class 2 Colloquial,Class 2: Colloquial Superlatives & Base Terms (128 Words),1a. NRC 原生 8大情绪涵盖词 (286 Words),Joy / Trust / Fear / Sadness
nicely,nicely,37,很好地 / 优雅地,2. Class 2 Colloquial,Class 2: Colloquial Superlatives & Base Terms (128 Words),1a. NRC 原生 8大情绪涵盖词 (286 Words),Joy / Trust / Fear / Sadness
cared,cared,37,得到无微不至关怀的,2. Class 2 Colloquial,Class 2: Colloquial Superlatives & Base Terms (128 Words),1a. NRC 原生 8大情绪涵盖词 (286 Words),Joy / Trust / Fear / Sadness
delicious,delicious,37,美味愉悦的,0. Direct NRC,Direct NRC Included (358 Words),1a. NRC 原生 8大情绪涵盖词 (286 Words),Joy / Trust / Fear / Sadness
nauseous,nauseous,36,恶心晕车的,0. Direct NRC,Direct NRC Included (358 Words),1a. NRC 原生 8大情绪涵盖词 (286 Words),Joy / Trust / Fear / Sadness
reliable,reliable,36,可靠的 / 可信赖的,0. Direct NRC,Direct NRC Included (358 Words),1a. NRC 原生 8大情绪涵盖词 (286 Words),Joy / Trust / Fear / Sadness
marvelous,marvelous,36,绝妙的 / 令人惊叹的,0. Direct NRC,Direct NRC Included (358 Words),1a. NRC 原生 8大情绪涵盖词 (286 Words),Joy / Trust / Fear / Sadness
humour,humour,35,幽默感,2. Class 2 Colloquial,Class 2: Colloquial Superlatives & Base Terms (128 Words),1a. NRC 原生 8大情绪涵盖词 (286 Words),Joy / Trust / Fear / Sadness
superior,superior,35,优越顶尖的,0. Direct NRC,Direct NRC Included (358 Words),1a. NRC 原生 8大情绪涵盖词 (286 Words),Joy / Trust / Fear / Sadness
picturesque,picturesque,35,风景如画的,0. Direct NRC,Direct NRC Included (358 Words),1a. NRC 原生 8大情绪涵盖词 (286 Words),Joy / Trust / Fear / Sadness
surprisingly,surprisingly,35,出乎意料赞叹地,0. Direct NRC,Direct NRC Included (358 Words),1a. NRC 原生 8大情绪涵盖词 (286 Words),Joy / Trust / Fear / Sadness
humorous,humorous,35,幽默风趣的,0. Direct NRC,Direct NRC Included (358 Words),1a. NRC 原生 8大情绪涵盖词 (286 Words),Joy / Trust / Fear / Sadness
bother,bother,35,打扰 / 烦扰,0. Direct NRC,Direct NRC Included (358 Words),1a. NRC 原生 8大情绪涵盖词 (286 Words),Joy / Trust / Fear / Sadness
anxious,anxious,35,焦虑不安的 / 挂虑的,0. Direct NRC,Direct NRC Included (358 Words),1a. NRC 原生 8大情绪涵盖词 (286 Words),Joy / Trust / Fear / Sadness
anxiety,anxiety,34,焦虑 / 不安,0. Direct NRC,Direct NRC Included (358 Words),1a. NRC 原生 8大情绪涵盖词 (286 Words),Joy / Trust / Fear / Sadness
generous,generous,34,大方的 / 慷慨的,0. Direct NRC,Direct NRC Included (358 Words),1a. NRC 原生 8大情绪涵盖词 (286 Words),Joy / Trust / Fear / Sadness
romantic,romantic,34,浪漫惬意的,0. Direct NRC,Direct NRC Included (358 Words),1a. NRC 原生 8大情绪涵盖词 (286 Words),Joy / Trust / Fear / Sadness
sadly,sadly,34,令人遗憾地 / 悲伤地,0. Direct NRC,Direct NRC Included (358 Words),1a. NRC 原生 8大情绪涵盖词 (286 Words),Joy / Trust / Fear / Sadness
worse,worse,34,更糟糕的,0. Direct NRC,Direct NRC Included (358 Words),1a. NRC 原生 8大情绪涵盖词 (286 Words),Joy / Trust / Fear / Sadness
airsick,airsick,33,晕机的,3. Class 3 Domain,Class 3: Low-Altitude Domain Lexicon (17 Words) ⭐,2b. Class 3 低空观光领域专有采掘词 (16 Words),CATE (Low-Altitude Air Tourism Domain Discovery)
hassle,hassle,33,麻烦 / 烦心事,2. Class 2 Colloquial,Class 2: Colloquial Superlatives & Base Terms (128 Words),1a. NRC 原生 8大情绪涵盖词 (286 Words),Joy / Trust / Fear / Sadness
overwhelming,overwhelming,33,铺天盖地震撼的,0. Direct NRC,Direct NRC Included (358 Words),1a. NRC 原生 8大情绪涵盖词 (286 Words),Joy / Trust / Fear / Sadness
turbulent,turbulent,32,颠簸不安的,0. Direct NRC,Direct NRC Included (358 Words),1a. NRC 原生 8大情绪涵盖词 (286 Words),Joy / Trust / Fear / Sadness
upfront,upfront,32,直率透明的,2. Class 2 Colloquial,Class 2: Colloquial Superlatives & Base Terms (128 Words),1a. NRC 原生 8大情绪涵盖词 (286 Words),Joy / Trust / Fear / Sadness
skillful,skillful,32,技术精湛的,0. Direct NRC,Direct NRC Included (358 Words),1a. NRC 原生 8大情绪涵盖词 (286 Words),Joy / Trust / Fear / Sadness
reassured,reassured,32,感到安心的,2. Class 2 Colloquial,Class 2: Colloquial Superlatives & Base Terms (128 Words),1a. NRC 原生 8大情绪涵盖词 (286 Words),Joy / Trust / Fear / Sadness
cute,cute,31,可爱宜人的,0. Direct NRC,Direct NRC Included (358 Words),1a. NRC 原生 8大情绪涵盖词 (286 Words),Joy / Trust / Fear / Sadness
economical,economical,31,划算实惠的,2. Class 2 Colloquial,Class 2: Colloquial Superlatives & Base Terms (128 Words),1a. NRC 原生 8大情绪涵盖词 (286 Words),Joy / Trust / Fear / Sadness
breathtakingly,breathtakingly,30,令人屏息震撼地（Awe/Amazement Emotion）,3. Class 3 Domain,Class 3: Low-Altitude Domain Lexicon (17 Words) ⭐,2b. Class 3 低空观光领域专有采掘词 (16 Words),CATE (Low-Altitude Air Tourism Domain Discovery)
kindly,kindly,30,体贴友善地,2. Class 2 Colloquial,Class 2: Colloquial Superlatives & Base Terms (128 Words),1a. NRC 原生 8大情绪涵盖词 (286 Words),Joy / Trust / Fear / Sadness
unbelievably,unbelievably,29,难以置信地,2. Class 2 Colloquial,Class 2: Colloquial Superlatives & Base Terms (128 Words),1a. NRC 原生 8大情绪涵盖词 (286 Words),Joy / Trust / Fear / Sadness
stellar,stellar,29,璀璨顶尖级的,0. Direct NRC,Direct NRC Included (358 Words),1a. NRC 原生 8大情绪涵盖词 (286 Words),Joy / Trust / Fear / Sadness
pure,pure,29,纯粹的 / 纯净震撼的,2. Class 2 Colloquial,Class 2: Colloquial Superlatives & Base Terms (128 Words),1a. NRC 原生 8大情绪涵盖词 (286 Words),Joy / Trust / Fear / Sadness
interactive,interactive,29,互动性强的,2. Class 2 Colloquial,Class 2: Colloquial Superlatives & Base Terms (128 Words),1a. NRC 原生 8大情绪涵盖词 (286 Words),Joy / Trust / Fear / Sadness
delighted,delighted,29,高高兴兴的,0. Direct NRC,Direct NRC Included (358 Words),1a. NRC 原生 8大情绪涵盖词 (286 Words),Joy / Trust / Fear / Sadness
convinced,convinced,29,深信不疑的 / 心服口服,0. Direct NRC,Direct NRC Included (358 Words),1a. NRC 原生 8大情绪涵盖词 (286 Words),Joy / Trust / Fear / Sadness
chatty,chatty,29,健谈热情的,0. Direct NRC,Direct NRC Included (358 Words),1a. NRC 原生 8大情绪涵盖词 (286 Words),Joy / Trust / Fear / Sadness
gladly,gladly,29,乐意地 / 高兴地,2. Class 2 Colloquial,Class 2: Colloquial Superlatives & Base Terms (128 Words),1a. NRC 原生 8大情绪涵盖词 (286 Words),Joy / Trust / Fear / Sadness
boring,boring,28,令人无聊乏味的,0. Direct NRC,Direct NRC Included (358 Words),1a. NRC 原生 8大情绪涵盖词 (286 Words),Joy / Trust / Fear / Sadness
sad,sad,28,悲伤的 / 遗憾痛心的,2. Class 2 Colloquial,Class 2: Colloquial Superlatives & Base Terms (128 Words),1a. NRC 原生 8大情绪涵盖词 (286 Words),Joy / Trust / Fear / Sadness
serene,serene,28,宁静祥和的,0. Direct NRC,Direct NRC Included (358 Words),1a. NRC 原生 8大情绪涵盖词 (286 Words),Joy / Trust / Fear / Sadness
splendor,splendor,27,壮丽辉煌的奇观,0. Direct NRC,Direct NRC Included (358 Words),1a. NRC 原生 8大情绪涵盖词 (286 Words),Joy / Trust / Fear / Sadness
peace,peace,27,宁静 / 和平,0. Direct NRC,Direct NRC Included (358 Words),1a. NRC 原生 8大情绪涵盖词 (286 Words),Joy / Trust / Fear / Sadness
regrets,regrets,27,遗憾 / 后悔,2. Class 2 Colloquial,Class 2: Colloquial Superlatives & Base Terms (128 Words),1a. NRC 原生 8大情绪涵盖词 (286 Words),Joy / Trust / Fear / Sadness
aside,aside,27,撇开 / 排除,2. Class 2 Colloquial,Class 2: Colloquial Superlatives & Base Terms (128 Words),1a. NRC 原生 8大情绪涵盖词 (286 Words),Joy / Trust / Fear / Sadness
eager,eager,27,热切的 / 渴望的,0. Direct NRC,Direct NRC Included (358 Words),1a. NRC 原生 8大情绪涵盖词 (286 Words),Joy / Trust / Fear / Sadness
comforting,comforting,27,令人感到安慰抚慰的,2. Class 2 Colloquial,Class 2: Colloquial Superlatives & Base Terms (128 Words),1a. NRC 原生 8大情绪涵盖词 (286 Words),Joy / Trust / Fear / Sadness
bang,bang,26,物超所值（bang for buck）,0. Direct NRC,Direct NRC Included (358 Words),1a. NRC 原生 8大情绪涵盖词 (286 Words),Joy / Trust / Fear / Sadness
basic,basic,26,基础的 / 简陋的,2. Class 2 Colloquial,Class 2: Colloquial Superlatives & Base Terms (128 Words),1a. NRC 原生 8大情绪涵盖词 (286 Words),Joy / Trust / Fear / Sadness
cramped,cramped,26,拥挤狭窄不适的,0. Direct NRC,Direct NRC Included (358 Words),1a. NRC 原生 8大情绪涵盖词 (286 Words),Joy / Trust / Fear / Sadness
hate,hate,26,憎恨 / 讨厌,0. Direct NRC,Direct NRC Included (358 Words),1a. NRC 原生 8大情绪涵盖词 (286 Words),Joy / Trust / Fear / Sadness
mesmerizing,mesmerizing,26,令人目眩神迷为之倾倒的,3. Class 3 Domain,Class 3: Low-Altitude Domain Lexicon (17 Words) ⭐,2b. Class 3 低空观光领域专有采掘词 (16 Words),CATE (Low-Altitude Air Tourism Domain Discovery)
upset,upset,26,感到沮丧难过的,0. Direct NRC,Direct NRC Included (358 Words),1a. NRC 原生 8大情绪涵盖词 (286 Words),Joy / Trust / Fear / Sadness
bump,bump,25,颠簸不适的,2. Class 2 Colloquial,Class 2: Colloquial Superlatives & Base Terms (128 Words),1a. NRC 原生 8大情绪涵盖词 (286 Words),Joy / Trust / Fear / Sadness
communicative,communicative,25,善于沟通的,0. Direct NRC,Direct NRC Included (358 Words),1a. NRC 原生 8大情绪涵盖词 (286 Words),Joy / Trust / Fear / Sadness
dangerous,dangerous,25,危险的,0. Direct NRC,Direct NRC Included (358 Words),1a. NRC 原生 8大情绪涵盖词 (286 Words),Joy / Trust / Fear / Sadness
ill,ill,25,生病的 / 恶心呕吐的,0. Direct NRC,Direct NRC Included (358 Words),1a. NRC 原生 8大情绪涵盖词 (286 Words),Joy / Trust / Fear / Sadness
laughing,laughing,25,欢声笑语 / 开心大笑,0. Direct NRC,Direct NRC Included (358 Words),1a. NRC 原生 8大情绪涵盖词 (286 Words),Joy / Trust / Fear / Sadness
inclement,inclement,24,恶劣的气候,0. Direct NRC,Direct NRC Included (358 Words),1a. NRC 原生 8大情绪涵盖词 (286 Words),Joy / Trust / Fear / Sadness
magnificence,magnificence,24,壮丽震撼感,0. Direct NRC,Direct NRC Included (358 Words),1a. NRC 原生 8大情绪涵盖词 (286 Words),Joy / Trust / Fear / Sadness
impeccable,impeccable,23,无可挑剔的,0. Direct NRC,Direct NRC Included (358 Words),1a. NRC 原生 8大情绪涵盖词 (286 Words),Joy / Trust / Fear / Sadness
talkative,talkative,23,健谈热情的,2. Class 2 Colloquial,Class 2: Colloquial Superlatives & Base Terms (128 Words),1b. NRC 原生 仅极性涵盖词 (72 Words),NRC Polarity Only (Positive/Negative)
horrible,horrible,23,极度糟糕可怕的,0. Direct NRC,Direct NRC Included (358 Words),1b. NRC 原生 仅极性涵盖词 (72 Words),NRC Polarity Only (Positive/Negative)
shining,shining,22,璀璨夺目的,0. Direct NRC,Direct NRC Included (358 Words),1b. NRC 原生 仅极性涵盖词 (72 Words),NRC Polarity Only (Positive/Negative)
calmed,calmed,22,心情平静安稳下来的,2. Class 2 Colloquial,Class 2: Colloquial Superlatives & Base Terms (128 Words),1b. NRC 原生 仅极性涵盖词 (72 Words),NRC Polarity Only (Positive/Negative)
talented,talented,22,才华横溢精湛的,2. Class 2 Colloquial,Class 2: Colloquial Superlatives & Base Terms (128 Words),1b. NRC 原生 仅极性涵盖词 (72 Words),NRC Polarity Only (Positive/Negative)
skeptical,skeptical,22,怀疑的 / 存疑的,0. Direct NRC,Direct NRC Included (358 Words),1b. NRC 原生 仅极性涵盖词 (72 Words),NRC Polarity Only (Positive/Negative)
tough,tough,22,严苛倒霉的,0. Direct NRC,Direct NRC Included (358 Words),1b. NRC 原生 仅极性涵盖词 (72 Words),NRC Polarity Only (Positive/Negative)
lasting,lasting,22,持久的 / 深刻的,2. Class 2 Colloquial,Class 2: Colloquial Superlatives & Base Terms (128 Words),1b. NRC 原生 仅极性涵盖词 (72 Words),NRC Polarity Only (Positive/Negative)
fearful,fearful,22,恐惧的 / 担心的,0. Direct NRC,Direct NRC Included (358 Words),1b. NRC 原生 仅极性涵盖词 (72 Words),NRC Polarity Only (Positive/Negative)
favourite,favourite,22,最喜爱的,2. Class 2 Colloquial,Class 2: Colloquial Superlatives & Base Terms (128 Words),1b. NRC 原生 仅极性涵盖词 (72 Words),NRC Polarity Only (Positive/Negative)
bummed,bummed,21,感到扫兴遗憾失落的,2. Class 2 Colloquial,Class 2: Colloquial Superlatives & Base Terms (128 Words),1b. NRC 原生 仅极性涵盖词 (72 Words),NRC Polarity Only (Positive/Negative)
mild,mild,21,轻微适度的（颠簸/舒适）,2. Class 2 Colloquial,Class 2: Colloquial Superlatives & Base Terms (128 Words),1b. NRC 原生 仅极性涵盖词 (72 Words),NRC Polarity Only (Positive/Negative)
refreshing,refreshing,21,令人神清气爽耳目一新的,0. Direct NRC,Direct NRC Included (358 Words),1b. NRC 原生 仅极性涵盖词 (72 Words),NRC Polarity Only (Positive/Negative)
spoil,spoil,21,破坏 / 毁掉（好心情）,0. Direct NRC,Direct NRC Included (358 Words),1b. NRC 原生 仅极性涵盖词 (72 Words),NRC Polarity Only (Positive/Negative)
surprises,surprise,21,惊喜 / 意料之外,1. Class 1 Morphological,Class 1: Participle & Morphological Variance Gaps (127 Words),1b. NRC 原生 仅极性涵盖词 (72 Words),NRC Polarity Only (Positive/Negative)
unbeatable,unbeatable,21,无可比拟的 / 无敌的,2. Class 2 Colloquial,Class 2: Colloquial Superlatives & Base Terms (128 Words),1b. NRC 原生 仅极性涵盖词 (72 Words),NRC Polarity Only (Positive/Negative)
successful,successful,20,成功的 / 满意的,0. Direct NRC,Direct NRC Included (358 Words),1b. NRC 原生 仅极性涵盖词 (72 Words),NRC Polarity Only (Positive/Negative)
mood,mood,20,心情 / 情绪,2. Class 2 Colloquial,Class 2: Colloquial Superlatives & Base Terms (128 Words),1b. NRC 原生 仅极性涵盖词 (72 Words),NRC Polarity Only (Positive/Negative)
spiritual,spiritual,20,精神神圣的,2. Class 2 Colloquial,Class 2: Colloquial Superlatives & Base Terms (128 Words),1b. NRC 原生 仅极性涵盖词 (72 Words),NRC Polarity Only (Positive/Negative)
cheerful,cheerful,20,欢快愉悦的,0. Direct NRC,Direct NRC Included (358 Words),1b. NRC 原生 仅极性涵盖词 (72 Words),NRC Polarity Only (Positive/Negative)
amusing,amusing,20,风趣风趣令人发笑的,0. Direct NRC,Direct NRC Included (358 Words),1b. NRC 原生 仅极性涵盖词 (72 Words),NRC Polarity Only (Positive/Negative)
astonishing,astonishing,20,令人惊叹的,2. Class 2 Colloquial,Class 2: Colloquial Superlatives & Base Terms (128 Words),1b. NRC 原生 仅极性涵盖词 (72 Words),NRC Polarity Only (Positive/Negative)
exquisite,exquisite,19,精美的 / 绝妙的,0. Direct NRC,Direct NRC Included (358 Words),1b. NRC 原生 仅极性涵盖词 (72 Words),NRC Polarity Only (Positive/Negative)
suitable,suitable,19,合适的 / 满意的,0. Direct NRC,Direct NRC Included (358 Words),1b. NRC 原生 仅极性涵盖词 (72 Words),NRC Polarity Only (Positive/Negative)
inspired,inspired,19,灵感大发 / 深受震撼的,0. Direct NRC,Direct NRC Included (358 Words),1b. NRC 原生 仅极性涵盖词 (72 Words),NRC Polarity Only (Positive/Negative)
touching,touching,19,令人动容流泪的,2. Class 2 Colloquial,Class 2: Colloquial Superlatives & Base Terms (128 Words),1b. NRC 原生 仅极性涵盖词 (72 Words),NRC Polarity Only (Positive/Negative)
comfy,comfy,19,舒适惬意的,2. Class 2 Colloquial,Class 2: Colloquial Superlatives & Base Terms (128 Words),1b. NRC 原生 仅极性涵盖词 (72 Words),NRC Polarity Only (Positive/Negative)
chilly,chilly,19,寒冷不适的,0. Direct NRC,Direct NRC Included (358 Words),1b. NRC 原生 仅极性涵盖词 (72 Words),NRC Polarity Only (Positive/Negative)
awestruck,awestruck,19,充满敬畏震撼的,2. Class 2 Colloquial,Class 2: Colloquial Superlatives & Base Terms (128 Words),1b. NRC 原生 仅极性涵盖词 (72 Words),NRC Polarity Only (Positive/Negative)
wondered,wonder,18,感到惊奇惊叹 (动词变体),2. Class 2 Colloquial,Class 2: Colloquial Superlatives & Base Terms (128 Words),1b. NRC 原生 仅极性涵盖词 (72 Words),NRC Polarity Only (Positive/Negative)
witty,witty,18,风趣幽默的,0. Direct NRC,Direct NRC Included (358 Words),1b. NRC 原生 仅极性涵盖词 (72 Words),NRC Polarity Only (Positive/Negative)
soothing,soothing,18,舒缓抚慰人心的,0. Direct NRC,Direct NRC Included (358 Words),1b. NRC 原生 仅极性涵盖词 (72 Words),NRC Polarity Only (Positive/Negative)
secret,secret,18,秘境 / 私密独享感,0. Direct NRC,Direct NRC Included (358 Words),1b. NRC 原生 仅极性涵盖词 (72 Words),NRC Polarity Only (Positive/Negative)
marvel,marvel,18,惊叹 / 奇迹,0. Direct NRC,Direct NRC Included (358 Words),1b. NRC 原生 仅极性涵盖词 (72 Words),NRC Polarity Only (Positive/Negative)
keen,keen,18,热情的 / 敏锐的,2. Class 2 Colloquial,Class 2: Colloquial Superlatives & Base Terms (128 Words),1b. NRC 原生 仅极性涵盖词 (72 Words),NRC Polarity Only (Positive/Negative)
honesty,honesty,18,真诚 / 诚信解说,0. Direct NRC,Direct NRC Included (358 Words),1b. NRC 原生 仅极性涵盖词 (72 Words),NRC Polarity Only (Positive/Negative)
smart,smart,18,聪慧的 / 明智的,2. Class 2 Colloquial,Class 2: Colloquial Superlatives & Base Terms (128 Words),1b. NRC 原生 仅极性涵盖词 (72 Words),NRC Polarity Only (Positive/Negative)
haha,haha,18,哈哈（欢快情绪）,2. Class 2 Colloquial,Class 2: Colloquial Superlatives & Base Terms (128 Words),1b. NRC 原生 仅极性涵盖词 (72 Words),NRC Polarity Only (Positive/Negative)
easiest,easiest,18,最省心的 / 最容易的,2. Class 2 Colloquial,Class 2: Colloquial Superlatives & Base Terms (128 Words),1b. NRC 原生 仅极性涵盖词 (72 Words),NRC Polarity Only (Positive/Negative)
danger,danger,18,危险 / 威胁,0. Direct NRC,Direct NRC Included (358 Words),1b. NRC 原生 仅极性涵盖词 (72 Words),NRC Polarity Only (Positive/Negative)
amazement,amazement,18,惊叹 / 惊奇,2. Class 2 Colloquial,Class 2: Colloquial Superlatives & Base Terms (128 Words),1b. NRC 原生 仅极性涵盖词 (72 Words),NRC Polarity Only (Positive/Negative)
chill,chill,18,惬意轻松的,2. Class 2 Colloquial,Class 2: Colloquial Superlatives & Base Terms (128 Words),1b. NRC 原生 仅极性涵盖词 (72 Words),NRC Polarity Only (Positive/Negative)
charm,charm,18,顺畅 / 令人满意,0. Direct NRC,Direct NRC Included (358 Words),1b. NRC 原生 仅极性涵盖词 (72 Words),NRC Polarity Only (Positive/Negative)
astounding,astounding,18,令人无比震撼惊叹的,2. Class 2 Colloquial,Class 2: Colloquial Superlatives & Base Terms (128 Words),1b. NRC 原生 仅极性涵盖词 (72 Words),NRC Polarity Only (Positive/Negative)
effective,effective,18,有效划算的,0. Direct NRC,Direct NRC Included (358 Words),1b. NRC 原生 仅极性涵盖词 (72 Words),NRC Polarity Only (Positive/Negative)
hopes,hopes,17,期盼 / 希望,2. Class 2 Colloquial,Class 2: Colloquial Superlatives & Base Terms (128 Words),1b. NRC 原生 仅极性涵盖词 (72 Words),NRC Polarity Only (Positive/Negative)
overwhelmed,overwhelmed,17,被震撼/感动深深淹没的,0. Direct NRC,Direct NRC Included (358 Words),1b. NRC 原生 仅极性涵盖词 (72 Words),NRC Polarity Only (Positive/Negative)
valuable,valuable,17,珍贵的 / 有价值的,0. Direct NRC,Direct NRC Included (358 Words),1b. NRC 原生 仅极性涵盖词 (72 Words),NRC Polarity Only (Positive/Negative)
energetic,energetic,17,精力充沛的,0. Direct NRC,Direct NRC Included (358 Words),1b. NRC 原生 仅极性涵盖词 (72 Words),NRC Polarity Only (Positive/Negative)
discomfort,discomfort,17,身体/心理不适感,0. Direct NRC,Direct NRC Included (358 Words),1b. NRC 原生 仅极性涵盖词 (72 Words),NRC Polarity Only (Positive/Negative)
cordial,cordial,17,热情亲切礼貌的,2. Class 2 Colloquial,Class 2: Colloquial Superlatives & Base Terms (128 Words),1b. NRC 原生 仅极性涵盖词 (72 Words),NRC Polarity Only (Positive/Negative)
claustrophobic,claustrophobic,16,感到幽闭恐惧压抑的,3. Class 3 Domain,Class 3: Low-Altitude Domain Lexicon (17 Words) ⭐,2b. Class 3 低空观光领域专有采掘词 (16 Words),CATE (Low-Altitude Air Tourism Domain Discovery)
insane,insane,16,疯狂震撼的 / 极端的,0. Direct NRC,Direct NRC Included (358 Words),1b. NRC 原生 仅极性涵盖词 (72 Words),NRC Polarity Only (Positive/Negative)
leery,leery,16,提防警惕 / 顾虑重重的,0. Direct NRC,Direct NRC Included (358 Words),1b. NRC 原生 仅极性涵盖词 (72 Words),NRC Polarity Only (Positive/Negative)
loving,loving,16,热爱的 / 充满了爱的,0. Direct NRC,Direct NRC Included (358 Words),1b. NRC 原生 仅极性涵盖词 (72 Words),NRC Polarity Only (Positive/Negative)
sensational,sensational,16,绝佳轰动震撼的,0. Direct NRC,Direct NRC Included (358 Words),1b. NRC 原生 仅极性涵盖词 (72 Words),NRC Polarity Only (Positive/Negative)
sudden,sudden,16,突然的 / 猝不及防的,0. Direct NRC,Direct NRC Included (358 Words),1b. NRC 原生 仅极性涵盖词 (72 Words),NRC Polarity Only (Positive/Negative)
uncertain,uncertain,16,不确定的 / 顾虑的,0. Direct NRC,Direct NRC Included (358 Words),1b. NRC 原生 仅极性涵盖词 (72 Words),NRC Polarity Only (Positive/Negative)
worthy,worthy,16,非常值的 / 值得的,0. Direct NRC,Direct NRC Included (358 Words),1b. NRC 原生 仅极性涵盖词 (72 Words),NRC Polarity Only (Positive/Negative)
hilarious,hilarious,15,爆笑幽默搞笑的,0. Direct NRC,Direct NRC Included (358 Words),1b. NRC 原生 仅极性涵盖词 (72 Words),NRC Polarity Only (Positive/Negative)
warmth,warmth,15,温暖安心感,2. Class 2 Colloquial,Class 2: Colloquial Superlatives & Base Terms (128 Words),1b. NRC 原生 仅极性涵盖词 (72 Words),NRC Polarity Only (Positive/Negative)
unprofessional,unprofessional,15,不专业的,2. Class 2 Colloquial,Class 2: Colloquial Superlatives & Base Terms (128 Words),1b. NRC 原生 仅极性涵盖词 (72 Words),NRC Polarity Only (Positive/Negative)
respectful,respectful,15,充满敬意的,0. Direct NRC,Direct NRC Included (358 Words),1b. NRC 原生 仅极性涵盖词 (72 Words),NRC Polarity Only (Positive/Negative)
immaculate,immaculate,15,完美无瑕洁净的,0. Direct NRC,Direct NRC Included (358 Words),1b. NRC 原生 仅极性涵盖词 (72 Words),NRC Polarity Only (Positive/Negative)
annoying,annoying,15,令人烦躁恼火的（Annoyance/Irritation Emotion）,0. Direct NRC,Direct NRC Included (358 Words),1b. NRC 原生 仅极性涵盖词 (72 Words),NRC Polarity Only (Positive/Negative)
fuss,fuss,15,大惊小怪 / 争吵骚动,0. Direct NRC,Direct NRC Included (358 Words),1b. NRC 原生 仅极性涵盖词 (72 Words),NRC Polarity Only (Positive/Negative)
awful,awful,15,极其糟糕的,0. Direct NRC,Direct NRC Included (358 Words),1b. NRC 原生 仅极性涵盖词 (72 Words),NRC Polarity Only (Positive/Negative)
awed,awed,15,感到为之肃然起敬震撼的,3. Class 3 Domain,Class 3: Low-Altitude Domain Lexicon (17 Words) ⭐,2b. Class 3 低空观光领域专有采掘词 (16 Words),CATE (Low-Altitude Air Tourism Domain Discovery)
bubbly,bubbly,15,活泼热情的,2. Class 2 Colloquial,Class 2: Colloquial Superlatives & Base Terms (128 Words),1b. NRC 原生 仅极性涵盖词 (72 Words),NRC Polarity Only (Positive/Negative)
praise,praise,14,称赞 / 高度赞扬,0. Direct NRC,Direct NRC Included (358 Words),1b. NRC 原生 仅极性涵盖词 (72 Words),NRC Polarity Only (Positive/Negative)
trustworthy,trustworthy,14,值得信赖靠谱的,2. Class 2 Colloquial,Class 2: Colloquial Superlatives & Base Terms (128 Words),1b. NRC 原生 仅极性涵盖词 (72 Words),NRC Polarity Only (Positive/Negative)
satisfaction,satisfaction,14,满意感,2. Class 2 Colloquial,Class 2: Colloquial Superlatives & Base Terms (128 Words),1b. NRC 原生 仅极性涵盖词 (72 Words),NRC Polarity Only (Positive/Negative)
ruined,ruined,14,毁掉行程的 / 扫兴糟心的,0. Direct NRC,Direct NRC Included (358 Words),1c. Class 1 语法变形拯救归纳词 (ruined -> ruined),Morphological Rescued
proud,proud,14,感到自豪骄傲的,0. Direct NRC,Direct NRC Included (358 Words),1c. Class 1 语法变形拯救归纳词 (proud -> proud),Morphological Rescued
marvellous,marvellous,14,令人叹为观止的,2. Class 2 Colloquial,Class 2: Colloquial Superlatives & Base Terms (128 Words),1c. Class 1 语法变形拯救归纳词 (marvellous -> marvellous),Morphological Rescued
intrusive,intrusive,14,突兀扰人的 / 煞风景的,0. Direct NRC,Direct NRC Included (358 Words),1c. Class 1 语法变形拯救归纳词 (intrusive -> intrusive),Morphological Rescued
glowing,glowing,14,极度赞赏口碑极佳的,0. Direct NRC,Direct NRC Included (358 Words),1c. Class 1 语法变形拯救归纳词 (glowing -> glowing),Morphological Rescued
frustrating,frustrating,14,令人挫败的 / 烦人的,2. Class 2 Colloquial,Class 2: Colloquial Superlatives & Base Terms (128 Words),1c. Class 1 语法变形拯救归纳词 (frustrating -> frustrating),Morphological Rescued
bothered,bothered,14,困扰的 / 烦心的,2. Class 2 Colloquial,Class 2: Colloquial Superlatives & Base Terms (128 Words),1c. Class 1 语法变形拯救归纳词 (bothered -> bothered),Morphological Rescued
authentic,authentic,14,地道的 / 真实无伪的,0. Direct NRC,Direct NRC Included (358 Words),1c. Class 1 语法变形拯救归纳词 (authentic -> authentic),Morphological Rescued
tricky,tricky,13,棘手不安的,2. Class 2 Colloquial,Class 2: Colloquial Superlatives & Base Terms (128 Words),1c. Class 1 语法变形拯救归纳词 (tricky -> tricky),Morphological Rescued
worldly,worldly,13,超凡脱俗的,2. Class 2 Colloquial,Class 2: Colloquial Superlatives & Base Terms (128 Words),1c. Class 1 语法变形拯救归纳词 (worldly -> worldly),Morphological Rescued
vibrant,vibrant,13,生机勃勃色彩斑斓的,2. Class 2 Colloquial,Class 2: Colloquial Superlatives & Base Terms (128 Words),1c. Class 1 语法变形拯救归纳词 (vibrant -> vibrant),Morphological Rescued
uneasy,uneasy,13,心神不宁感到不安的,0. Direct NRC,Direct NRC Included (358 Words),1c. Class 1 语法变形拯救归纳词 (uneasy -> uneasy),Morphological Rescued
precious,precious,13,弥足珍贵的 memory,0. Direct NRC,Direct NRC Included (358 Words),1c. Class 1 语法变形拯救归纳词 (precious -> precious),Morphological Rescued
safest,safest,13,最安全平稳的,2. Class 2 Colloquial,Class 2: Colloquial Superlatives & Base Terms (128 Words),1c. Class 1 语法变形拯救归纳词 (safest -> safest),Morphological Rescued
responsible,responsible,13,负责任的,0. Direct NRC,Direct NRC Included (358 Words),1c. Class 1 语法变形拯救归纳词 (responsible -> responsible),Morphological Rescued
pleasurable,pleasurable,13,令人愉快的,0. Direct NRC,Direct NRC Included (358 Words),1c. Class 1 语法变形拯救归纳词 (pleasurable -> pleasurable),Morphological Rescued
apologetic,apologetic,13,诚恳抱歉致歉的,0. Direct NRC,Direct NRC Included (358 Words),1c. Class 1 语法变形拯救归纳词 (apologetic -> apologetic),Morphological Rescued
bored,bored,12,感到无聊厌烦的,2. Class 2 Colloquial,Class 2: Colloquial Superlatives & Base Terms (128 Words),1c. Class 1 语法变形拯救归纳词 (bored -> bored),Morphological Rescued
soaking,soaking,12,沉浸于（soaking in view）,2. Class 2 Colloquial,Class 2: Colloquial Superlatives & Base Terms (128 Words),1c. Class 1 语法变形拯救归纳词 (soaking -> soaking),Morphological Rescued
stuffy,stuffy,12,闷热不适的（体感不适）,0. Direct NRC,Direct NRC Included (358 Words),1c. Class 1 语法变形拯救归纳词 (stuffy -> stuffy),Morphological Rescued
superbly,superbly,12,出类拔萃完美地,2. Class 2 Colloquial,Class 2: Colloquial Superlatives & Base Terms (128 Words),1c. Class 1 语法变形拯救归纳词 (superbly -> superbly),Morphological Rescued
wondrous,wondrous,12,惊叹奇妙的,0. Direct NRC,Direct NRC Included (358 Words),1c. Class 1 语法变形拯救归纳词 (wondrous -> wondrous),Morphological Rescued
satisfying,satisfying,11,令人称心满意的,2. Class 2 Colloquial,Class 2: Colloquial Superlatives & Base Terms (128 Words),1c. Class 1 语法变形拯救归纳词 (satisfying -> satisfying),Morphological Rescued
wary,wary,11,警惕顾虑的,0. Direct NRC,Direct NRC Included (358 Words),1c. Class 1 语法变形拯救归纳词 (wary -> wary),Morphological Rescued
trepidation,trepidation,11,惊恐战栗 / 不安,0. Direct NRC,Direct NRC Included (358 Words),1c. Class 1 语法变形拯救归纳词 (trepidation -> trepidation),Morphological Rescued
surprising,surprising,11,令人出乎意料惊喜的,0. Direct NRC,Direct NRC Included (358 Words),1c. Class 1 语法变形拯救归纳词 (surprising -> surprising),Morphological Rescued
superlative,superlative,11,顶级极致赞赏的,2. Class 2 Colloquial,Class 2: Colloquial Superlatives & Base Terms (128 Words),1c. Class 1 语法变形拯救归纳词 (superlative -> superlative),Morphological Rescued
sketchy,sketchy,11,令人不安可疑的,0. Direct NRC,Direct NRC Included (358 Words),1c. Class 1 语法变形拯救归纳词 (sketchy -> sketchy),Morphological Rescued
slick,slick,11,熟练专业/光滑的,2. Class 2 Colloquial,Class 2: Colloquial Superlatives & Base Terms (128 Words),1c. Class 1 语法变形拯救归纳词 (slick -> slick),Morphological Rescued
rewarding,rewarding,11,非常有成就感/物超所值的,2. Class 2 Colloquial,Class 2: Colloquial Superlatives & Base Terms (128 Words),1c. Class 1 语法变形拯救归纳词 (rewarding -> rewarding),Morphological Rescued
nervousness,nervousness,11,紧张不安的情绪,0. Direct NRC,Direct NRC Included (358 Words),1c. Class 1 语法变形拯救归纳词 (nervousness -> nervousness),Morphological Rescued
mad,mad,11,发怒的 / 生气的,0. Direct NRC,Direct NRC Included (358 Words),1c. Class 1 语法变形拯救归纳词 (mad -> mad),Morphological Rescued
inviting,inviting,11,引人入胜令人愉悦的,0. Direct NRC,Direct NRC Included (358 Words),1c. Class 1 语法变形拯救归纳词 (inviting -> inviting),Morphological Rescued
cheesy,cheesy,11,俗气的 / 劣质的,2. Class 2 Colloquial,Class 2: Colloquial Superlatives & Base Terms (128 Words),1c. Class 1 语法变形拯救归纳词 (cheesy -> cheesy),Morphological Rescued
admire,admire,11,钦佩赞赏,0. Direct NRC,Direct NRC Included (358 Words),1c. Class 1 语法变形拯救归纳词 (admire -> admire),Morphological Rescued
mesmerized,mesmerized,10,被深深吸引迷住的,2. Class 2 Colloquial,Class 2: Colloquial Superlatives & Base Terms (128 Words),1c. Class 1 语法变形拯救归纳词 (mesmerized -> mesmerized),Morphological Rescued
unfortunate,unfortunate,10,不幸遗憾的,0. Direct NRC,Direct NRC Included (358 Words),1c. Class 1 语法变形拯救归纳词 (unfortunate -> unfortunate),Morphological Rescued
stunningly,stunningly,10,令人震撼地,3. Class 3 Domain,Class 3: Low-Altitude Domain Lexicon (17 Words) ⭐,2b. Class 3 低空观光领域专有采掘词 (16 Words),CATE (Low-Altitude Air Tourism Domain Discovery)
stunned,stunned,10,感到目瞪口呆震撼的,0. Direct NRC,Direct NRC Included (358 Words),1c. Class 1 语法变形拯救归纳词 (stunned -> stunned),Morphological Rescued
stability,stability,10,平稳安心感,2. Class 2 Colloquial,Class 2: Colloquial Superlatives & Base Terms (128 Words),1c. Class 1 语法变形拯救归纳词 (stability -> stability),Morphological Rescued
raving,raving,10,赞不绝口极力推荐的,0. Direct NRC,Direct NRC Included (358 Words),1c. Class 1 语法变形拯救归纳词 (raving -> raving),Morphological Rescued
quaint,quaint,10,古朴宜人的,0. Direct NRC,Direct NRC Included (358 Words),1c. Class 1 语法变形拯救归纳词 (quaint -> quaint),Morphological Rescued
wonderfull,wonderful,10,令人惊叹绝妙的 (错别字变体),1. Class 1 Morphological,Class 1: Participle & Morphological Variance Gaps (127 Words),1c. Class 1 语法变形拯救归纳词 (wonderfull -> wonderful),Morphological Rescued
jealous,jealous,10,令人羡慕嫉妒的,0. Direct NRC,Direct NRC Included (358 Words),1c. Class 1 语法变形拯救归纳词 (jealous -> jealous),Morphological Rescued
improving,improving,10,不断改善令人满意的,0. Direct NRC,Direct NRC Included (358 Words),1c. Class 1 语法变形拯救归纳词 (improving -> improving),Morphological Rescued
improvement,improvement,10,体验改善 / 提升,0. Direct NRC,Direct NRC Included (358 Words),1c. Class 1 语法变形拯救归纳词 (improvement -> improvement),Morphological Rescued
friendlier,friendlier,10,更加亲切友好的,2. Class 2 Colloquial,Class 2: Colloquial Superlatives & Base Terms (128 Words),1c. Class 1 语法变形拯救归纳词 (friendlier -> friendlier),Morphological Rescued
emotional,emotional,10,情感上的 / 动情的,2. Class 2 Colloquial,Class 2: Colloquial Superlatives & Base Terms (128 Words),1c. Class 1 语法变形拯救归纳词 (emotional -> emotional),Morphological Rescued
ecstatic,ecstatic,10,狂喜的 / 极度兴奋的,0. Direct NRC,Direct NRC Included (358 Words),1c. Class 1 语法变形拯救归纳词 (ecstatic -> ecstatic),Morphological Rescued
conscientious,conscientious,10,认真负责的,0. Direct NRC,Direct NRC Included (358 Words),1c. Class 1 语法变形拯救归纳词 (conscientious -> conscientious),Morphological Rescued
badly,badly,10,严重地 / 糟糕地,0. Direct NRC,Direct NRC Included (358 Words),1c. Class 1 语法变形拯救归纳词 (badly -> badly),Morphological Rescued
unspoiled,unspoiled,9,未经破坏原始纯粹的,2. Class 2 Colloquial,Class 2: Colloquial Superlatives & Base Terms (128 Words),1c. Class 1 语法变形拯救归纳词 (unspoiled -> unspoiled),Morphological Rescued
terribly,terribly,9,极度负面地 / 抱歉,0. Direct NRC,Direct NRC Included (358 Words),1c. Class 1 语法变形拯救归纳词 (terribly -> terribly),Morphological Rescued
susceptible,susceptible,9,易受影响脆弱的,0. Direct NRC,Direct NRC Included (358 Words),1c. Class 1 语法变形拯救归纳词 (susceptible -> susceptible),Morphological Rescued
stuffed,stuffed,9,塞满的 / 憋闷不适的,2. Class 2 Colloquial,Class 2: Colloquial Superlatives & Base Terms (128 Words),1c. Class 1 语法变形拯救归纳词 (stuffed -> stuffed),Morphological Rescued
miserable,miserable,9,极度痛苦糟糕的,0. Direct NRC,Direct NRC Included (358 Words),1c. Class 1 语法变形拯救归纳词 (miserable -> miserable),Morphological Rescued
hassles,hassles,9,烦心事 / 摩擦,2. Class 2 Colloquial,Class 2: Colloquial Superlatives & Base Terms (128 Words),1c. Class 1 语法变形拯救归纳词 (hassles -> hassles),Morphological Rescued
effortless,effortless,9,轻松平稳的,2. Class 2 Colloquial,Class 2: Colloquial Superlatives & Base Terms (128 Words),1c. Class 1 语法变形拯救归纳词 (effortless -> effortless),Morphological Rescued
compliment,compliment,9,赞美 / 赞赏评价,0. Direct NRC,Direct NRC Included (358 Words),1c. Class 1 语法变形拯救归纳词 (compliment -> compliment),Morphological Rescued
claustrophobia,claustrophobia,9,幽闭恐惧症（密闭机舱焦虑）,3. Class 3 Domain,Class 3: Low-Altitude Domain Lexicon (17 Words) ⭐,2b. Class 3 低空观光领域专有采掘词 (16 Words),CATE (Low-Altitude Air Tourism Domain Discovery)
cheerfully,cheerfully,9,欢快愉悦地,2. Class 2 Colloquial,Class 2: Colloquial Superlatives & Base Terms (128 Words),1c. Class 1 语法变形拯救归纳词 (cheerfully -> cheerfully),Morphological Rescued
bummer,bummer,9,令人扫兴扫兴的事,0. Direct NRC,Direct NRC Included (358 Words),1c. Class 1 语法变形拯救归纳词 (bummer -> bummer),Morphological Rescued
awkward,awkward,9,尴尬的 / 别扭的,2. Class 2 Colloquial,Class 2: Colloquial Superlatives & Base Terms (128 Words),1c. Class 1 语法变形拯救归纳词 (awkward -> awkward),Morphological Rescued
automatically,automatically,9,自动地 / 自然而然,2. Class 2 Colloquial,Class 2: Colloquial Superlatives & Base Terms (128 Words),1c. Class 1 语法变形拯救归纳词 (automatically -> automatically),Morphological Rescued
mindful,mindful,8,细心周到的,0. Direct NRC,Direct NRC Included (358 Words),1c. Class 1 语法变形拯救归纳词 (mindful -> mindful),Morphological Rescued
yummy,yummy,8,美味愉悦的,2. Class 2 Colloquial,Class 2: Colloquial Superlatives & Base Terms (128 Words),1c. Class 1 语法变形拯救归纳词 (yummy -> yummy),Morphological Rescued
unstable,unstable,8,不稳定摇晃令人担心的,0. Direct NRC,Direct NRC Included (358 Words),1c. Class 1 语法变形拯救归纳词 (unstable -> unstable),Morphological Rescued
spoiled,spoiled,8,好心情被破坏毁掉的,2. Class 2 Colloquial,Class 2: Colloquial Superlatives & Base Terms (128 Words),1c. Class 1 语法变形拯救归纳词 (spoiled -> spoiled),Morphological Rescued
shocked,shocked,8,感到震惊惊吓的,2. Class 2 Colloquial,Class 2: Colloquial Superlatives & Base Terms (128 Words),1c. Class 1 语法变形拯救归纳词 (shocked -> shocked),Morphological Rescued
poorly,poorly,8,糟糕地 / 差劲地,0. Direct NRC,Direct NRC Included (358 Words),1c. Class 1 语法变形拯救归纳词 (poorly -> poorly),Morphological Rescued
nerve,nerve,8,紧张神经,0. Direct NRC,Direct NRC Included (358 Words),1c. Class 1 语法变形拯救归纳词 (nerve -> nerve),Morphological Rescued
grace,grace,8,优雅 / 良好风度,0. Direct NRC,Direct NRC Included (358 Words),1c. Class 1 语法变形拯救归纳词 (grace -> grace),Morphological Rescued
frustration,frustration,8,挫败感 / 烦恼,0. Direct NRC,Direct NRC Included (358 Words),1c. Class 1 语法变形拯救归纳词 (frustration -> frustration),Morphological Rescued
frightened,frightened,8,感到受惊吓害怕的,0. Direct NRC,Direct NRC Included (358 Words),1c. Class 1 语法变形拯救归纳词 (frightened -> frightened),Morphological Rescued
exhilaration,exhilaration,8,极度兴奋快感,0. Direct NRC,Direct NRC Included (358 Words),1c. Class 1 语法变形拯救归纳词 (exhilaration -> exhilaration),Morphological Rescued
exhausted,exhausted,8,精疲力竭极为疲惫的,0. Direct NRC,Direct NRC Included (358 Words),1c. Class 1 语法变形拯救归纳词 (exhausted -> exhausted),Morphological Rescued
dissapointed,disappointed,8,感到失望的（错别字变体）,1. Class 1 Morphological,Class 1: Participle & Morphological Variance Gaps (127 Words),1c. Class 1 语法变形拯救归纳词 (dissapointed -> disappointed),Morphological Rescued
cherished,cherish,8,珍视铭记的,1. Class 1 Morphological,Class 1: Participle & Morphological Variance Gaps (127 Words),1c. Class 1 语法变形拯救归纳词 (cherished -> cherish),Morphological Rescued
annoyed,annoyed,8,感到烦恼的 / 恼火的,2. Class 2 Colloquial,Class 2: Colloquial Superlatives & Base Terms (128 Words),1c. Class 1 语法变形拯救归纳词 (annoyed -> annoyed),Morphological Rescued
strange,strange,7,怪异不安的,2. Class 2 Colloquial,Class 2: Colloquial Superlatives & Base Terms (128 Words),1c. Class 1 语法变形拯救归纳词 (strange -> strange),Morphological Rescued
reputable,reputable,7,信誉良好的,0. Direct NRC,Direct NRC Included (358 Words),1c. Class 1 语法变形拯救归纳词 (reputable -> reputable),Morphological Rescued
ridiculous,ridiculous,7,荒谬的 / 离谱的,0. Direct NRC,Direct NRC Included (358 Words),1c. Class 1 语法变形拯救归纳词 (ridiculous -> ridiculous),Morphological Rescued
rudely,rudely,7,粗鲁地 / 无礼地,2. Class 2 Colloquial,Class 2: Colloquial Superlatives & Base Terms (128 Words),1c. Class 1 语法变形拯救归纳词 (rudely -> rudely),Morphological Rescued
serenity,serenity,7,宁静 / 祥和,0. Direct NRC,Direct NRC Included (358 Words),1c. Class 1 语法变形拯救归纳词 (serenity -> serenity),Morphological Rescued
relieved,relieved,7,宽慰的 / 松了一口气,2. Class 2 Colloquial,Class 2: Colloquial Superlatives & Base Terms (128 Words),1c. Class 1 语法变形拯救归纳词 (relieved -> relieved),Morphological Rescued
suffered,suffered,7,遭受身体/晕眩痛苦,2. Class 2 Colloquial,Class 2: Colloquial Superlatives & Base Terms (128 Words),1c. Class 1 语法变形拯救归纳词 (suffered -> suffered),Morphological Rescued
unhappy,unhappy,7,不高兴不满意的,0. Direct NRC,Direct NRC Included (358 Words),1c. Class 1 语法变形拯救归纳词 (unhappy -> unhappy),Morphological Rescued
unpleasant,unpleasant,7,令人不快令人难受的,0. Direct NRC,Direct NRC Included (358 Words),1c. Class 1 语法变形拯救归纳词 (unpleasant -> unpleasant),Morphological Rescued
powerful,powerful,7,强烈的 / 感人的,0. Direct NRC,Direct NRC Included (358 Words),1c. Class 1 语法变形拯救归纳词 (powerful -> powerful),Morphological Rescued
worrying,worry,7,令人担心的,0. Direct NRC,Direct NRC Included (358 Words),1c. Class 1 语法变形拯救归纳词 (worrying -> worry),Morphological Rescued
weird,weird,7,古怪令人不安的,0. Direct NRC,Direct NRC Included (358 Words),1c. Class 1 语法变形拯救归纳词 (weird -> weird),Morphological Rescued
painful,painful,7,痛苦的 / 令人难受的,0. Direct NRC,Direct NRC Included (358 Words),1c. Class 1 语法变形拯救归纳词 (painful -> painful),Morphological Rescued
panic,panic,7,恐慌 / 惊恐状态,0. Direct NRC,Direct NRC Included (358 Words),1c. Class 1 语法变形拯救归纳词 (panic -> panic),Morphological Rescued
laughter,laughter,7,欢笑 / 笑声,0. Direct NRC,Direct NRC Included (358 Words),1c. Class 1 语法变形拯救归纳词 (laughter -> laughter),Morphological Rescued
hopeful,hopeful,7,怀抱希望的,0. Direct NRC,Direct NRC Included (358 Words),1c. Class 1 语法变形拯救归纳词 (hopeful -> hopeful),Morphological Rescued
hesitating,hesitating,7,犹豫顾虑（心理活动）,2. Class 2 Colloquial,Class 2: Colloquial Superlatives & Base Terms (128 Words),1c. Class 1 语法变形拯救归纳词 (hesitating -> hesitating),Morphological Rescued
gushing,gushing,7,滔滔不绝赞赞称道的,2. Class 2 Colloquial,Class 2: Colloquial Superlatives & Base Terms (128 Words),1c. Class 1 语法变形拯救归纳词 (gushing -> gushing),Morphological Rescued
exhilerating,exhilarating,7,令人兴奋刺激酣畅地（错别字变体）,2. Class 2 Colloquial,Class 2: Colloquial Superlatives & Base Terms (128 Words),1c. Class 1 语法变形拯救归纳词 (exhilerating -> exhilarating),Morphological Rescued
enthusiastically,enthusiastically,7,热情高涨地,2. Class 2 Colloquial,Class 2: Colloquial Superlatives & Base Terms (128 Words),1c. Class 1 语法变形拯救归纳词 (enthusiastically -> enthusiastically),Morphological Rescued
curious,curious,7,好奇求知的,2. Class 2 Colloquial,Class 2: Colloquial Superlatives & Base Terms (128 Words),1c. Class 1 语法变形拯救归纳词 (curious -> curious),Morphological Rescued
confusion,confusion,7,困惑 / 混乱,0. Direct NRC,Direct NRC Included (358 Words),1c. Class 1 语法变形拯救归纳词 (confusion -> confusion),Morphological Rescued
classy,classy,7,高端优雅的,2. Class 2 Colloquial,Class 2: Colloquial Superlatives & Base Terms (128 Words),1c. Class 1 语法变形拯救归纳词 (classy -> classy),Morphological Rescued
captivated,captivated,7,被深深吸引着迷的,2. Class 2 Colloquial,Class 2: Colloquial Superlatives & Base Terms (128 Words),1c. Class 1 语法变形拯救归纳词 (captivated -> captivated),Morphological Rescued
alas,alas,7,唉 / 遗憾的是,2. Class 2 Colloquial,Class 2: Colloquial Superlatives & Base Terms (128 Words),1c. Class 1 语法变形拯救归纳词 (alas -> alas),Morphological Rescued
reassurance,reassurance,6,令人放心的安抚感,0. Direct NRC,Direct NRC Included (358 Words),1c. Class 1 语法变形拯救归纳词 (reassurance -> reassurance),Morphological Rescued
inspirational,inspirational,6,鼓舞人心的,2. Class 2 Colloquial,Class 2: Colloquial Superlatives & Base Terms (128 Words),1c. Class 1 语法变形拯救归纳词 (inspirational -> inspirational),Morphological Rescued
jovial,jovial,6,欢快风趣的,0. Direct NRC,Direct NRC Included (358 Words),1c. Class 1 语法变形拯救归纳词 (jovial -> jovial),Morphological Rescued
precision,precision,6,精准靠谱的,0. Direct NRC,Direct NRC Included (358 Words),1c. Class 1 语法变形拯救归纳词 (precision -> precision),Morphological Rescued
gratitude,gratitude,6,感激 / 感恩,0. Direct NRC,Direct NRC Included (358 Words),1c. Class 1 语法变形拯救归纳词 (gratitude -> gratitude),Morphological Rescued
relief,relief,6,轻松如释重负感,0. Direct NRC,Direct NRC Included (358 Words),1c. Class 1 语法变形拯救归纳词 (relief -> relief),Morphological Rescued
sublime,sublime,6,崇高壮丽绝美的（Aesthetic Emotion/Awe）,3. Class 3 Domain,Class 3: Low-Altitude Domain Lexicon (17 Words) ⭐,2b. Class 3 低空观光领域专有采掘词 (16 Words),CATE (Low-Altitude Air Tourism Domain Discovery)
timid,timid,6,胆怯害羞的,0. Direct NRC,Direct NRC Included (358 Words),1c. Class 1 语法变形拯救归纳词 (timid -> timid),Morphological Rescued
warmest,warmest,6,最暖心亲切的,2. Class 2 Colloquial,Class 2: Colloquial Superlatives & Base Terms (128 Words),1c. Class 1 语法变形拯救归纳词 (warmest -> warmest),Morphological Rescued
hug,hug,6,拥抱 / 温暖关怀,0. Direct NRC,Direct NRC Included (358 Words),1c. Class 1 语法变形拯救归纳词 (hug -> hug),Morphological Rescued
amaze,amaze,6,使惊叹 / 惊奇,0. Direct NRC,Direct NRC Included (358 Words),1c. Class 1 语法变形拯救归纳词 (amaze -> amaze),Morphological Rescued
frightening,frightening,6,令人惊恐吓人的,2. Class 2 Colloquial,Class 2: Colloquial Superlatives & Base Terms (128 Words),1c. Class 1 语法变形拯救归纳词 (frightening -> frightening),Morphological Rescued
calmer,calmer,6,更平静安心的,2. Class 2 Colloquial,Class 2: Colloquial Superlatives & Base Terms (128 Words),1c. Class 1 语法变形拯救归纳词 (calmer -> calmer),Morphological Rescued
appropriately,appropriately,6,恰当地 / 贴心地,2. Class 2 Colloquial,Class 2: Colloquial Superlatives & Base Terms (128 Words),1c. Class 1 语法变形拯救归纳词 (appropriately -> appropriately),Morphological Rescued
blind,blind,6,盲目的 / 视线受阻的,0. Direct NRC,Direct NRC Included (358 Words),1c. Class 1 语法变形拯救归纳词 (blind -> blind),Morphological Rescued
broad,broad,6,宽广的,2. Class 2 Colloquial,Class 2: Colloquial Superlatives & Base Terms (128 Words),1c. Class 1 语法变形拯救归纳词 (broad -> broad),Morphological Rescued
fascinated,fascinated,6,深深入迷为之倾倒的,2. Class 2 Colloquial,Class 2: Colloquial Superlatives & Base Terms (128 Words),1c. Class 1 语法变形拯救归纳词 (fascinated -> fascinated),Morphological Rescued
casual,casual,6,随和轻松的,2. Class 2 Colloquial,Class 2: Colloquial Superlatives & Base Terms (128 Words),1c. Class 1 语法变形拯救归纳词 (casual -> casual),Morphological Rescued
discouraged,discouraged,6,感到灰心气馁的,2. Class 2 Colloquial,Class 2: Colloquial Superlatives & Base Terms (128 Words),1c. Class 1 语法变形拯救归纳词 (discouraged -> discouraged),Morphological Rescued
enthralled,enthralled,6,被深深吸引迷住的,2. Class 2 Colloquial,Class 2: Colloquial Superlatives & Base Terms (128 Words),1c. Class 1 语法变形拯救归纳词 (enthralled -> enthralled),Morphological Rescued
joyful,joyful,5,充满喜悦欢快的,0. Direct NRC,Direct NRC Included (358 Words),1c. Class 1 语法变形拯救归纳词 (joyful -> joyful),Morphological Rescued
wowed,wowed,5,被深深惊叹震撼的,2. Class 2 Colloquial,Class 2: Colloquial Superlatives & Base Terms (128 Words),1c. Class 1 语法变形拯救归纳词 (wowed -> wowed),Morphological Rescued
suprise,surprise,5,惊喜 / 意料之外（错别字变体）,1. Class 1 Morphological,Class 1: Participle & Morphological Variance Gaps (127 Words),1c. Class 1 语法变形拯救归纳词 (suprise -> surprise),Morphological Rescued
stressful,stressful,5,令人压力重重焦虑的（Stress/Anxiety State）,2. Class 2 Colloquial,Class 2: Colloquial Superlatives & Base Terms (128 Words),2a. Class 2 Web 2.0 口语极致形容与评价词 (128 Words),Web 2.0 General Evaluative Term
shock,shock,5,震惊 / 冲击,0. Direct NRC,Direct NRC Included (358 Words),2a. Class 2 Web 2.0 口语极致形容与评价词 (128 Words),Web 2.0 General Evaluative Term
scare,scare,5,吓人 / 引发恐慌的,0. Direct NRC,Direct NRC Included (358 Words),2a. Class 2 Web 2.0 口语极致形容与评价词 (128 Words),Web 2.0 General Evaluative Term
overwhelmingly,overwhelmingly,5,压倒性震撼地,2. Class 2 Colloquial,Class 2: Colloquial Superlatives & Base Terms (128 Words),2a. Class 2 Web 2.0 口语极致形容与评价词 (128 Words),Web 2.0 General Evaluative Term
marveled,marvel,5,惊叹赞赏的,1. Class 1 Morphological,Class 1: Participle & Morphological Variance Gaps (127 Words),2a. Class 2 Web 2.0 口语极致形容与评价词 (128 Words),Web 2.0 General Evaluative Term
luscious,luscious,5,秀美令人心旷神怡的,0. Direct NRC,Direct NRC Included (358 Words),2a. Class 2 Web 2.0 口语极致形容与评价词 (128 Words),Web 2.0 General Evaluative Term
pity,pity,5,遗憾 / 同情怜悯,0. Direct NRC,Direct NRC Included (358 Words),2a. Class 2 Web 2.0 口语极致形容与评价词 (128 Words),Web 2.0 General Evaluative Term
jitters,jitters,5,忐忑不安 / 紧张发抖感,3. Class 3 Domain,Class 3: Low-Altitude Domain Lexicon (17 Words) ⭐,2a. Class 2 Web 2.0 口语极致形容与评价词 (128 Words),Web 2.0 General Evaluative Term
hates,hate,5,厌恶 / 讨厌,1. Class 1 Morphological,Class 1: Participle & Morphological Variance Gaps (127 Words),2a. Class 2 Web 2.0 口语极致形容与评价词 (128 Words),Web 2.0 General Evaluative Term
hated,hate,5,讨厌 / 极为憎恶的,1. Class 1 Morphological,Class 1: Participle & Morphological Variance Gaps (127 Words),2a. Class 2 Web 2.0 口语极致形容与评价词 (128 Words),Web 2.0 General Evaluative Term
gloomy,gloomy,5,阴沉的 / 沮丧的,0. Direct NRC,Direct NRC Included (358 Words),2a. Class 2 Web 2.0 口语极致形容与评价词 (128 Words),Web 2.0 General Evaluative Term
faultless,faultless,5,无可挑剔完美的,0. Direct NRC,Direct NRC Included (358 Words),2a. Class 2 Web 2.0 口语极致形容与评价词 (128 Words),Web 2.0 General Evaluative Term
envy,envy,5,羡慕 / 嫉妒,2. Class 2 Colloquial,Class 2: Colloquial Superlatives & Base Terms (128 Words),2a. Class 2 Web 2.0 口语极致形容与评价词 (128 Words),Web 2.0 General Evaluative Term
comforted,comforted,5,感到安慰安心的,2. Class 2 Colloquial,Class 2: Colloquial Superlatives & Base Terms (128 Words),2a. Class 2 Web 2.0 口语极致形容与评价词 (128 Words),Web 2.0 General Evaluative Term
apprehension,apprehension,5,忧虑 / 疑虑不安,0. Direct NRC,Direct NRC Included (358 Words),2a. Class 2 Web 2.0 口语极致形容与评价词 (128 Words),Web 2.0 General Evaluative Term
intimidating,intimidating,5,令人胆怯令人畏惧的,2. Class 2 Colloquial,Class 2: Colloquial Superlatives & Base Terms (128 Words),2a. Class 2 Web 2.0 口语极致形容与评价词 (128 Words),Web 2.0 General Evaluative Term
tranquil,tranquil,4,清幽宁静的（Calmness/Serenity State）,0. Direct NRC,Direct NRC Included (358 Words),2a. Class 2 Web 2.0 口语极致形容与评价词 (128 Words),Web 2.0 General Evaluative Term
spellbinding,spellbinding,4,扣人心弦迷人的,3. Class 3 Domain,Class 3: Low-Altitude Domain Lexicon (17 Words) ⭐,2a. Class 2 Web 2.0 口语极致形容与评价词 (128 Words),Web 2.0 General Evaluative Term
spellbound,spellbound,4,出神为之入迷的,2. Class 2 Colloquial,Class 2: Colloquial Superlatives & Base Terms (128 Words),2a. Class 2 Web 2.0 口语极致形容与评价词 (128 Words),Web 2.0 General Evaluative Term
stoked,stoked,4,极为激动期待的,2. Class 2 Colloquial,Class 2: Colloquial Superlatives & Base Terms (128 Words),2a. Class 2 Web 2.0 口语极致形容与评价词 (128 Words),Web 2.0 General Evaluative Term
subtle,subtle,4,微妙精细的,2. Class 2 Colloquial,Class 2: Colloquial Superlatives & Base Terms (128 Words),2a. Class 2 Web 2.0 口语极致形容与评价词 (128 Words),Web 2.0 General Evaluative Term
suprised,surprised,4,感到惊喜惊讶的（错别字变体）,1. Class 1 Morphological,Class 1: Participle & Morphological Variance Gaps (127 Words),2a. Class 2 Web 2.0 口语极致形容与评价词 (128 Words),Web 2.0 General Evaluative Term
thrills,thrills,4,刺激 / 快感,2. Class 2 Colloquial,Class 2: Colloquial Superlatives & Base Terms (128 Words),2a. Class 2 Web 2.0 口语极致形容与评价词 (128 Words),Web 2.0 General Evaluative Term
unnerving,unnerving,4,令人发慌不安吓人的,3. Class 3 Domain,Class 3: Low-Altitude Domain Lexicon (17 Words) ⭐,2a. Class 2 Web 2.0 口语极致形容与评价词 (128 Words),Web 2.0 General Evaluative Term
tranquility,tranquility,4,宁静 / 平和,0. Direct NRC,Direct NRC Included (358 Words),2a. Class 2 Web 2.0 口语极致形容与评价词 (128 Words),Web 2.0 General Evaluative Term
underwhelmed,underwhelmed,4,大失所望未达预期的,2. Class 2 Colloquial,Class 2: Colloquial Superlatives & Base Terms (128 Words),2a. Class 2 Web 2.0 口语极致形容与评价词 (128 Words),Web 2.0 General Evaluative Term
unfair,unfair,4,不公平的 / 冤枉的,0. Direct NRC,Direct NRC Included (358 Words),2a. Class 2 Web 2.0 口语极致形容与评价词 (128 Words),Web 2.0 General Evaluative Term
unfriendly,unfriendly,4,不友善的,0. Direct NRC,Direct NRC Included (358 Words),2a. Class 2 Web 2.0 口语极致形容与评价词 (128 Words),Web 2.0 General Evaluative Term
wicked,wicked,4,太棒了 / 绝妙的,0. Direct NRC,Direct NRC Included (358 Words),2a. Class 2 Web 2.0 口语极致形容与评价词 (128 Words),Web 2.0 General Evaluative Term
wildest,wildest,4,最疯狂的（狂想）,2. Class 2 Colloquial,Class 2: Colloquial Superlatives & Base Terms (128 Words),2a. Class 2 Web 2.0 口语极致形容与评价词 (128 Words),Web 2.0 General Evaluative Term
profound,profound,4,深刻震撼的,2. Class 2 Colloquial,Class 2: Colloquial Superlatives & Base Terms (128 Words),2a. Class 2 Web 2.0 口语极致形容与评价词 (128 Words),Web 2.0 General Evaluative Term
regretting,regret,4,感到后悔遗憾的,0. Direct NRC,Direct NRC Included (358 Words),2a. Class 2 Web 2.0 口语极致形容与评价词 (128 Words),Web 2.0 General Evaluative Term
nasty,nasty,4,令人厌恶的 / 恶劣的,0. Direct NRC,Direct NRC Included (358 Words),2a. Class 2 Web 2.0 口语极致形容与评价词 (128 Words),Web 2.0 General Evaluative Term
pleasing,pleasing,4,令人愉悦满意的,2. Class 2 Colloquial,Class 2: Colloquial Superlatives & Base Terms (128 Words),2a. Class 2 Web 2.0 口语极致形容与评价词 (128 Words),Web 2.0 General Evaluative Term
frustrated,frustrated,4,感到沮丧的 / 挫败的,0. Direct NRC,Direct NRC Included (358 Words),2a. Class 2 Web 2.0 口语极致形容与评价词 (128 Words),Web 2.0 General Evaluative Term
captivating,captivating,4,扣人心弦引人入胜的,0. Direct NRC,Direct NRC Included (358 Words),2a. Class 2 Web 2.0 口语极致形容与评价词 (128 Words),Web 2.0 General Evaluative Term
phobia,phobia,4,恐惧症 / 恐高心理,3. Class 3 Domain,Class 3: Low-Altitude Domain Lexicon (17 Words) ⭐,2a. Class 2 Web 2.0 口语极致形容与评价词 (128 Words),Web 2.0 General Evaluative Term
disconcerting,disconcerting,4,令人不安的,2. Class 2 Colloquial,Class 2: Colloquial Superlatives & Base Terms (128 Words),2a. Class 2 Web 2.0 口语极致形容与评价词 (128 Words),Web 2.0 General Evaluative Term
dreaded,dread,4,令人害怕恐惧的 / 提心吊胆,1. Class 1 Morphological,Class 1: Participle & Morphological Variance Gaps (127 Words),2a. Class 2 Web 2.0 口语极致形容与评价词 (128 Words),Web 2.0 General Evaluative Term
dreading,dread,4,感到十分恐惧担心的,1. Class 1 Morphological,Class 1: Participle & Morphological Variance Gaps (127 Words),2a. Class 2 Web 2.0 口语极致形容与评价词 (128 Words),Web 2.0 General Evaluative Term
emotion,emotion,4,情感 / 情绪,2. Class 2 Colloquial,Class 2: Colloquial Superlatives & Base Terms (128 Words),2a. Class 2 Web 2.0 口语极致形容与评价词 (128 Words),Web 2.0 General Evaluative Term
exhilarated,exhilarated,4,感到无比兴奋酣畅的,2. Class 2 Colloquial,Class 2: Colloquial Superlatives & Base Terms (128 Words),2a. Class 2 Web 2.0 口语极致形容与评价词 (128 Words),Web 2.0 General Evaluative Term
embarrassed,embarrassed,4,感到尴尬难堪的,2. Class 2 Colloquial,Class 2: Colloquial Superlatives & Base Terms (128 Words),2a. Class 2 Web 2.0 口语极致形容与评价词 (128 Words),Web 2.0 General Evaluative Term
giddy,giddy,4,兴奋得头晕目眩欢欣的,2. Class 2 Colloquial,Class 2: Colloquial Superlatives & Base Terms (128 Words),2a. Class 2 Web 2.0 口语极致形容与评价词 (128 Words),Web 2.0 General Evaluative Term
hungry,hungry,4,贪婪的（money hungry）,0. Direct NRC,Direct NRC Included (358 Words),2a. Class 2 Web 2.0 口语极致形容与评价词 (128 Words),Web 2.0 General Evaluative Term
irritated,irritated,4,感到恼火烦躁的,2. Class 2 Colloquial,Class 2: Colloquial Superlatives & Base Terms (128 Words),2a. Class 2 Web 2.0 口语极致形容与评价词 (128 Words),Web 2.0 General Evaluative Term
irritating,irritating,4,令人烦躁恼火的,0. Direct NRC,Direct NRC Included (358 Words),2a. Class 2 Web 2.0 口语极致形容与评价词 (128 Words),Web 2.0 General Evaluative Term
ominous,ominous,4,不详的 / 不妙的,0. Direct NRC,Direct NRC Included (358 Words),2a. Class 2 Web 2.0 口语极致形容与评价词 (128 Words),Web 2.0 General Evaluative Term
peacefulness,peacefulness,4,宁静详和感,2. Class 2 Colloquial,Class 2: Colloquial Superlatives & Base Terms (128 Words),2a. Class 2 Web 2.0 口语极致形容与评价词 (128 Words),Web 2.0 General Evaluative Term
reassure,reassure,3,使人感到安心放心的,0. Direct NRC,Direct NRC Included (358 Words),2a. Class 2 Web 2.0 口语极致形容与评价词 (128 Words),Web 2.0 General Evaluative Term
heartfelt,heartfelt,3,真挚的 / 出自内心的,0. Direct NRC,Direct NRC Included (358 Words),2a. Class 2 Web 2.0 口语极致形容与评价词 (128 Words),Web 2.0 General Evaluative Term
horribly,horrible,3,糟糕恐怖地,0. Direct NRC,Direct NRC Included (358 Words),2a. Class 2 Web 2.0 口语极致形容与评价词 (128 Words),Web 2.0 General Evaluative Term
incomprehensible,incomprehensible,3,难以理解令人困惑的,0. Direct NRC,Direct NRC Included (358 Words),2a. Class 2 Web 2.0 口语极致形容与评价词 (128 Words),Web 2.0 General Evaluative Term
indulge,indulge,3,尽情享受 / 犒劳自己,2. Class 2 Colloquial,Class 2: Colloquial Superlatives & Base Terms (128 Words),2a. Class 2 Web 2.0 口语极致形容与评价词 (128 Words),Web 2.0 General Evaluative Term
joking,joking,3,开玩笑的,0. Direct NRC,Direct NRC Included (358 Words),2a. Class 2 Web 2.0 口语极致形容与评价词 (128 Words),Web 2.0 General Evaluative Term
marvelously,marvelously,3,奇妙极其出色地,0. Direct NRC,Direct NRC Included (358 Words),2a. Class 2 Web 2.0 口语极致形容与评价词 (128 Words),Web 2.0 General Evaluative Term
overjoyed,overjoyed,3,欣喜若狂的,0. Direct NRC,Direct NRC Included (358 Words),2a. Class 2 Web 2.0 口语极致形容与评价词 (128 Words),Web 2.0 General Evaluative Term
peacefully,peacefully,3,宁静和平地,2. Class 2 Colloquial,Class 2: Colloquial Superlatives & Base Terms (128 Words),2a. Class 2 Web 2.0 口语极致形容与评价词 (128 Words),Web 2.0 General Evaluative Term
sympathy,sympathy,3,同情 / 体谅,0. Direct NRC,Direct NRC Included (358 Words),2a. Class 2 Web 2.0 口语极致形容与评价词 (128 Words),Web 2.0 General Evaluative Term
remorse,remorse,3,懊悔 / 悔恨,0. Direct NRC,Direct NRC Included (358 Words),2a. Class 2 Web 2.0 口语极致形容与评价词 (128 Words),Web 2.0 General Evaluative Term
rickety,rickety,3,摇摇欲坠的,0. Direct NRC,Direct NRC Included (358 Words),2a. Class 2 Web 2.0 口语极致形容与评价词 (128 Words),Web 2.0 General Evaluative Term
scaring,scare,3,使人害怕恐惧的,1. Class 1 Morphological,Class 1: Participle & Morphological Variance Gaps (127 Words),2a. Class 2 Web 2.0 口语极致形容与评价词 (128 Words),Web 2.0 General Evaluative Term
securely,securely,3,安全平稳地,2. Class 2 Colloquial,Class 2: Colloquial Superlatives & Base Terms (128 Words),2a. Class 2 Web 2.0 口语极致形容与评价词 (128 Words),Web 2.0 General Evaluative Term
sickening,sickening,3,令人作呕恶心的,0. Direct NRC,Direct NRC Included (358 Words),2a. Class 2 Web 2.0 口语极致形容与评价词 (128 Words),Web 2.0 General Evaluative Term
spoilt,spoilt,3,被破坏败兴的,2. Class 2 Colloquial,Class 2: Colloquial Superlatives & Base Terms (128 Words),2a. Class 2 Web 2.0 口语极致形容与评价词 (128 Words),Web 2.0 General Evaluative Term
uneasiness,uneasiness,3,不安 / 忐忑感,0. Direct NRC,Direct NRC Included (358 Words),2a. Class 2 Web 2.0 口语极致形容与评价词 (128 Words),Web 2.0 General Evaluative Term
unsettled,unsettled,3,心神不宁忐忑的,0. Direct NRC,Direct NRC Included (358 Words),2a. Class 2 Web 2.0 口语极致形容与评价词 (128 Words),Web 2.0 General Evaluative Term
happiness,happiness,3,幸福快乐感,0. Direct NRC,Direct NRC Included (358 Words),2a. Class 2 Web 2.0 口语极致形容与评价词 (128 Words),Web 2.0 General Evaluative Term
harrowing,harrowing,3,令人触目惊心惊恐的,0. Direct NRC,Direct NRC Included (358 Words),2a. Class 2 Web 2.0 口语极致形容与评价词 (128 Words),Web 2.0 General Evaluative Term
curiosity,curiosity,3,好奇心 / 探索欲,0. Direct NRC,Direct NRC Included (358 Words),2a. Class 2 Web 2.0 口语极致形容与评价词 (128 Words),Web 2.0 General Evaluative Term
guilty,guilty,3,内疚内疚感,0. Direct NRC,Direct NRC Included (358 Words),2a. Class 2 Web 2.0 口语极致形容与评价词 (128 Words),Web 2.0 General Evaluative Term
carefree,carefree,3,无忧无虑自在的,2. Class 2 Colloquial,Class 2: Colloquial Superlatives & Base Terms (128 Words),2a. Class 2 Web 2.0 口语极致形容与评价词 (128 Words),Web 2.0 General Evaluative Term
ecstasy,ecstasy,3,狂喜 / 极乐状态,0. Direct NRC,Direct NRC Included (358 Words),2a. Class 2 Web 2.0 口语极致形容与评价词 (128 Words),Web 2.0 General Evaluative Term
aggressively,aggressively,3,挑衅攻击地 / 极其恶劣地,2. Class 2 Colloquial,Class 2: Colloquial Superlatives & Base Terms (128 Words),2a. Class 2 Web 2.0 口语极致形容与评价词 (128 Words),Web 2.0 General Evaluative Term
ambivalent,ambivalent,3,矛盾复杂心理的,2. Class 2 Colloquial,Class 2: Colloquial Superlatives & Base Terms (128 Words),2a. Class 2 Web 2.0 口语极致形容与评价词 (128 Words),Web 2.0 General Evaluative Term
apprehensions,apprehension,3,顾虑 / 忧虑不安,1. Class 1 Morphological,Class 1: Participle & Morphological Variance Gaps (127 Words),2a. Class 2 Web 2.0 口语极致形容与评价词 (128 Words),Web 2.0 General Evaluative Term
aprehensive,apprehensive,3,感到忧虑不安的（错别字变体）,1. Class 1 Morphological,Class 1: Participle & Morphological Variance Gaps (127 Words),2a. Class 2 Web 2.0 口语极致形容与评价词 (128 Words),Web 2.0 General Evaluative Term
astonished,astonished,3,感到十分惊异惊叹的,2. Class 2 Colloquial,Class 2: Colloquial Superlatives & Base Terms (128 Words),2a. Class 2 Web 2.0 口语极致形容与评价词 (128 Words),Web 2.0 General Evaluative Term
beneficial,beneficial,3,有益的 / 有帮助的,0. Direct NRC,Direct NRC Included (358 Words),2a. Class 2 Web 2.0 口语极致形容与评价词 (128 Words),Web 2.0 General Evaluative Term
candid,candid,3,坦率真诚的,0. Direct NRC,Direct NRC Included (358 Words),2a. Class 2 Web 2.0 口语极致形容与评价词 (128 Words),Web 2.0 General Evaluative Term
astounded,astounded,3,感到十分震惊震撼的,2. Class 2 Colloquial,Class 2: Colloquial Superlatives & Base Terms (128 Words),2a. Class 2 Web 2.0 口语极致形容与评价词 (128 Words),Web 2.0 General Evaluative Term
cheer,cheer,3,振奋 / 欢呼,0. Direct NRC,Direct NRC Included (358 Words),2a. Class 2 Web 2.0 口语极致形容与评价词 (128 Words),Web 2.0 General Evaluative Term
deaf,deaf,3,听而不闻冷漠的（fell on deaf ears）,0. Direct NRC,Direct NRC Included (358 Words),2a. Class 2 Web 2.0 口语极致形容与评价词 (128 Words),Web 2.0 General Evaluative Term
dreaming,dreaming,3,梦寐以求 / 心驰神往,2. Class 2 Colloquial,Class 2: Colloquial Superlatives & Base Terms (128 Words),2a. Class 2 Web 2.0 口语极致形容与评价词 (128 Words),Web 2.0 General Evaluative Term
compassion,compassion,3,同理心 / 关切,0. Direct NRC,Direct NRC Included (358 Words),2a. Class 2 Web 2.0 口语极致形容与评价词 (128 Words),Web 2.0 General Evaluative Term
disappointingly,disappointed,3,令人失望地,1. Class 1 Morphological,Class 1: Participle & Morphological Variance Gaps (127 Words),2a. Class 2 Web 2.0 口语极致形容与评价词 (128 Words),Web 2.0 General Evaluative Term
dissatisfied,dissatisfied,3,感到不满意的,2. Class 2 Colloquial,Class 2: Colloquial Superlatives & Base Terms (128 Words),2a. Class 2 Web 2.0 口语极致形容与评价词 (128 Words),Web 2.0 General Evaluative Term
dazzled,dazzled,3,目眩神迷震撼的,2. Class 2 Colloquial,Class 2: Colloquial Superlatives & Base Terms (128 Words),2a. Class 2 Web 2.0 口语极致形容与评价词 (128 Words),Web 2.0 General Evaluative Term
daunting,daunting,3,令人望而生畏胆怯的,2. Class 2 Colloquial,Class 2: Colloquial Superlatives & Base Terms (128 Words),2a. Class 2 Web 2.0 口语极致形容与评价词 (128 Words),Web 2.0 General Evaluative Term
compassionate,compassionate,3,富有同理心体贴的,0. Direct NRC,Direct NRC Included (358 Words),2a. Class 2 Web 2.0 口语极致形容与评价词 (128 Words),Web 2.0 General Evaluative Term
humility,humility,2,谦逊贴心,0. Direct NRC,Direct NRC Included (358 Words),2a. Class 2 Web 2.0 口语极致形容与评价词 (128 Words),Web 2.0 General Evaluative Term
threaten,threaten,2,受到威胁/令人不安的,0. Direct NRC,Direct NRC Included (358 Words),2a. Class 2 Web 2.0 口语极致形容与评价词 (128 Words),Web 2.0 General Evaluative Term
suffering,suffering,2,受苦受难不适,0. Direct NRC,Direct NRC Included (358 Words),2a. Class 2 Web 2.0 口语极致形容与评价词 (128 Words),Web 2.0 General Evaluative Term
squeamish,squeamish,2,胆怯恶心体质易受惊的,0. Direct NRC,Direct NRC Included (358 Words),2a. Class 2 Web 2.0 口语极致形容与评价词 (128 Words),Web 2.0 General Evaluative Term
rigid,rigid,2,刻板不近人情的,0. Direct NRC,Direct NRC Included (358 Words),2a. Class 2 Web 2.0 口语极致形容与评价词 (128 Words),Web 2.0 General Evaluative Term
pumped,pumped,2,兴奋激动的 / 跃跃欲试,2. Class 2 Colloquial,Class 2: Colloquial Superlatives & Base Terms (128 Words),2a. Class 2 Web 2.0 口语极致形容与评价词 (128 Words),Web 2.0 General Evaluative Term
positively,positively,2,积极正面地,2. Class 2 Colloquial,Class 2: Colloquial Superlatives & Base Terms (128 Words),2a. Class 2 Web 2.0 口语极致形容与评价词 (128 Words),Web 2.0 General Evaluative Term
offensive,offensive,2,冒犯的 / 令人不适的,0. Direct NRC,Direct NRC Included (358 Words),2a. Class 2 Web 2.0 口语极致形容与评价词 (128 Words),Web 2.0 General Evaluative Term
primo,primo,2,一流的 / 顶级的,2. Class 2 Colloquial,Class 2: Colloquial Superlatives & Base Terms (128 Words),2a. Class 2 Web 2.0 口语极致形容与评价词 (128 Words),Web 2.0 General Evaluative Term
favourable,favourable,2,有利的 / 良好的,2. Class 2 Colloquial,Class 2: Colloquial Superlatives & Base Terms (128 Words),2a. Class 2 Web 2.0 口语极致形容与评价词 (128 Words),Web 2.0 General Evaluative Term
desperate,desperate,2,感到绝望迫切的,0. Direct NRC,Direct NRC Included (358 Words),2a. Class 2 Web 2.0 口语极致形容与评价词 (128 Words),Web 2.0 General Evaluative Term
darling,darling,2,可爱的 / 亲切的,0. Direct NRC,Direct NRC Included (358 Words),2a. Class 2 Web 2.0 口语极致形容与评价词 (128 Words),Web 2.0 General Evaluative Term
compliant,compliant,2,顺从的 / 合规安心的,0. Direct NRC,Direct NRC Included (358 Words),2a. Class 2 Web 2.0 口语极致形容与评价词 (128 Words),Web 2.0 General Evaluative Term
clever,clever,2,聪明睿智的,0. Direct NRC,Direct NRC Included (358 Words),2a. Class 2 Web 2.0 口语极致形容与评价词 (128 Words),Web 2.0 General Evaluative Term
bothering,bothering,2,打扰令人烦心的,0. Direct NRC,Direct NRC Included (358 Words),2a. Class 2 Web 2.0 口语极致形容与评价词 (128 Words),Web 2.0 General Evaluative Term
animated,animated,2,生动的 / 活力充沛的,0. Direct NRC,Direct NRC Included (358 Words),2a. Class 2 Web 2.0 口语极致形容与评价词 (128 Words),Web 2.0 General Evaluative Term
agreeable,agreeable,2,宜人的 / 令人满意的,0. Direct NRC,Direct NRC Included (358 Words),2a. Class 2 Web 2.0 口语极致形容与评价词 (128 Words),Web 2.0 General Evaluative Term
exhausting,exhausting,2,令人筋疲力尽的,2. Class 2 Colloquial,Class 2: Colloquial Superlatives & Base Terms (128 Words),2a. Class 2 Web 2.0 口语极致形容与评价词 (128 Words),Web 2.0 General Evaluative Term
shady,shady,1,可疑不诚信的,0. Direct NRC,Direct NRC Included (358 Words),2a. Class 2 Web 2.0 口语极致形容与评价词 (128 Words),Web 2.0 General Evaluative Term
quell,quell,1,镇定 / 平息（恐惧）,0. Direct NRC,Direct NRC Included (358 Words),2a. Class 2 Web 2.0 口语极致形容与评价词 (128 Words),Web 2.0 General Evaluative Term
racist,racist,1,种族歧视的,2. Class 2 Colloquial,Class 2: Colloquial Superlatives & Base Terms (128 Words),2a. Class 2 Web 2.0 口语极致形容与评价词 (128 Words),Web 2.0 General Evaluative Term
regrettably,regrettably,1,遗憾地 / 抱歉,2. Class 2 Colloquial,Class 2: Colloquial Superlatives & Base Terms (128 Words),2a. Class 2 Web 2.0 口语极致形容与评价词 (128 Words),Web 2.0 General Evaluative Term
reward,reward,1,赏心悦目的奖赏体验,0. Direct NRC,Direct NRC Included (358 Words),2a. Class 2 Web 2.0 口语极致形容与评价词 (128 Words),Web 2.0 General Evaluative Term
wasbeautiful,wasbeautiful,1,美丽动人的（美感）,2. Class 2 Colloquial,Class 2: Colloquial Superlatives & Base Terms (128 Words),2a. Class 2 Web 2.0 口语极致形容与评价词 (128 Words),Web 2.0 General Evaluative Term
truthful,truthful,1,真实可信的,0. Direct NRC,Direct NRC Included (358 Words),2a. Class 2 Web 2.0 口语极致形容与评价词 (128 Words),Web 2.0 General Evaluative Term
ungodly,ungodly,1,糟糕恶劣的,0. Direct NRC,Direct NRC Included (358 Words),2a. Class 2 Web 2.0 口语极致形容与评价词 (128 Words),Web 2.0 General Evaluative Term
unwell,unwell,1,身体不适的,0. Direct NRC,Direct NRC Included (358 Words),2a. Class 2 Web 2.0 口语极致形容与评价词 (128 Words),Web 2.0 General Evaluative Term
immeasurable,immeasurable,1,无法估量的 / 极致的,2. Class 2 Colloquial,Class 2: Colloquial Superlatives & Base Terms (128 Words),2a. Class 2 Web 2.0 口语极致形容与评价词 (128 Words),Web 2.0 General Evaluative Term
whelmed,whelmed,1,被深深震撼淹没的,2. Class 2 Colloquial,Class 2: Colloquial Superlatives & Base Terms (128 Words),2a. Class 2 Web 2.0 口语极致形容与评价词 (128 Words),Web 2.0 General Evaluative Term
worthful,worthful,1,物有所值的,2. Class 2 Colloquial,Class 2: Colloquial Superlatives & Base Terms (128 Words),2a. Class 2 Web 2.0 口语极致形容与评价词 (128 Words),Web 2.0 General Evaluative Term
miraculously,miraculously,1,奇迹般地,2. Class 2 Colloquial,Class 2: Colloquial Superlatives & Base Terms (128 Words),2a. Class 2 Web 2.0 口语极致形容与评价词 (128 Words),Web 2.0 General Evaluative Term
grumpy,grumpy,1,脾气暴躁的 / 不悦的,0. Direct NRC,Direct NRC Included (358 Words),2a. Class 2 Web 2.0 口语极致形容与评价词 (128 Words),Web 2.0 General Evaluative Term
hostile,hostile,1,敌意的 / 恶劣的,0. Direct NRC,Direct NRC Included (358 Words),2a. Class 2 Web 2.0 口语极致形容与评价词 (128 Words),Web 2.0 General Evaluative Term
hazardous,hazardous,1,危险的 / 有隐患的,0. Direct NRC,Direct NRC Included (358 Words),2a. Class 2 Web 2.0 口语极致形容与评价词 (128 Words),Web 2.0 General Evaluative Term
harsh,harsh,1,严酷恶劣的,2. Class 2 Colloquial,Class 2: Colloquial Superlatives & Base Terms (128 Words),2a. Class 2 Web 2.0 口语极致形容与评价词 (128 Words),Web 2.0 General Evaluative Term
grandest,grandest,1,最宏大的 / 极其壮丽的,2. Class 2 Colloquial,Class 2: Colloquial Superlatives & Base Terms (128 Words),2a. Class 2 Web 2.0 口语极致形容与评价词 (128 Words),Web 2.0 General Evaluative Term
gloom,gloom,1,阴郁忧伤,0. Direct NRC,Direct NRC Included (358 Words),2a. Class 2 Web 2.0 口语极致形容与评价词 (128 Words),Web 2.0 General Evaluative Term
flaky,flaky,1,不靠谱的 / 经常取消的,2. Class 2 Colloquial,Class 2: Colloquial Superlatives & Base Terms (128 Words),2a. Class 2 Web 2.0 口语极致形容与评价词 (128 Words),Web 2.0 General Evaluative Term
disrespectful,disrespectful,1,无礼的 / 冒犯的,0. Direct NRC,Direct NRC Included (358 Words),2a. Class 2 Web 2.0 口语极致形容与评价词 (128 Words),Web 2.0 General Evaluative Term
dismay,dismay,1,感到沮丧吃惊,0. Direct NRC,Direct NRC Included (358 Words),2a. Class 2 Web 2.0 口语极致形容与评价词 (128 Words),Web 2.0 General Evaluative Term
decency,decency,1,礼貌体面 / 服务缺乏礼貌体面,0. Direct NRC,Direct NRC Included (358 Words),2a. Class 2 Web 2.0 口语极致形容与评价词 (128 Words),Web 2.0 General Evaluative Term
bluntly,bluntly,1,直言不讳地,2. Class 2 Colloquial,Class 2: Colloquial Superlatives & Base Terms (128 Words),2a. Class 2 Web 2.0 口语极致形容与评价词 (128 Words),Web 2.0 General Evaluative Term
bluest,bluest,1,最湛蓝的（极致景色）,2. Class 2 Colloquial,Class 2: Colloquial Superlatives & Base Terms (128 Words),2a. Class 2 Web 2.0 口语极致形容与评价词 (128 Words),Web 2.0 General Evaluative Term
askance,askance,1,怀疑斜视地（不信任）,2. Class 2 Colloquial,Class 2: Colloquial Superlatives & Base Terms (128 Words),2a. Class 2 Web 2.0 口语极致形容与评价词 (128 Words),Web 2.0 General Evaluative Term
zing,zing,1,刺激快感,2. Class 2 Colloquial,Class 2: Colloquial Superlatives & Base Terms (128 Words),2a. Class 2 Web 2.0 口语极致形容与评价词 (128 Words),Web 2.0 General Evaluative Term
