word,vader_score,star_rating,freq,nrc_group,color
great,3.1,4.931597633136095,8450,Joy,#2e7d32
amazing,2.8,4.959836370397918,5378,Joy,#2e7d32
beautiful,2.9,4.923827510229777,3177,Joy,#2e7d32
best,3.2,4.938317130405632,2983,Joy,#2e7d32
friendly,2.2,4.941012108040981,3221,Joy,#2e7d32
worth,0.9,4.917910447761194,2680,Joy,#2e7d32
wonderful,2.7,4.9482899022801305,2456,Joy,#2e7d32
good,1.9,4.803763440860215,2232,Joy,#2e7d32
awesome,3.1,4.959897610921502,2344,Joy,#2e7d32
excellent,2.7,4.953533397870281,2066,Joy,#2e7d32
fantastic,2.6,4.965333333333334,1875,Joy,#2e7d32
nice,1.8,4.832282471626734,1586,Joy,#2e7d32
fun,2.3,4.950538998097654,1577,Joy,#2e7d32
better,1.9,4.831703910614525,1432,Joy,#2e7d32
perfect,2.7,4.959701492537313,1340,Joy,#2e7d32
loved,2.9,4.943631039531478,1366,Joy,#2e7d32
comfortable,2.3,4.951166180758017,1372,Joy,#2e7d32
breathtaking,2.0,4.970632530120482,1328,CATE [Domain Lexicon],#ffd600
helpful,1.8,4.947653429602888,1108,Joy,#2e7d32
glad,2.0,4.924065420560748,856,Joy,#2e7d32
interesting,1.7,4.915492957746479,852,Joy,#2e7d32
cool,1.3,4.907590759075908,606,Joy,#2e7d32
special,1.7,4.9513043478260865,575,Joy,#2e7d32
lucky,1.8,4.931740614334471,586,Joy,#2e7d32
kind,2.4,4.837168141592921,565,Joy,#2e7d32
happy,2.7,4.879541108986616,523,Joy,#2e7d32
stunning,1.6,4.95970695970696,546,CATE [Domain Lexicon],#ffd600
nervous,-1.1,4.92,486,Fear,#d32f2f
fabulous,2.4,4.95687885010267,487,Joy,#2e7d32
disappointed,-2.1,4.494736842105263,475,Disgust,#6d4c41
outstanding,3.0,4.956719817767654,439,Joy,#2e7d32
enjoyable,1.9,4.885393258426967,445,Joy,#2e7d32
love,3.2,4.946511627906977,430,Joy,#2e7d32
gorgeous,3.0,4.925925925925926,405,Joy,#2e7d32
scenic,0.0,4.771978021978022,364,CATE [Domain Lexicon],#ffd600
bad,-2.5,4.43859649122807,342,Disgust,#6d4c41
exciting,2.2,4.936507936507937,315,Joy,#2e7d32
pleasant,2.3,4.877551020408164,294,Joy,#2e7d32
awe,0.0,4.957095709570957,303,CATE [Domain Lexicon],#ffd600
unbelievable,0.8,4.983221476510067,298,Sadness,#546e7a
funny,1.9,4.956521739130435,299,Joy,#2e7d32
hard,-0.4,4.726315789473684,285,Sadness,#546e7a
regret,-1.8,4.948275862068965,290,Sadness,#546e7a
magnificent,2.9,4.959558823529412,272,Joy,#2e7d32
sick,-2.3,4.758333333333334,240,Disgust,#6d4c41
lovely,2.8,4.903225806451613,248,Sadness,#546e7a
terrific,2.1,4.97165991902834,247,Sadness,#546e7a
calm,1.3,4.952191235059761,251,Joy,#2e7d32
impressed,2.1,4.92741935483871,248,Joy,#2e7d32
unfortunately,-1.4,4.48695652173913,230,Sadness,#546e7a
fortunate,1.9,4.956709956709957,231,Joy,#2e7d32
efficient,1.8,4.943396226415095,212,Trust,#1976d2
welcome,2.0,4.894230769230769,208,Joy,#2e7d32
entertaining,1.9,4.980769230769231,208,Joy,#2e7d32
inspiring,1.8,4.933333333333334,210,Joy,#2e7d32
superb,3.1,4.941798941798941,189,Joy,#2e7d32
surprised,0.9,4.860824742268041,194,Surprise,#7b1fa2
surprise,1.1,4.894444444444445,180,Fear,#d32f2f
fine,0.8,4.632183908045977,174,Joy,#2e7d32
brilliant,2.8,4.958579881656805,169,Joy,#2e7d32
ready,1.5,4.625,168,Anticipation,#f57c00
excited,1.4,4.75,160,Joy,#2e7d32
competent,1.3,4.938650306748467,163,Trust,#1976d2
relaxed,2.2,4.968354430379747,158,Joy,#2e7d32
hope,1.9,4.734177215189874,158,Joy,#2e7d32
perfectly,3.2,4.946308724832215,149,Joy,#2e7d32
interested,1.7,4.691780821917808,146,Disgust,#6d4c41
pleasure,2.7,4.973154362416107,149,Joy,#2e7d32
worried,-1.2,4.86986301369863,146,Sadness,#546e7a
scared,-1.9,4.934306569343065,137,Sadness,#546e7a
wrong,-2.1,4.568181818181818,132,Sadness,#546e7a
blessed,2.9,4.969465648854962,131,Joy,#2e7d32
pleased,1.9,4.922480620155039,129,Joy,#2e7d32
safely,2.2,4.821705426356589,129,Joy,#2e7d32
impressive,2.3,4.8062015503875966,129,Joy,#2e7d32
thrill,1.5,4.9523809523809526,126,Fear,#d32f2f
thrilling,2.1,4.959677419354839,124,Joy,#2e7d32
humor,1.1,4.943548387096774,124,Joy,#2e7d32
dream,1.0,4.88135593220339,118,Joy,#2e7d32
sorry,-0.3,4.666666666666667,123,Sadness,#546e7a
relaxing,2.2,4.974789915966387,119,Joy,#2e7d32
comfort,1.5,4.870689655172414,116,Joy,#2e7d32
disappoint,-1.7,4.932773109243698,119,Disgust,#6d4c41
amazed,2.2,4.9411764705882355,119,Joy,#2e7d32
fear,-2.2,4.96,116,Fear,#d32f2f
thrilled,1.9,4.910714285714286,112,Joy,#2e7d32
confidence,2.3,4.954128440366972,109,Fear,#d32f2f
difficult,-1.5,4.618181818181818,110,Fear,#d32f2f
honestly,2.0,4.743119266055046,109,Joy,#2e7d32
confident,2.2,4.944954128440367,109,Joy,#2e7d32
worry,-1.9,4.941747572815534,103,Sadness,#546e7a
positive,2.6,4.928571428571429,98,Joy,#2e7d32
surreal,0.0,4.959183673469388,98,CATE [Domain Lexicon],#ffd600
reassuring,1.7,4.958333333333333,96,Joy,#2e7d32
sweet,2.0,4.935483870967742,93,Joy,#2e7d32
luckily,2.3,4.89247311827957,93,Joy,#2e7d32
poor,-2.1,4.1208791208791204,91,Sadness,#546e7a
scary,-2.2,4.808510638297872,94,Sadness,#546e7a
enthusiastic,2.2,4.888888888888889,90,Joy,#2e7d32
exhilarating,1.7,4.966292134831461,89,Joy,#2e7d32
honest,2.3,4.592592592592593,81,Disgust,#6d4c41
lucked,1.9,4.988372093023256,86,Joy,#2e7d32
capable,1.6,4.903614457831325,83,Joy,#2e7d32
fascinating,2.5,4.890243902439025,82,Joy,#2e7d32
grateful,2.0,4.923076923076923,78,Joy,#2e7d32
delightful,2.8,4.962025316455696,79,Joy,#2e7d32
advantage,1.0,4.948717948717949,78,Joy,#2e7d32
assured,1.5,4.618421052631579,76,Trust,#1976d2
pride,1.4,4.907894736842105,76,Joy,#2e7d32
safer,1.8,4.974025974025974,77,Joy,#2e7d32
neat,2.0,4.8,75,Joy,#2e7d32
worthwhile,1.4,4.8108108108108105,74,Joy,#2e7d32
stable,1.2,4.8933333333333335,75,Trust,#1976d2
greatest,3.2,4.985915492957746,71,Joy,#2e7d32
ideal,2.4,4.803030303030303,66,Joy,#2e7d32
peaceful,2.2,4.971830985915493,71,Joy,#2e7d32
passion,2.0,5.0,60,Joy,#2e7d32
fears,-1.8,4.950819672131147,61,Sadness,#546e7a
gracious,2.6,4.966666666666667,60,Joy,#2e7d32
passionate,2.4,4.883333333333334,60,Joy,#2e7d32
considerate,1.9,4.966666666666667,60,Trust,#1976d2
joy,2.8,4.852459016393443,61,Joy,#2e7d32
entertained,1.7,4.95,60,Joy,#2e7d32
complimentary,1.9,4.910714285714286,56,Joy,#2e7d32
excitement,2.2,4.982456140350878,57,Joy,#2e7d32
nerves,-0.4,4.9298245614035086,57,Sadness,#546e7a
flawless,2.3,4.982758620689655,58,Joy,#2e7d32
disappointing,-2.2,2.78,57,Sadness,#546e7a
negative,-2.7,4.537037037037037,54,Sadness,#546e7a
thankful,2.7,4.982456140350878,57,Joy,#2e7d32
thoughtful,1.6,4.964285714285714,56,Trust,#1976d2
glorious,3.2,4.9818181818181815,55,Joy,#2e7d32
uncomfortable,-1.6,3.98,54,Fear,#d32f2f
fair,1.3,4.537037037037037,54,Joy,#2e7d32
noisy,-0.7,4.907407407407407,54,Anger,#b71c1c
remarkable,2.6,4.981132075471698,53,Joy,#2e7d32
cherish,1.6,5.0,53,Joy,#2e7d32
caring,2.2,4.826923076923077,52,Joy,#2e7d32
appreciation,2.3,4.980392156862745,51,Joy,#2e7d32
enthusiasm,1.9,4.923076923076923,52,Joy,#2e7d32
gentle,1.9,4.94,50,Joy,#2e7d32
strong,2.3,4.918367346938775,49,Joy,#2e7d32
trouble,-1.7,4.803921568627451,51,Sadness,#546e7a
disappointment,-2.3,4.145833333333333,48,Disgust,#6d4c41
nicer,1.9,4.588235294117647,51,Joy,#2e7d32
hoping,1.8,4.63265306122449,49,Joy,#2e7d32
happier,2.4,5.0,49,Joy,#2e7d32
satisfied,1.8,4.918367346938775,49,Joy,#2e7d32
delight,2.9,5.0,48,Joy,#2e7d32
terrible,-2.1,3.16,44,Disgust,#6d4c41
warmly,1.7,4.891304347826087,46,Joy,#2e7d32
easier,1.8,4.8,45,Joy,#2e7d32
friendliness,2.0,4.977777777777778,45,Joy,#2e7d32
relax,1.9,5.0,45,Joy,#2e7d32
terrified,-3.0,4.953488372093023,43,Sadness,#546e7a
encouraged,1.5,4.976744186046512,43,Joy,#2e7d32
happily,2.6,5.0,43,Joy,#2e7d32
beautifully,2.7,4.976744186046512,43,Joy,#2e7d32
calming,1.7,5.0,39,Joy,#2e7d32
adventurous,1.4,4.846153846153846,39,Joy,#2e7d32
charming,2.8,4.95,40,Joy,#2e7d32
responsive,1.5,4.875,40,Trust,#1976d2
nicest,2.2,4.9743589743589745,39,Joy,#2e7d32
worst,-3.1,2.82,39,Sadness,#546e7a
enjoyment,2.6,4.948717948717949,39,Joy,#2e7d32
greater,1.5,4.8108108108108105,37,Joy,#2e7d32
pleasantly,2.1,4.973684210526316,38,Joy,#2e7d32
stress,-1.8,4.921052631578948,38,Sadness,#546e7a
wonderfully,2.9,4.973684210526316,38,Joy,#2e7d32
worries,-1.8,4.894736842105263,38,Sadness,#546e7a
hopefully,1.7,4.837837837837838,37,Joy,#2e7d32
nicely,1.9,4.805555555555555,36,Joy,#2e7d32
cared,1.8,4.972972972972973,37,Joy,#2e7d32
delicious,2.7,5.0,35,Joy,#2e7d32
marvelous,2.9,4.9411764705882355,34,Joy,#2e7d32
humour,2.1,4.970588235294118,34,Joy,#2e7d32
superior,2.5,4.882352941176471,34,Joy,#2e7d32
picturesque,1.6,4.942857142857143,35,Joy,#2e7d32
surprisingly,1.2,4.9714285714285715,35,Surprise,#7b1fa2
humorous,1.6,4.942857142857143,35,Joy,#2e7d32
bother,-1.4,4.588235294117647,34,Sadness,#546e7a
anxious,-1.0,4.64,33,Fear,#d32f2f
anxiety,-0.7,4.96969696969697,33,Sadness,#546e7a
generous,2.3,4.911764705882353,34,Joy,#2e7d32
romantic,1.7,5.0,31,Joy,#2e7d32
sadly,-1.8,4.4375,32,Sadness,#546e7a
worse,-2.1,3.7096774193548385,31,Sadness,#546e7a
airsick,0.0,4.84375,32,CATE [Domain Lexicon],#ffd600
reassured,1.7,4.9375,32,Joy,#2e7d32
cute,2.0,4.8,30,Joy,#2e7d32
breathtakingly,0.0,5.0,30,CATE [Domain Lexicon],#ffd600
kindly,2.2,4.724137931034483,29,Joy,#2e7d32
delighted,2.3,5.0,29,Joy,#2e7d32
convinced,1.7,4.827586206896552,29,Trust,#1976d2
gladly,1.4,4.9655172413793105,29,Joy,#2e7d32
boring,-1.3,3.64,27,Sadness,#546e7a
sad,-2.1,4.206896551724138,29,Sadness,#546e7a
serene,2.0,4.928571428571429,28,Trust,#1976d2
splendor,3.0,4.962962962962963,27,Joy,#2e7d32
peace,2.5,5.0,27,Joy,#2e7d32
regrets,-1.5,4.962962962962963,27,Sadness,#546e7a
eager,1.5,4.769230769230769,26,Joy,#2e7d32
comforting,1.7,4.962962962962963,27,Joy,#2e7d32
hate,-2.7,4.576923076923077,26,Disgust,#6d4c41
mesmerizing,0.0,4.961538461538462,26,CATE [Domain Lexicon],#ffd600
upset,-1.6,3.47,23,Sadness,#546e7a
dangerous,-2.1,4.12,25,Fear,#d32f2f
ill,-1.8,4.217391304347826,23,Disgust,#6d4c41
laughing,2.2,5.0,24,Joy,#2e7d32
magnificence,2.4,4.958333333333333,24,Joy,#2e7d32
horrible,-2.5,2.31,22,Disgust,#6d4c41
calmed,1.6,4.909090909090909,22,Joy,#2e7d32
talented,2.3,5.0,22,Joy,#2e7d32
skeptical,-1.3,4.818181818181818,22,Sadness,#546e7a
tough,-0.5,4.5,22,Sadness,#546e7a
fearful,-2.2,4.818181818181818,22,Sadness,#546e7a
surprises,0.9,4.666666666666667,21,Joy,#2e7d32
successful,2.8,4.55,20,Joy,#2e7d32
cheerful,2.5,5.0,20,Joy,#2e7d32
amusing,1.6,4.95,20,Joy,#2e7d32
inspired,2.2,5.0,19,Joy,#2e7d32
soothing,1.3,4.888888888888889,18,Joy,#2e7d32
marvel,1.8,4.9411764705882355,17,Surprise,#7b1fa2
keen,1.5,4.611111111111111,18,Joy,#2e7d32
honesty,2.2,4.555555555555555,18,Trust,#1976d2
smart,1.7,4.777777777777778,18,Joy,#2e7d32
haha,2.0,5.0,18,Joy,#2e7d32
easiest,1.8,4.944444444444445,18,Joy,#2e7d32
danger,-2.4,4.666666666666667,15,Sadness,#546e7a
amazement,2.5,5.0,18,Joy,#2e7d32
charm,1.7,4.882352941176471,17,Joy,#2e7d32
astounding,1.8,4.888888888888889,18,Joy,#2e7d32
effective,2.1,5.0,18,Trust,#1976d2
hopes,1.8,4.294117647058823,17,Joy,#2e7d32
overwhelmed,0.2,5.0,17,Sadness,#546e7a
valuable,2.1,4.529411764705882,17,Joy,#2e7d32
energetic,1.9,5.0,17,Joy,#2e7d32
discomfort,-1.8,4.411764705882353,17,Sadness,#546e7a
claustrophobic,0.0,5.0,16,CATE [Domain Lexicon],#ffd600
insane,-1.7,4.625,16,Fear,#d32f2f
loving,2.9,4.9375,16,Joy,#2e7d32
uncertain,-1.2,5.0,16,Disgust,#6d4c41
worthy,1.9,4.6875,16,Trust,#1976d2
hilarious,1.7,5.0,15,Joy,#2e7d32
warmth,2.0,4.933333333333334,15,Joy,#2e7d32
unprofessional,-2.3,1.36,11,Sadness,#546e7a
respectful,2.0,5.0,15,Trust,#1976d2
annoying,-1.7,4.133333333333334,15,Anger,#b71c1c
awful,-2.0,2.286,14,Disgust,#6d4c41
awed,0.0,4.933333333333334,15,CATE [Domain Lexicon],#ffd600
praise,2.6,4.928571428571429,14,Joy,#2e7d32
trustworthy,2.6,5.0,14,Joy,#2e7d32
satisfaction,1.9,4.5,14,Joy,#2e7d32
ruined,-2.1,3.28,14,Disgust,#6d4c41
proud,2.1,4.857142857142857,14,Joy,#2e7d32
frustrating,-1.9,3.23,13,Sadness,#546e7a
bothered,-1.3,3.642857142857143,14,Sadness,#546e7a
tricky,-0.6,5.0,12,Sadness,#546e7a
vibrant,2.4,5.0,13,Joy,#2e7d32
uneasy,-1.6,4.6923076923076925,13,Disgust,#6d4c41
precious,2.7,3.3333333333333335,12,Joy,#2e7d32
safest,1.7,5.0,13,Joy,#2e7d32
responsible,1.3,5.0,13,Trust,#1976d2
pleasurable,2.4,4.846153846153846,13,Joy,#2e7d32
bored,-1.1,4.5,12,Sadness,#546e7a
satisfying,2.0,4.909090909090909,11,Joy,#2e7d32
surprising,1.1,5.0,11,Surprise,#7b1fa2
rewarding,2.4,5.0,11,Joy,#2e7d32
nervousness,-1.2,4.909090909090909,11,Fear,#d32f2f
mad,-2.2,4.363636363636363,11,Disgust,#6d4c41
inviting,1.3,5.0,11,Joy,#2e7d32
admire,2.1,4.7272727272727275,11,Trust,#1976d2
unfortunate,-2.0,3.6,10,Sadness,#546e7a
stunningly,0.0,5.0,10,CATE [Domain Lexicon],#ffd600
stunned,-0.4,5.0,9,Fear,#d32f2f
jealous,-2.0,5.0,9,Disgust,#6d4c41
improving,1.8,5.0,10,Joy,#2e7d32
improvement,2.0,4.2,10,Joy,#2e7d32
friendlier,2.0,4.8,10,Joy,#2e7d32
emotional,0.6,4.6,10,Joy,#2e7d32
ecstatic,2.3,5.0,10,Joy,#2e7d32
badly,-2.1,4.666666666666667,9,Sadness,#546e7a
terribly,-2.6,3.888888888888889,9,Sadness,#546e7a
miserable,-2.2,4.375,8,Disgust,#6d4c41
compliment,2.1,4.888888888888889,9,Joy,#2e7d32
claustrophobia,0.0,5.0,9,CATE [Domain Lexicon],#ffd600
cheerfully,2.1,5.0,8,Joy,#2e7d32
bummer,-1.6,4.111111111111111,9,Disgust,#6d4c41
awkward,-0.6,4.444444444444445,9,Sadness,#546e7a
yummy,2.4,4.625,8,Joy,#2e7d32
unstable,-1.5,4.714285714285714,7,Fear,#d32f2f
shocked,-1.3,4.875,8,Sadness,#546e7a
grace,1.8,4.75,8,Joy,#2e7d32
frustration,-2.1,3.5,8,Anger,#b71c1c
frightened,-1.9,5.0,8,Fear,#d32f2f
exhausted,-1.5,4.375,8,Sadness,#546e7a
cherished,2.3,5.0,8,Joy,#2e7d32
annoyed,-1.6,4.428571428571429,7,Sadness,#546e7a
strange,-0.8,4.0,7,Sadness,#546e7a
ridiculous,-1.5,3.857142857142857,7,Disgust,#6d4c41
rudely,-2.2,2.8333333333333335,6,Sadness,#546e7a
relieved,1.6,4.142857142857143,7,Joy,#2e7d32
suffered,-2.2,5.0,7,Sadness,#546e7a
unhappy,-1.8,3.857142857142857,7,Disgust,#6d4c41
unpleasant,-2.1,3.7142857142857144,7,Disgust,#6d4c41
powerful,1.8,5.0,7,Disgust,#6d4c41
worrying,-1.4,4.857142857142857,7,Sadness,#546e7a
weird,-0.7,4.857142857142857,7,Disgust,#6d4c41
painful,-1.9,2.6666666666666665,6,Disgust,#6d4c41
panic,-2.3,4.333333333333333,6,Fear,#d32f2f
laughter,2.2,5.0,7,Joy,#2e7d32
hopeful,2.3,4.571428571428571,7,Joy,#2e7d32
hesitating,-1.4,5.0,7,Sadness,#546e7a
enthusiastically,2.6,4.714285714285714,7,Joy,#2e7d32
curious,1.3,4.857142857142857,7,Joy,#2e7d32
confusion,-1.2,4.142857142857143,7,Fear,#d32f2f
classy,1.9,4.857142857142857,7,Joy,#2e7d32
captivated,1.6,5.0,7,Joy,#2e7d32
alas,-1.1,4.142857142857143,7,Sadness,#546e7a
reassurance,1.5,4.833333333333333,6,Trust,#1976d2
inspirational,2.3,5.0,6,Joy,#2e7d32
jovial,1.9,4.833333333333333,6,Joy,#2e7d32
gratitude,2.3,4.833333333333333,6,Joy,#2e7d32
relief,2.1,3.8333333333333335,6,Joy,#2e7d32
sublime,0.0,5.0,6,CATE [Domain Lexicon],#ffd600
timid,-1.0,4.833333333333333,6,Sadness,#546e7a
warmest,1.7,4.833333333333333,6,Joy,#2e7d32
hug,2.1,5.0,5,Joy,#2e7d32
amaze,2.5,4.6,5,Surprise,#7b1fa2
frightening,-2.2,4.5,6,Sadness,#546e7a
calmer,1.5,5.0,6,Joy,#2e7d32
blind,-1.7,4.333333333333333,6,Sadness,#546e7a
fascinated,2.1,4.833333333333333,6,Joy,#2e7d32
casual,0.8,4.833333333333333,6,Joy,#2e7d32
discouraged,-1.7,4.6,5,Sadness,#546e7a
joyful,2.9,5.0,5,Joy,#2e7d32
wowed,2.6,5.0,5,Joy,#2e7d32
stressful,-2.3,4.2,5,Sadness,#546e7a
shock,-1.6,4.6,5,Fear,#d32f2f
scare,-2.2,4.8,5,Fear,#d32f2f
overwhelmingly,-0.5,5.0,5,Sadness,#546e7a
pity,-1.2,5.0,4,Sadness,#546e7a
jitters,0.0,5.0,5,CATE [Domain Lexicon],#ffd600
hates,-1.9,4.8,5,Sadness,#546e7a
hated,-3.2,3.2,5,Sadness,#546e7a
gloomy,-0.6,4.0,4,Sadness,#546e7a
faultless,2.0,5.0,5,Trust,#1976d2
envy,-1.1,5.0,5,Sadness,#546e7a
comforted,1.8,5.0,5,Joy,#2e7d32
apprehension,-2.1,5.0,4,Fear,#d32f2f
intimidating,-1.9,4.8,5,Sadness,#546e7a
tranquil,0.2,5.0,4,Joy,#2e7d32
spellbinding,0.0,5.0,4,CATE [Domain Lexicon],#ffd600
thrills,1.5,5.0,4,Joy,#2e7d32
unnerving,0.0,5.0,4,CATE [Domain Lexicon],#ffd600
tranquility,1.8,5.0,4,Joy,#2e7d32
unfair,-2.1,2.3333333333333335,3,Disgust,#6d4c41
unfriendly,-1.5,1.75,4,Disgust,#6d4c41
wicked,-2.4,5.0,4,Fear,#d32f2f
regretting,-1.7,5.0,4,Sadness,#546e7a
nasty,-2.6,2.6666666666666665,3,Disgust,#6d4c41
pleasing,2.4,4.75,4,Joy,#2e7d32
frustrated,-2.4,4.25,4,Anger,#b71c1c
phobia,-1.6,5.0,3,CATE [Domain Lexicon],#ffd600
dreaded,-2.7,5.0,4,Sadness,#546e7a
dreading,-2.4,5.0,4,Sadness,#546e7a
exhilarated,3.0,5.0,4,Joy,#2e7d32
embarrassed,-1.5,4.5,4,Sadness,#546e7a
giddy,-0.6,4.0,4,Sadness,#546e7a
irritated,-2.0,3.5,4,Sadness,#546e7a
irritating,-2.0,3.25,4,Disgust,#6d4c41
ominous,-1.4,5.0,3,Fear,#d32f2f
peacefulness,2.1,5.0,4,Joy,#2e7d32
reassure,1.4,5.0,3,Trust,#1976d2
heartfelt,2.5,4.666666666666667,3,Sadness,#546e7a
horribly,-2.4,4.0,3,Sadness,#546e7a
joking,0.9,3.3333333333333335,3,Joy,#2e7d32
overjoyed,2.7,5.0,3,Joy,#2e7d32
peacefully,2.4,5.0,3,Joy,#2e7d32
sympathy,1.5,3.6666666666666665,3,Sadness,#546e7a
remorse,-1.1,4.0,3,Sadness,#546e7a
scaring,-1.9,5.0,3,Sadness,#546e7a
securely,1.4,5.0,3,Joy,#2e7d32
sickening,-2.4,2.6666666666666665,3,Disgust,#6d4c41
uneasiness,-1.6,4.666666666666667,3,Sadness,#546e7a
unsettled,-1.3,4.333333333333333,3,Disgust,#6d4c41
happiness,2.6,4.333333333333333,3,Joy,#2e7d32
guilty,-1.8,5.0,3,Sadness,#546e7a
carefree,1.7,5.0,3,Joy,#2e7d32
ecstasy,2.9,5.0,3,Joy,#2e7d32
aggressively,-1.3,1.6666666666666667,3,Sadness,#546e7a
ambivalent,0.5,5.0,3,Joy,#2e7d32
apprehensions,-0.9,5.0,3,Sadness,#546e7a
astonished,1.6,5.0,3,Joy,#2e7d32
beneficial,1.9,5.0,3,Joy,#2e7d32
astounded,1.8,5.0,3,Joy,#2e7d32
cheer,2.3,5.0,3,Joy,#2e7d32
compassion,2.0,3.6666666666666665,3,Fear,#d32f2f
disappointingly,-1.9,3.0,3,Sadness,#546e7a
dissatisfied,-1.6,1.3333333333333333,3,Sadness,#546e7a
compassionate,2.2,5.0,3,Joy,#2e7d32
threaten,-1.6,1.5,2,Fear,#d32f2f
suffering,-2.1,4.5,2,Disgust,#6d4c41
rigid,-0.5,5.0,2,Sadness,#546e7a
positively,2.4,5.0,2,Joy,#2e7d32
offensive,-2.0,2.0,2,Disgust,#6d4c41
desperate,-1.3,5.0,2,Sadness,#546e7a
darling,2.8,5.0,2,Joy,#2e7d32
clever,2.0,5.0,2,Joy,#2e7d32
bothering,-1.6,5.0,2,Sadness,#546e7a
agreeable,1.8,5.0,2,Trust,#1976d2
exhausting,-1.5,5.0,2,Sadness,#546e7a
racist,-3.0,4.85,1,Sadness,#546e7a
regrettably,-2.0,4.85,1,Sadness,#546e7a
reward,2.7,4.85,1,Joy,#2e7d32
truthful,2.0,4.85,1,Trust,#1976d2
hostile,-1.6,4.85,1,Disgust,#6d4c41
harsh,-1.9,4.85,1,Sadness,#546e7a
grandest,2.4,4.85,1,Joy,#2e7d32
gloom,-2.6,4.85,1,Sadness,#546e7a
dismay,-1.8,4.85,1,Sadness,#546e7a
