序号,CATE 词汇,英文单词 (Pure Word),中文释义 (Translation),出现频次 (Freq),平均星级 (Stars),VADER 得分,语义类别
1,worth (值得/划算),worth,值得/划算,2680,4.918,0.908,性价比与消费决策
2,small (小型的/紧凑的),small,小型的/紧凑的,1467,4.863,0.909,客舱/机型特征
3,interesting (有趣的/引人入胜的),interesting,有趣的/引人入胜的,853,4.916,0.94,体验感知与趣味
4,cool (酷炫的/棒的),cool,酷炫的/棒的,608,4.908,0.931,体验感知与情绪
5,extra (额外的/附加体验),extra,额外的/附加体验,534,4.882,0.914,服务与附加价值
6,ease (轻松/平稳自如),ease,轻松/平稳自如,418,4.978,0.941,飞行舒适与安心感
7,personable (平易近人的/亲切的),personable,平易近人的/亲切的,412,4.968,0.923,飞行员性格服务
8,completely (完全地/彻底地),completely,完全地/彻底地,323,4.762,0.869,程度修饰与满意度
9,unbelievable (难以置信的/超乎想象的),unbelievable,难以置信的/超乎想象的,298,4.983,0.895,客观体验触点
10,calm (平静镇定的/从容的),calm,平静镇定的/从容的,251,4.952,0.956,客观体验触点
11,skilled (操控熟练的/专业的),skilled,操控熟练的/专业的,239,4.954,0.908,飞行员操控技能
12,choice (明智的选择/契合的决策),choice,明智的选择/契合的决策,237,4.886,0.918,决策感知与满意度
13,courteous (礼貌客气的/有礼的),courteous,礼貌客气的/有礼的,236,4.949,0.95,地勤与飞行员态度
14,fortunate (幸运的/有幸体验的),fortunate,幸运的/有幸体验的,231,4.957,0.962,体验感悟与幸会
15,interest (兴趣/看点),interest,兴趣/看点,228,4.921,0.945,景点关注与吸引力
16,absolute (绝对的/完美的),absolute,绝对的/完美的,221,4.923,0.858,体验程度评价
17,organized (组织良好的/有序的),organized,组织良好的/有序的,213,4.864,0.891,行程管理与调度
18,sense (心理感知/安全感),sense,心理感知/安全感,202,4.911,0.939,心理感知与氛围
19,superb (极好的/卓越的),superb,极好的/卓越的,189,4.942,0.944,总体体验评价
20,forward (前向视角/期待视角),forward,前向视角/期待视角,178,4.556,0.83,期待感与视野
21,cold (高空微凉/客舱气温),cold,高空微凉/客舱气温,170,4.847,0.942,客舱与高空环境
22,noise (噪音/降噪耳机),noise,噪音/降噪耳机,166,4.873,0.925,客舱设施与舒适度
23,cheap (实惠划算的/价格亲民的),cheap,实惠划算的/价格亲民的,132,4.871,0.87,价格与性价比
24,wrong (偏差/偏差纠错),wrong,偏差/偏差纠错,132,4.568,0.768,服务反馈与保障
25,strongly (强烈推荐),strongly,强烈推荐,129,4.891,0.944,推荐意愿与评价
26,standing (空中悬停/飞行姿态),standing,空中悬停/飞行姿态,126,4.738,0.9,飞行操控与姿态
27,actual (真实体验/实际的),actual,真实体验/实际的,125,4.632,0.855,真实体验核验
28,polite (礼貌周到的),polite,礼貌周到的,124,4.831,0.864,工作人员服务态度
29,working (设备良好运转的),working,设备良好运转的,121,4.57,0.865,设备设施保障
30,major (核心亮点/主要看点),major,核心亮点/主要看点,118,4.856,0.897,核心亮点与景点
31,attention (关照/注重细节),attention,关照/注重细节,115,4.957,0.908,服务细节与体贴
32,question (互动解答/解答疑问),question,互动解答/解答疑问,110,4.909,0.878,飞行员互动解答
33,overcast (多云天色的/阴天的),overcast,多云天色的/阴天的,109,4.761,0.892,气候与天色感知
34,contact (预订沟通/联系客服),contact,预订沟通/联系客服,108,4.602,0.833,预订与客服沟通
35,accessible (便捷易达的),accessible,便捷易达的,104,4.875,0.92,观光便利性
36,inaccessible (陆路不可达的/观光独特性),inaccessible,陆路不可达的/观光独特性,86,4.965,0.911,低空观光独特性
37,effort (用心安排/商家付出),effort,用心安排/商家付出,85,4.694,0.891,商家用心程度
38,spirit (情绪氛围/精神感悟),spirit,情绪氛围/精神感悟,82,4.829,0.859,情绪氛围感知
39,fascinating (令人着迷的/吸睛的),fascinating,令人着迷的/吸睛的,82,4.89,0.952,景观吸引力
40,capture (捕捉照片/定格瞬间),capture,捕捉照片/定格瞬间,80,4.838,0.897,摄影与留念行为
41,grateful (感激的/感恩的),grateful,感激的/感恩的,78,4.923,0.933,情感表达与感谢
42,advantage (低空视角优势),advantage,低空视角优势,78,4.949,0.961,低空视角优势
43,priceless (无价的/珍贵的),priceless,无价的/珍贵的,76,5.0,0.898,体验价值高度认可
44,afford (负担得起的/物有所值),afford,负担得起的/物有所值,76,4.908,0.863,性价比与消费能力
45,balance (姿态平衡/飞行平稳),balance,姿态平衡/飞行平稳,73,4.575,0.878,飞行平稳与安全
46,delayed (顺延/因天气延迟),delayed,顺延/因天气延迟,73,4.438,0.728,天气与行程调整
47,crystal (晶莹剔透的/水质清澈的),crystal,晶莹剔透的/水质清澈的,73,4.973,0.945,水质与视野清晰度
48,epic (史诗级的/震撼的),epic,史诗级的/震撼的,72,4.958,0.9,宏大景观体验
49,agree (高度认同/一致赞同),agree,高度认同/一致赞同,72,4.944,0.941,口碑感知与一致性
50,grandeur (雄伟壮丽的地貌),grandeur,雄伟壮丽的地貌,70,4.9,0.927,自然地貌震撼感
51,extraordinary (非凡卓越的),extraordinary,非凡卓越的,60,4.967,0.9,体验品质高度评价
52,convenient (方便快捷的),convenient,方便快捷的,60,4.717,0.877,预订与出行便利
53,gracious (亲切体贴的),gracious,亲切体贴的,60,4.967,0.943,飞行员/接待态度
54,hospitality (热情好客的),hospitality,热情好客的,60,4.983,0.959,服务态度与文化
55,culture (文化与历史解说),culture,文化与历史解说,57,5.0,0.937,人文与历史解说
56,fair (公道合理的/定价公平的),fair,公道合理的/定价公平的,55,4.545,0.896,价格与交易公平
57,uncomfortable (身体不适/颠簸反感),uncomfortable,身体不适/颠簸反感,54,4.019,0.552,客舱舒适度反馈
58,lack (缺乏/美中不足的),lack,缺乏/美中不足的,44,3.955,0.581,缺陷与不足反馈
59,careful (谨慎平稳驾驶的),careful,谨慎平稳驾驶的,44,4.75,0.871,飞行员安全操控
60,flexibility (体验与服务维度词),flexibility,体验与服务维度词,42,4.857,0.923,商家服务弹性
61,decent (体验与服务维度词),decent,体验与服务维度词,42,4.31,0.837,中规中矩评价
62,seasoned (体验与服务维度词),seasoned,体验与服务维度词,40,5.0,0.953,飞行员资历与经验
63,charming (体验与服务维度词),charming,体验与服务维度词,40,4.95,0.945,景致魅力
64,adventurous (体验与服务维度词),adventurous,体验与服务维度词,39,4.846,0.949,探险体验属性
65,extensive (体验与服务维度词),extensive,体验与服务维度词,39,4.897,0.912,飞行员专业背景
66,touched (体验与服务维度词),touched,体验与服务维度词,39,4.897,0.905,情感触动
67,stress (体验与服务维度词),stress,体验与服务维度词,38,4.921,0.936,安心与情绪放松
68,greater (体验与服务维度词),greater,体验与服务维度词,37,4.811,0.858,视角对比提升
69,kindness (体验与服务维度词),kindness,体验与服务维度词,37,4.892,0.909,工作人员态度
70,impression (体验与服务维度词),impression,体验与服务维度词,37,4.514,0.795,整体留存记忆
71,superior (体验与服务维度词),superior,体验与服务维度词,35,4.886,0.876,服务与视角质量
72,solid (体验与服务维度词),solid,体验与服务维度词,34,4.882,0.956,飞行员技术评价
73,bother (体验与服务维度词),bother,体验与服务维度词,34,4.588,0.84,负面情绪微调
74,overwhelming (体验与服务维度词),overwhelming,体验与服务维度词,33,4.848,0.873,视觉冲击力
75,cute (体验与服务维度词),cute,体验与服务维度词,30,4.8,0.967,客舱氛围
76,educated (体验与服务维度词),educated,体验与服务维度词,29,5.0,0.914,飞行员素养
77,chatty (体验与服务维度词),chatty,体验与服务维度词,29,4.897,0.956,互动沟通风格
78,silk (体验与服务维度词),silk,体验与服务维度词,29,5.0,0.93,飞行平稳度描述
79,timely (及时高效的),timely,及时高效的,28,4.786,0.819,时间效率保障
80,stellar (顶尖出色的),stellar,顶尖出色的,28,4.786,0.805,卓越品质评价
81,carefully (体验与服务维度词),carefully,体验与服务维度词,27,4.852,0.917,安全操纵
82,boring (枯燥乏味无聊的),boring,枯燥乏味无聊的,27,3.667,0.591,体验负面评价
83,communicative (体验与服务维度词),communicative,体验与服务维度词,25,5.0,0.865,客服与飞行员沟通
84,cramped (客舱狭窄拥挤的),cramped,客舱狭窄拥挤的,25,4.64,0.79,客舱空间缺陷
85,soak (体验与服务维度词),soak,体验与服务维度词,23,4.957,0.975,美景沉浸体验
86,comprehensive (体验与服务维度词),comprehensive,体验与服务维度词,23,4.957,0.921,解说丰富度
87,diverse (体验与服务维度词),diverse,体验与服务维度词,23,5.0,0.707,景观丰富度
88,graciously (体验与服务维度词),graciously,体验与服务维度词,22,4.955,0.949,态度体贴
89,skeptical (体验与服务维度词),skeptical,体验与服务维度词,22,4.818,0.837,行前心理变化
90,inexpensive (体验与服务维度词),inexpensive,体验与服务维度词,22,4.864,0.908,价格竞争力
91,cherry (体验与服务维度词),cherry,体验与服务维度词,21,4.762,0.859,亮点体验修饰
92,refreshing (令人耳目一新的),refreshing,令人耳目一新的,21,4.905,0.947,心理新鲜感
93,courtesy (体验与服务维度词),courtesy,体验与服务维度词,20,4.65,0.819,商家赠送与服务
94,tired (体验与服务维度词),tired,体验与服务维度词,20,4.5,0.712,体能状态
95,immense (体验与服务维度词),immense,体验与服务维度词,20,5.0,0.938,宏大景观感悟
96,chilly (体验与服务维度词),chilly,体验与服务维度词,19,4.842,0.932,客舱温度感知
97,suitable (体验与服务维度词),suitable,体验与服务维度词,19,4.526,0.871,客群适用度
98,granted (体验与服务维度词),granted,体验与服务维度词,19,4.842,0.827,体验心境
99,leisurely (悠闲从容的),leisurely,悠闲从容的,18,4.944,0.96,飞行节奏感知
100,valuable (体验与服务维度词),valuable,体验与服务维度词,17,4.529,0.919,体验价值评价
101,suffer (体验与服务维度词),suffer,体验与服务维度词,17,4.941,0.821,身体适应度
102,energetic (体验与服务维度词),energetic,体验与服务维度词,17,5.0,0.945,飞行员情绪感染
103,charm (体验与服务维度词),charm,体验与服务维度词,17,4.882,0.959,景致魅力
104,comprehend (体验与服务维度词),comprehend,体验与服务维度词,16,5.0,0.842,心境顿悟
105,hooked (体验与服务维度词),hooked,体验与服务维度词,16,5.0,0.94,体验着迷感
106,essential (体验与服务维度词),essential,体验与服务维度词,15,4.933,0.913,推荐级别评价
107,balanced (体验与服务维度词),balanced,体验与服务维度词,15,4.8,0.878,飞行操控稳定性
