word,count,mean_rating,mean_polarity,category
friendly,3272,4.941625916870415,0.9361488080684597,ANTICIPATION
lucky,593,4.9325463743676226,0.9350070826306914,JOY
phoenix,127,4.913385826771654,0.937091338582677,CATE
professional,2056,4.950389105058366,0.9040451848249027,TRUST
guide,1796,4.9315144766147,0.9084525612472162,TRUST
full,624,4.767628205128205,0.8847729166666667,CATE
ground,726,4.869146005509642,0.9129884297520662,TRUST
excellent,2495,4.956312625250501,0.9245504609218436,JOY
facts,317,4.908517350157728,0.9376,TRUST
recommend,6002,4.944851716094635,0.9199847384205265,TRUST
fun,1803,4.950637825845813,0.9316028840820855,ANTICIPATION
start,499,4.861723446893787,0.8757098196392785,ANTICIPATION
knowledge,668,4.949101796407185,0.922008233532934,CATE
learning,62,4.854838709677419,0.8651290322580645,CATE
trip,6598,4.90284934828736,0.894958411639891,SURPRISE
spectacular,1800,4.956111111111111,0.8927165,ANTICIPATION
worth,3012,4.919654714475431,0.9050329017264276,CATE
pilot,13284,4.913655525444144,0.8852658912978019,TRUST
communication,176,4.6647727272727275,0.8219715909090911,TRUST
time,4890,4.849488752556237,0.8933916564417178,ANTICIPATION
disappointed,495,4.444444444444445,0.77576,ANGER
delight,52,5.0,0.9497423076923077,ANTICIPATION
journey,166,4.903614457831325,0.921821686746988,ANTICIPATION
leave,191,4.633507853403142,0.8652293193717278,SADNESS
flying,2742,4.910649161196207,0.9089579504011669,FEAR
justice,114,4.982456140350878,0.8981491228070175,TRUST
helpful,1115,4.947982062780269,0.9423539013452915,JOY
rock,158,4.9113924050632916,0.9161493670886076,CATE
desert,39,4.743589743589744,0.8669666666666666,ANGER
magnificence,27,4.962962962962963,0.9137333333333333,ANTICIPATION
interesting,860,4.916279069767442,0.9390144186046512,CATE
airport,777,4.7528957528957525,0.8743900900900899,ANTICIPATION
landed,1051,4.8667935299714555,0.8969200761179829,CATE
signature,18,4.777777777777778,0.9526722222222221,TRUST
convenient,61,4.704918032786885,0.8555639344262295,CATE
perfect,1468,4.9611716621253406,0.9388937329700273,ANTICIPATION
safe,1603,4.928883343730505,0.9317245789145352,JOY
forget,631,4.966719492868463,0.9004776545166403,CATE
kudos,30,5.0,0.9473433333333333,JOY
top,1058,4.911153119092628,0.8663587901701324,ANTICIPATION
patient,146,4.938356164383562,0.9001157534246575,ANTICIPATION
smiling,34,5.0,0.9474911764705882,JOY
cherish,54,5.0,0.9475351851851853,ANTICIPATION
young,254,4.826771653543307,0.8795259842519685,ANTICIPATION
team,464,4.959051724137931,0.8519965517241379,TRUST
skilled,240,4.954166666666667,0.90825125,CATE
ready,171,4.625730994152047,0.8882672514619885,ANTICIPATION
sense,206,4.912621359223301,0.9394082524271845,CATE
beauty,891,4.9753086419753085,0.952120987654321,JOY
land,1199,4.848206839032527,0.8712166805671393,CATE
experienced,865,4.939884393063584,0.8942660115606935,TRUST
terrific,278,4.9640287769784175,0.9239187050359713,SADNESS
lovely,268,4.899253731343284,0.934431343283582,ANTICIPATION
captain,543,4.928176795580111,0.9051162062615102,CATE
music,366,4.814207650273224,0.93071912568306,JOY
noise,166,4.873493975903615,0.9249253012048193,CATE
information,1033,4.853823814133592,0.9032954501452082,CATE
delightful,88,4.965909090909091,0.9509613636363636,ANTICIPATION
adventure,1261,4.94528152260111,0.9259310864393338,ANTICIPATION
opportunity,533,4.874296435272045,0.9217666041275798,ANTICIPATION
bonus,141,4.957446808510638,0.9585645390070923,ANTICIPATION
extra,541,4.87985212569316,0.9068144177449168,CATE
customer,557,4.667863554757631,0.856157091561939,CATE
pretty,392,4.709183673469388,0.9378005102040816,ANTICIPATION
friendliness,45,4.977777777777778,0.9545733333333336,JOY
strongly,129,4.891472868217054,0.9444875968992248,CATE
beautiful,3516,4.922070534698521,0.9320802332195676,JOY
expectation,27,4.62962962962963,0.8695111111111111,ANTICIPATION
fall,70,4.814285714285714,0.6204657142857142,SADNESS
outstanding,567,4.964726631393298,0.9293259259259258,JOY
gift,257,4.852140077821011,0.9387782101167316,ANTICIPATION
small,1483,4.864463924477411,0.9082494268374915,CATE
job,1054,4.934535104364326,0.9236095825426945,CATE
turbulence,234,4.880341880341881,0.8799978632478632,ANGER
expert,111,4.990990990990991,0.9024324324324325,TRUST
guidance,19,5.0,0.9667,TRUST
wonderful,2824,4.951487252124646,0.9269410410764871,JOY
ease,419,4.978520286396181,0.940736754176611,CATE
nervous,488,4.922131147540983,0.9064698770491804,ANTICIPATION
glad,877,4.925883694412771,0.9395424173318131,ANTICIPATION
wait,470,4.6617021276595745,0.8429912765957447,ANTICIPATION
hit,70,4.857142857142857,0.9026771428571428,ANGER
good,2331,4.7915057915057915,0.9005679965679967,ANTICIPATION
optional,20,4.9,0.95726,CATE
culture,57,5.0,0.9372210526315791,CATE
chilly,19,4.842105263157895,0.9315473684210529,CATE
wild,78,4.935897435897436,0.8509051282051282,SURPRISE
joy,68,4.852941176470588,0.9300838235294119,JOY
buck,42,4.785714285714286,0.8343214285714285,FEAR
special,598,4.94314381270903,0.9415426421404682,JOY
departed,35,4.6571428571428575,0.91228,SADNESS
picnic,33,4.606060606060606,0.8665121212121211,ANTICIPATION
kind,589,4.8438030560271645,0.9147706281833616,JOY
arrival,158,4.7405063291139244,0.9286113924050632,ANTICIPATION
avoid,81,4.382716049382716,0.7459419753086419,FEAR
memorable,625,4.9648,0.89320144,JOY
competent,166,4.933734939759036,0.9239831325301203,TRUST
long,594,4.776094276094276,0.888339898989899,ANTICIPATION
gorgeous,449,4.928730512249444,0.9445320712694876,JOY
cool,644,4.9021739130434785,0.9208973602484473,CATE
impossible,70,4.4,0.7600671428571429,SADNESS
enjoy,561,4.850267379679145,0.9361187165775401,ANTICIPATION
expertise,62,4.967741935483871,0.9264145161290321,TRUST
row,114,4.578947368421052,0.8724798245614034,ANGER
terrible,51,3.176470588235294,0.29966078431372545,ANGER
found,466,4.830472103004292,0.9156358369098713,JOY
feeling,210,4.814285714285714,0.873775238095238,ANGER
related,42,4.904761904761905,0.9036071428571427,TRUST
happy,535,4.8822429906542055,0.9451773831775702,ANTICIPATION
thankful,60,4.983333333333333,0.9480333333333334,JOY
fear,118,4.9576271186440675,0.8851542372881355,ANGER
soothing,18,4.888888888888889,0.9647722222222223,JOY
arrive,95,4.505263157894737,0.8658957894736843,ANTICIPATION
gate,218,4.8807339449541285,0.7689793577981651,TRUST
kindness,37,4.891891891891892,0.9090270270270271,CATE
assured,77,4.571428571428571,0.8577259740259741,TRUST
calm,252,4.9523809523809526,0.9561043650793649,CATE
included,265,4.886792452830188,0.9333400000000001,CATE
unique,469,4.948827292110874,0.877704264392324,SURPRISE
priceless,85,5.0,0.8757141176470586,CATE
spent,572,4.730769230769231,0.8870496503496503,CATE
peaceful,74,4.972972972972973,0.96675,ANTICIPATION
limited,139,4.561151079136691,0.8124884892086331,ANGER
larger,96,4.8125,0.9467520833333333,DISGUST
bottom,107,4.822429906542056,0.9405766355140186,SADNESS
happen,122,4.5,0.8319975409836066,ANTICIPATION
coming,251,4.804780876494024,0.8842749003984063,ANTICIPATION
broke,28,4.75,0.8671107142857143,FEAR
fault,78,4.410256410256411,0.6936294871794871,SADNESS
love,459,4.947712418300654,0.9491947712418302,JOY
option,343,4.82798833819242,0.8979536443148689,CATE
sickness,465,4.903225806451613,0.8813767741935483,DISGUST
younger,28,4.928571428571429,0.9013749999999999,CATE
machine,20,4.6,0.7444949999999999,TRUST
ultimate,52,4.9423076923076925,0.9039499999999999,ANTICIPATION
john,100,4.92,0.8699939999999999,DISGUST
dinner,54,4.722222222222222,0.8878333333333331,CATE
tower,26,4.884615384615385,0.9337115384615384,CATE
bad,356,4.379213483146067,0.6971435393258427,ANGER
late,267,4.449438202247191,0.8228554307116105,SADNESS
honest,86,4.5813953488372094,0.8288906976744186,ANGER
hate,28,4.607142857142857,0.8587928571428571,ANGER
risk,38,4.5,0.8465315789473684,ANTICIPATION
spoke,103,4.398058252427185,0.7539718446601943,CATE
awful,15,2.2,0.06321333333333333,ANGER
possibility,40,4.325,0.8357175,ANTICIPATION
surprised,196,4.862244897959184,0.9395198979591838,SURPRISE
including,510,4.850980392156862,0.9078231372549018,CATE
provide,242,4.723140495867769,0.9266747933884298,TRUST
county,44,4.909090909090909,0.9203227272727275,TRUST
law,53,4.830188679245283,0.9213622641509436,TRUST
thought,519,4.728323699421965,0.8709487475915222,ANTICIPATION
overpriced,18,3.6666666666666665,0.5899666666666668,ANGER
lead,17,4.352941176470588,0.7601,CATE
share,193,4.922279792746114,0.9329310880829016,ANTICIPATION
fortunate,233,4.957081545064377,0.9601343347639485,CATE
level,153,4.830065359477124,0.9355450980392156,TRUST
crew,350,4.911428571428571,0.8811414285714285,TRUST
words,454,4.940528634361233,0.8930420704845815,ANGER
blast,185,4.967567567567568,0.8915064864864864,ANGER
personable,418,4.9688995215311005,0.923327990430622,CATE
planning,168,4.880952380952381,0.9237357142857143,ANTICIPATION
absolute,269,4.936802973977695,0.8388970260223048,CATE
visit,867,4.93194925028835,0.9149752018454441,CATE
money,1172,4.687713310580205,0.8574079351535836,ANGER
base,376,4.875,0.8493936170212766,TRUST
hurry,15,3.8666666666666667,0.9096599999999999,ANTICIPATION
quiet,161,4.913043478260869,0.9218260869565217,SADNESS
clean,237,4.89873417721519,0.930287341772152,JOY
hope,162,4.7407407407407405,0.9345129629629629,ANTICIPATION
timely,29,4.793103448275862,0.8119413793103448,CATE
rob,16,5.0,0.92540625,ANGER
worry,105,4.942857142857143,0.8962190476190476,ANTICIPATION
friend,241,4.937759336099585,0.9553024896265561,JOY
traveling,128,4.84375,0.9223640624999999,CATE
passenger,353,4.824362606232294,0.9142739376770538,ANTICIPATION
confident,110,4.945454545454545,0.9499027272727271,JOY
expected,282,4.75177304964539,0.8961563829787235,ANTICIPATION
delayed,74,4.445945945945946,0.7314945945945946,CATE
expect,204,4.769607843137255,0.8869838235294119,ANTICIPATION
highest,81,4.888888888888889,0.8996629629629631,ANTICIPATION
gem,23,4.956521739130435,0.9478,JOY
cold,170,4.847058823529411,0.9422858823529412,CATE
sweet,99,4.91919191919192,0.9458282828282827,ANTICIPATION
major,120,4.85,0.8988208333333334,CATE
fearful,22,4.818181818181818,0.8654636363636363,FEAR
sick,240,4.758333333333334,0.8470308333333333,DISGUST
delay,58,3.9827586206896552,0.5523137931034483,ANGER
wont,33,4.757575757575758,0.8184090909090909,ANTICIPATION
afraid,144,4.972222222222222,0.9076256944444445,FEAR
personal,571,4.926444833625219,0.8617364273204904,TRUST
hearing,54,4.7592592592592595,0.8887499999999998,FEAR
older,47,4.76595744680851,0.9031893617021275,SADNESS
surprise,202,4.851485148514851,0.9120336633663366,FEAR
treat,205,4.878048780487805,0.9252921951219513,ANGER
vacation,760,4.910526315789474,0.9030057894736843,ANTICIPATION
true,248,4.903225806451613,0.920601612903226,JOY
real,268,4.865671641791045,0.8865179104477612,TRUST
treasure,54,5.0,0.9430296296296296,ANTICIPATION
pleased,132,4.924242424242424,0.9214249999999999,JOY
superb,226,4.946902654867257,0.9305097345132743,CATE
unsafe,35,4.6571428571428575,0.7733171428571428,FEAR
skeptical,22,4.818181818181818,0.8287818181818181,CATE
rest,298,4.848993288590604,0.8744593959731545,CATE
shoulder,16,4.5625,0.85255625,TRUST
majority,31,4.32258064516129,0.748190322580645,JOY
unable,112,4.464285714285714,0.7306508928571428,SADNESS
fixed,196,4.846938775510204,0.9048132653061225,TRUST
disappointing,75,2.8133333333333335,0.27698,SADNESS
constant,41,4.512195121951219,0.8252195121951219,TRUST
turbulent,31,4.645161290322581,0.7984225806451614,FEAR
confirmed,35,3.9714285714285715,0.6771371428571429,TRUST
ill,23,4.217391304347826,0.6301521739130435,ANGER
finally,210,4.4714285714285715,0.7844899999999999,ANTICIPATION
worse,31,3.7096774193548385,0.4213387096774193,FEAR
completely,326,4.751533742331288,0.8675018404907976,CATE
improve,17,4.411764705882353,0.9676823529411763,ANTICIPATION
sunset,269,4.869888475836431,0.8902438661710038,ANTICIPATION
effort,86,4.6976744186046515,0.8898744186046512,CATE
board,222,4.716216216216216,0.8725918918918918,ANTICIPATION
fill,39,4.461538461538462,0.8542743589743589,TRUST
sun,206,4.800970873786408,0.9258033980582525,ANTICIPATION
coast,1017,4.892822025565389,0.8978698131760079,CATE
birthday,386,4.963730569948186,0.9256049222797927,ANTICIPATION
attention,120,4.941666666666666,0.8827783333333333,CATE
carefully,29,4.724137931034483,0.9215689655172414,CATE
regret,314,4.949044585987261,0.8749375796178344,SADNESS
beach,240,4.858333333333333,0.7748287499999998,JOY
wasted,33,2.4545454545454546,0.05934545454545455,ANGER
wrong,134,4.559701492537314,0.7694171641791044,CATE
pleasant,299,4.8762541806020065,0.9261541806020066,ANTICIPATION
advise,47,4.659574468085107,0.9062914893617023,TRUST
stable,78,4.884615384615385,0.9153435897435898,TRUST
hot,106,4.556603773584905,0.8862698113207547,ANGER
excited,162,4.753086419753086,0.9143487654320986,ANTICIPATION
fact,204,4.666666666666667,0.8945892156862745,TRUST
uncomfortable,55,3.981818181818182,0.5334763636363637,CATE
building,70,4.828571428571428,0.937347142857143,CATE
storm,38,4.526315789473684,0.7982605263157895,ANGER
sea,471,4.895966029723992,0.8782386411889597,CATE
war,193,4.849740932642487,-0.7279829015544041,FEAR
gut,52,4.75,-0.6047923076923077,DISGUST
watch,122,4.844262295081967,0.9045737704918033,ANTICIPATION
eagle,61,4.836065573770492,0.9139557377049181,TRUST
voyage,19,5.0,0.42335789473684216,ANTICIPATION
received,214,4.52803738317757,0.8406560747663551,CATE
eat,102,4.833333333333333,0.9088470588235292,CATE
nausea,35,4.742857142857143,0.8502542857142857,DISGUST
warning,41,4.2926829268292686,0.7202951219512195,FEAR
respectful,15,5.0,0.9371533333333333,TRUST
interested,146,4.691780821917808,0.9190164383561644,DISGUST
catch,63,4.666666666666667,0.7994095238095239,SURPRISE
genial,18,4.777777777777778,0.04274999999999998,JOY
sin,23,4.869565217391305,-0.49889130434782614,ANGER
suggest,136,4.772058823529412,0.9254816176470588,TRUST
present,72,4.944444444444445,0.9280319444444446,ANTICIPATION
explore,122,4.909836065573771,0.8946516393442624,ANTICIPATION
die,250,4.828,-0.596244,FEAR
fair,58,4.5344827586206895,0.8594586206896551,CATE
food,70,4.614285714285714,0.9146857142857143,JOY
sunny,369,4.8861788617886175,0.9383349593495934,ANTICIPATION
sky,619,4.906300484652665,0.9045794830371567,CATE
complain,18,4.5,0.6948833333333334,ANGER
plan,320,4.8625,0.8918290625,ANTICIPATION
polite,125,4.832,0.8635136,CATE
disappoint,127,4.937007874015748,0.8811976377952756,ANGER
familiar,45,4.844444444444444,0.8002577777777778,TRUST
communicative,25,5.0,0.8650520000000002,CATE
show,256,4.66796875,0.8197964843750001,TRUST
mail,60,4.65,0.4784833333333333,ANTICIPATION
split,26,4.461538461538462,0.8602461538461538,CATE
romantic,42,5.0,0.9300285714285714,ANTICIPATION
negative,55,4.472727272727273,0.7474290909090908,SADNESS
doubt,108,4.935185185185185,0.9225583333333333,FEAR
lack,46,3.847826086956522,0.5218826086956523,CATE
exciting,372,4.938172043010753,0.9244543010752689,ANTICIPATION
cloudy,316,4.781645569620253,0.8825658227848102,SADNESS
attentive,99,4.959595959595959,0.9341919191919194,TRUST
departure,110,4.472727272727273,0.7792899999999998,SADNESS
change,188,4.6861702127659575,0.8775744680851064,FEAR
crystal,73,4.972602739726027,0.9446,CATE
fascinating,85,4.882352941176471,0.9507564705882353,CATE
passionate,61,4.885245901639344,0.9683836065573771,ANTICIPATION
mountain,1261,4.9095955590800955,0.8896980967486121,ANTICIPATION
grateful,82,4.926829268292683,0.9278878048780488,CATE
rainy,136,4.779411764705882,0.8654294117647058,SADNESS
knowing,96,4.645833333333333,0.8526052083333333,CATE
payment,24,4.416666666666667,0.8752541666666666,CATE
cancel,131,4.633587786259542,0.7957312977099237,SADNESS
cooperating,34,4.852941176470588,0.9422147058823529,TRUST
black,76,4.921052631578948,0.9169605263157896,SADNESS
unbelievable,349,4.982808022922636,0.8893593123209168,CATE
delicious,35,5.0,0.9679914285714287,JOY
bear,217,4.861751152073733,0.8856806451612903,ANGER
chance,449,4.855233853006681,0.8974755011135858,SURPRISE
mother,139,4.83453237410072,0.8582769784172661,ANTICIPATION
hospitality,63,4.984126984126984,0.9579714285714284,CATE
case,195,4.764102564102564,0.9024779487179487,FEAR
difficult,112,4.598214285714286,0.8340223214285716,FEAR
solid,37,4.891891891891892,0.9344864864864865,CATE
actual,126,4.634920634920635,0.8531492063492063,CATE
cover,205,4.829268292682927,0.8922634146341464,TRUST
reserve,29,4.724137931034483,0.9652620689655173,CATE
green,118,4.813559322033898,0.8921025423728813,JOY
wilderness,54,4.962962962962963,0.8934574074074073,ANTICIPATION
pick,371,4.7466307277628035,0.8872754716981133,CATE
organized,219,4.863013698630137,0.8877904109589041,CATE
baby,42,4.738095238095238,0.800797619047619,JOY
daughter,359,4.888579387186629,0.9067164345403899,JOY
learn,100,4.85,0.8895369999999998,CATE
favorite,344,4.968023255813954,0.9317174418604651,JOY
lower,130,4.7,0.8555215384615384,SADNESS
interior,66,4.757575757575758,0.8447060606060605,DISGUST
deal,263,4.828897338403042,0.9079703422053232,ANTICIPATION
minimum,28,4.392857142857143,0.7972500000000001,CATE
reliable,41,4.560975609756097,0.7996756097560976,TRUST
hesitation,69,4.869565217391305,0.9240826086956522,FEAR
august,110,4.763636363636364,0.8565681818181818,CATE
blue,309,4.899676375404531,0.9242702265372169,SADNESS
strut,17,4.764705882352941,0.9024176470588235,CATE
standing,128,4.7109375,0.88528359375,CATE
agree,72,4.944444444444445,0.9413666666666667,CATE
father,72,4.791666666666667,0.9192027777777779,TRUST
overcast,110,4.745454545454545,0.8821863636363636,CATE
chatty,29,4.896551724137931,0.9557482758620689,CATE
motion,457,4.903719912472647,0.8833592997811817,ANTICIPATION
clouded,23,4.565217391304348,0.8831347826086957,SADNESS
magnificent,320,4.95625,0.928435625,ANTICIPATION
offer,306,4.751633986928105,0.9073300653594772,CATE
cooperate,69,4.913043478260869,0.8507579710144928,CATE
organization,71,4.915492957746479,0.8963845070422536,ANTICIPATION
cross,37,4.837837837837838,0.8675594594594594,ANGER
agreed,95,4.757894736842105,0.8954873684210526,TRUST
rating,68,4.279411764705882,0.8391367647058823,ANGER
honesty,18,4.555555555555555,0.8647166666666667,TRUST
focus,55,4.745454545454545,0.9455181818181817,CATE
giving,317,4.788643533123029,0.9187763406940063,CATE
operation,313,4.94888178913738,0.91105303514377,FEAR
talk,327,4.749235474006116,0.8874935779816514,CATE
successful,21,4.571428571428571,0.9398761904761905,ANTICIPATION
assist,17,4.9411764705882355,0.9032352941176471,TRUST
touched,42,4.904761904761905,0.9062452380952379,CATE
efficient,214,4.94392523364486,0.9489299065420559,ANTICIPATION
immaculate,15,5.0,0.9084933333333335,JOY
include,79,4.6835443037974684,0.8770443037974682,CATE
choice,257,4.8949416342412455,0.9129727626459143,CATE
brilliant,199,4.964824120603015,0.9264301507537689,ANTICIPATION
opposed,17,4.882352941176471,0.9665176470588234,ANGER
hidden,50,4.92,0.90142,CATE
luck,98,4.653061224489796,0.788107142857143,ANTICIPATION
majestic,193,4.958549222797927,0.9177528497409327,ANTICIPATION
word,106,4.773584905660377,0.8516037735849058,TRUST
advice,111,4.738738738738738,0.8561693693693694,TRUST
hunter,57,4.982456140350878,0.8558192982456139,ANTICIPATION
interest,228,4.921052631578948,0.9454864035087719,CATE
apprehensive,92,4.989130434782608,0.9155728260869564,ANTICIPATION
advance,191,4.382198952879581,0.7563157068062827,ANTICIPATION
improved,32,4.71875,0.884196875,CATE
radio,61,4.770491803278689,0.870550819672131,CATE
avalanche,27,5.0,0.9387148148148148,FEAR
endless,22,5.0,0.9504454545454547,ANGER
fell,59,4.694915254237288,0.8699,SADNESS
surprisingly,35,4.9714285714285715,0.9486857142857144,ANTICIPATION
depth,43,4.953488372093023,0.9101488372093024,TRUST
important,152,4.743421052631579,0.9186848684210528,TRUST
forward,178,4.556179775280899,0.8301089887640449,CATE
god,83,4.867469879518072,0.8889819277108432,ANTICIPATION
battery,16,4.8125,0.90408125,ANGER
picturesque,38,4.947368421052632,0.966921052631579,JOY
enjoying,99,4.8686868686868685,0.9590414141414141,ANTICIPATION
anchorage,166,4.753012048192771,0.840978313253012,SADNESS
authentic,15,4.933333333333334,0.9303000000000001,JOY
calls,41,4.170731707317073,0.7511804878048781,ANTICIPATION
swim,17,4.823529411764706,0.9732647058823529,ANTICIPATION
worried,146,4.86986301369863,0.892278082191781,SADNESS
flow,20,4.7,0.907665,CATE
wanting,114,4.956140350877193,0.8992710526315789,SADNESS
intimate,61,4.885245901639344,0.8998672131147539,ANTICIPATION
stress,39,4.923076923076923,0.9336589743589742,CATE
charming,40,4.95,0.9452300000000001,CATE
working,121,4.570247933884297,0.8645115702479339,CATE
nauseous,33,4.696969696969697,0.8238212121212121,DISGUST
satisfied,53,4.9245283018867925,0.9131396226415094,JOY
considerate,61,4.967213114754099,0.9494442622950818,TRUST
appreciation,51,4.980392156862745,0.9504431372549019,JOY
lost,64,4.21875,0.6986484375,SADNESS
advised,61,4.590163934426229,0.8485311475409837,TRUST
falling,15,4.8,0.8574266666666667,SADNESS
maintenance,33,3.9393939393939394,0.5497969696969698,TRUST
guarantee,43,4.767441860465116,0.943093023255814,TRUST
twin,43,4.72093023255814,0.8770000000000001,CATE
beware,20,2.95,0.26191,ANTICIPATION
communicate,88,4.693181818181818,0.8922125000000001,TRUST
horrible,29,2.310344827586207,0.2774413793103449,ANGER
policy,36,4.305555555555555,0.7180749999999999,TRUST
understanding,70,4.714285714285714,0.8430242857142854,TRUST
serene,32,4.9375,0.9659500000000001,TRUST
lines,49,4.816326530612245,0.9125816326530611,FEAR
sunshine,65,4.815384615384615,0.9348123076923077,JOY
noisy,54,4.907407407407407,0.9274277777777777,ANGER
pay,200,4.535,0.8322435,ANTICIPATION
seasoned,40,5.0,0.952755,CATE
majesty,110,4.990909090909091,0.9339827272727274,TRUST
star,170,4.794117647058823,0.8424035294117647,ANTICIPATION
inexpensive,26,4.846153846153846,0.9162076923076922,CATE
teens,31,4.903225806451613,0.8667290322580645,CATE
evident,22,4.909090909090909,0.9087090909090908,TRUST
reading,129,4.8062015503875966,0.9122240310077518,CATE
respect,29,4.827586206896552,0.9284241379310344,ANTICIPATION
charm,19,4.894736842105263,0.9584421052631581,CATE
delighted,30,5.0,0.90359,ANTICIPATION
essential,16,4.875,0.9165125000000001,CATE
laughing,24,5.0,0.9733666666666666,JOY
wear,148,4.831081081081081,0.8941263513513514,TRUST
problem,211,4.5260663507109005,0.7117165876777252,FEAR
careful,46,4.586956521739131,0.8300260869565215,CATE
qualified,20,5.0,0.9490250000000001,TRUST
craft,31,4.870967741935484,0.9010161290322579,CATE
grandeur,76,4.907894736842105,0.9160697368421054,CATE
harbor,160,4.95,0.8666862500000001,TRUST
suitable,19,4.526315789473684,0.8707052631578946,CATE
daily,17,4.705882352941177,0.9341235294117647,ANTICIPATION
waste,52,3.1346153846153846,0.32313461538461546,DISGUST
afford,76,4.907894736842105,0.8631552631578946,CATE
save,122,4.368852459016393,0.8541106557377048,JOY
competition,17,4.529411764705882,0.8073,ANTICIPATION
noted,16,4.625,0.860275,CATE
leading,25,4.92,0.921756,TRUST
prince,23,4.956521739130435,0.909813043478261,CATE
seals,17,4.705882352941177,0.9620411764705883,TRUST
engaging,145,4.924137931034482,0.9398068965517241,JOY
fuss,18,4.333333333333333,0.37653333333333333,ANGER
anxiety,34,4.970588235294118,0.9401382352941177,ANGER
obvious,59,4.627118644067797,0.8487305084745764,TRUST
impeccable,33,4.96969696969697,0.8024878787878788,TRUST
join,38,4.947368421052632,0.9638526315789473,CATE
cheap,134,4.873134328358209,0.868120895522388,CATE
courtesy,21,4.476190476190476,0.7810047619047619,CATE
sensational,20,5.0,0.89869,JOY
smile,62,4.935483870967742,0.9490645161290322,JOY
fight,67,4.865671641791045,0.7915597014925373,ANGER
terminal,130,4.492307692307692,0.8742892307692308,FEAR
punctual,17,5.0,0.915464705882353,ANTICIPATION
comfort,121,4.87603305785124,0.9481214876033058,ANTICIPATION
prefer,27,4.851851851851852,0.8825962962962962,TRUST
magical,172,4.965116279069767,0.8788563953488372,ANTICIPATION
sadly,33,4.393939393939394,0.5914484848484849,SADNESS
destination,35,4.771428571428571,0.8702542857142858,ANTICIPATION
shout,36,4.972222222222222,0.9438249999999999,ANGER
hooked,16,5.0,0.939275,CATE
immediately,177,4.711864406779661,0.8768694915254236,ANTICIPATION
emergency,20,4.8,0.8807200000000002,FEAR
silk,30,5.0,0.9320066666666666,CATE
pristine,62,5.0,0.913791935483871,CATE
loving,17,4.9411764705882355,0.9752529411764705,JOY
center,76,4.894736842105263,0.9061776315789474,TRUST
wound,20,4.55,0.790905,ANGER
continue,38,4.894736842105263,0.9247842105263159,ANTICIPATION
gracious,61,4.967213114754099,0.9423852459016394,CATE
fully,140,4.785714285714286,0.8717771428571428,TRUST
balance,73,4.575342465753424,0.8775986301369865,CATE
weight,203,4.615763546798029,0.9126241379310345,ANTICIPATION
thrill,142,4.957746478873239,0.9329126760563381,ANTICIPATION
chosen,39,4.794871794871795,0.8805384615384612,CATE
courteous,240,4.945833333333334,0.9501541666666667,CATE
advantage,79,4.949367088607595,0.9583392405063292,CATE
kick,20,4.95,0.8501200000000001,ANGER
happily,43,5.0,0.9305674418604654,JOY
cap,19,4.947368421052632,0.9489210526315791,ANTICIPATION
fire,32,4.78125,0.9025749999999999,FEAR
main,132,4.621212121212121,0.862964393939394,CATE
gentleman,43,4.674418604651163,0.847806976744186,TRUST
complaint,45,4.088888888888889,0.5960822222222222,ANGER
skillful,32,4.9375,0.934025,TRUST
energetic,17,5.0,0.9445470588235295,CATE
educational,92,4.967391304347826,0.9120945652173913,TRUST
holiday,117,4.786324786324786,0.9280666666666666,ANTICIPATION
brother,58,4.896551724137931,0.9243,TRUST
forced,22,4.409090909090909,0.6592863636363635,FEAR
equally,46,4.804347826086956,0.9014891304347826,CATE
famous,72,4.833333333333333,0.8800305555555555,CATE
encourage,36,4.972222222222222,0.9252916666666668,JOY
forgotten,40,4.825,0.8061550000000001,FEAR
usual,51,4.803921568627451,0.9075039215686275,TRUST
patience,24,5.0,0.9255083333333333,ANTICIPATION
credit,59,4.271186440677966,0.7920847457627117,TRUST
pacific,72,4.944444444444445,0.9094722222222222,CATE
entertaining,211,4.981042654028436,0.9435469194312797,ANTICIPATION
remarkable,59,4.983050847457627,0.9336983050847457,JOY
educated,29,5.0,0.9142965517241378,CATE
maximum,32,4.5625,0.700234375,CATE
classic,35,4.885714285714286,0.9223685714285713,CATE
thoughtful,58,4.9655172413793105,0.9681775862068965,TRUST
graciously,22,4.954545454545454,0.9490999999999999,CATE
question,112,4.910714285714286,0.8797267857142858,CATE
shining,23,4.565217391304348,0.8630521739130436,ANTICIPATION
refused,17,3.1176470588235294,0.03317647058823528,SADNESS
fairly,68,4.588235294117647,0.934805882352941,TRUST
shot,87,4.804597701149425,0.8673816091954024,ANGER
fee,49,4.6938775510204085,0.9020693877551021,ANGER
inaccessible,87,4.9655172413793105,0.9115413793103451,CATE
determined,33,4.545454545454546,0.9182818181818182,CATE
approaching,17,4.647058823529412,0.9560705882352941,ANTICIPATION
diverse,23,5.0,0.7072347826086955,CATE
lie,19,4.526315789473684,0.7824631578947369,ANGER
boring,28,3.642857142857143,0.5740678571428571,CATE
peace,27,5.0,0.9705259259259259,ANTICIPATION
accessible,105,4.876190476190477,0.9207133333333334,CATE
overwhelming,34,4.852941176470588,0.8677941176470588,CATE
epic,105,4.9714285714285715,0.9043838095238097,CATE
extraordinary,75,4.973333333333334,0.8912213333333333,CATE
resident,34,5.0,0.9094294117647059,CATE
school,38,4.894736842105263,0.9435394736842108,TRUST
providing,164,4.853658536585366,0.925384756097561,ANTICIPATION
dirt,15,4.8,0.7479466666666668,DISGUST
white,85,4.694117647058824,0.8278070588235295,ANTICIPATION
pull,20,4.85,0.9128550000000001,CATE
intended,32,4.875,0.918103125,ANTICIPATION
inclement,24,4.75,0.7633791666666667,CATE
military,41,4.902439024390244,0.9440365853658537,FEAR
glacial,94,4.957446808510638,0.8846659574468085,CATE
ahead,175,4.662857142857143,0.8987754285714287,CATE
ruth,461,4.960954446854664,0.869048590021692,CATE
cooperative,27,4.851851851851852,0.9286148148148148,TRUST
cute,30,4.8,0.96728,CATE
instructions,103,4.70873786407767,0.8717349514563106,ANTICIPATION
extensive,39,4.897435897435898,0.9120538461538461,CATE
engaged,60,4.8,0.9220400000000001,ANTICIPATION
prepared,142,4.774647887323944,0.934242957746479,ANTICIPATION
flexibility,43,4.8604651162790695,0.9248999999999999,CATE
inspired,20,5.0,0.9587200000000001,JOY
confidence,110,4.954545454545454,0.9255090909090908,FEAR
glory,79,4.987341772151899,0.9468708860759494,ANTICIPATION
blessed,134,4.970149253731344,0.9653126865671642,JOY
haze,15,4.666666666666667,0.8454466666666666,FEAR
elevation,22,4.7272727272727275,0.9379090909090909,ANTICIPATION
break,73,4.794520547945205,0.9344342465753425,SURPRISE
perfection,20,4.95,0.9141199999999999,ANTICIPATION
explain,116,4.663793103448276,0.8279568965517242,TRUST
expecting,70,4.514285714285714,0.9048357142857142,ANTICIPATION
honeymoon,182,5.0,0.942246153846154,ANTICIPATION
pride,76,4.907894736842105,0.9315065789473688,JOY
capture,81,4.839506172839506,0.8979246913580247,CATE
bang,32,4.84375,0.8418218749999999,ANGER
constantly,57,4.859649122807017,0.8995684210526316,TRUST
amazingly,65,4.969230769230769,0.9346076923076924,JOY
general,84,4.678571428571429,0.865070238095238,TRUST
exquisite,22,5.0,0.9175545454545456,JOY
accomplished,20,4.95,0.9391450000000001,JOY
marvel,20,4.95,0.9701000000000001,SURPRISE
fleet,21,4.666666666666667,0.8667904761904762,CATE
skip,60,4.816666666666666,0.8990866666666666,CATE
mistake,28,4.142857142857143,0.6206785714285715,SADNESS
gorge,158,4.987341772151899,0.9068512658227849,DISGUST
expedition,27,4.851851851851852,0.8954296296296295,ANTICIPATION
lush,56,4.982142857142857,0.9570732142857142,DISGUST
system,57,4.526315789473684,0.8613736842105262,TRUST
lounge,15,4.8,0.8400799999999999,CATE
dangerous,25,4.12,0.7151479999999999,FEAR
rugged,50,4.94,0.9063019999999998,CATE
fellow,40,4.725,0.9488225,TRUST
heavenly,18,5.0,0.9646111111111111,ANTICIPATION
angel,62,4.82258064516129,0.926291935483871,ANTICIPATION
feature,21,4.9523809523809526,0.9319952380952381,CATE
dank,25,5.0,-0.650616,DISGUST
prepare,40,4.875,0.9269999999999999,ANTICIPATION
wealth,92,4.956521739130435,0.9499652173913045,JOY
attempt,38,4.421052631578948,0.7857394736842105,ANTICIPATION
march,60,4.916666666666667,0.9215216666666667,CATE
ultimately,28,4.535714285714286,0.8551821428571428,ANTICIPATION
thrilling,145,4.958620689655173,0.9251910344827585,ANTICIPATION
trust,73,4.767123287671233,0.8708342465753425,TRUST
uncertain,16,5.0,0.956275,ANGER
passion,64,5.0,0.8968343750000001,ANTICIPATION
promise,26,4.730769230769231,0.8837807692307691,JOY
budget,89,4.775280898876405,0.774491011235955,TRUST
create,24,4.916666666666667,0.8858666666666665,JOY
upset,23,3.4782608695652173,0.6669173913043478,ANGER
crazy,50,4.76,0.898538,ANGER
witness,19,5.0,0.9443,TRUST
inform,27,3.5925925925925926,0.629462962962963,TRUST
prop,30,4.933333333333334,0.9545466666666668,CATE
responsive,40,4.875,0.88773,ANTICIPATION
reason,157,4.350318471337579,0.7857248407643312,CATE
offering,78,4.717948717948718,0.9084820512820514,TRUST
gear,44,4.75,0.9220863636363634,CATE
adventurous,39,4.846153846153846,0.9487948717948718,CATE
generous,34,4.911764705882353,0.9582588235294116,JOY
excitement,60,4.983333333333333,0.9494299999999999,ANTICIPATION
steady,47,4.9361702127659575,0.9488063829787236,SURPRISE
jump,28,4.964285714285714,0.9465857142857145,JOY
pop,31,4.774193548387097,0.8874709677419355,SURPRISE
superior,42,4.904761904761905,0.8888619047619047,CATE
leery,16,4.9375,0.8537,SURPRISE
warned,46,4.760869565217392,0.8769978260869565,ANTICIPATION
waterproof,15,5.0,0.9124133333333333,CATE
questionable,19,4.842105263157895,0.8409052631578947,DISGUST
contact,110,4.590909090909091,0.8128554545454546,CATE
taught,35,5.0,0.9621914285714285,TRUST
lose,18,4.611111111111111,0.7447277777777779,ANGER
disappointment,51,4.0,0.5190901960784314,DISGUST
status,16,4.75,0.681875,CATE
cash,24,4.458333333333333,0.8242750000000001,ANGER
gun,18,4.944444444444445,0.7857722222222222,ANGER
guess,82,4.353658536585366,0.812460975609756,SURPRISE
ruin,25,4.32,0.7032160000000001,FEAR
attraction,74,4.77027027027027,0.912987837837838,CATE
hanging,30,4.666666666666667,0.8462866666666665,ANGER
ability,77,4.805194805194805,0.8862597402597405,CATE
challenge,18,4.5,0.9546833333333333,ANGER
assistance,15,5.0,0.9239533333333335,CATE
joined,37,4.918918918918919,0.8869297297297297,CATE
dependent,28,4.5,0.8648999999999999,TRUST
bank,26,4.230769230769231,0.721426923076923,TRUST
insane,18,4.666666666666667,0.7899499999999999,ANGER
track,33,4.636363636363637,0.8432151515151515,ANTICIPATION
princess,73,4.712328767123288,0.8748465753424658,CATE
immense,22,5.0,0.9138772727272726,CATE
concerned,151,4.814569536423841,0.8628304635761589,FEAR
wise,38,4.894736842105263,0.9382447368421051,CATE
tired,20,4.5,0.712285,CATE
shopping,48,4.916666666666667,0.9288958333333334,ANTICIPATION
boy,81,4.950617283950617,0.9348382716049384,DISGUST
spur,18,4.944444444444445,0.8516777777777778,FEAR
manage,22,4.363636363636363,0.8320454545454545,TRUST
celebration,31,4.838709677419355,0.8663258064516132,ANTICIPATION
entertained,60,4.95,0.9515083333333334,JOY
child,48,4.833333333333333,0.8786999999999999,ANTICIPATION
shape,32,4.6875,0.897809375,CATE
force,21,5.0,0.944347619047619,ANGER
hurt,15,4.933333333333334,0.7496533333333334,ANGER
rear,34,4.529411764705882,0.8637029411764706,CATE
splendor,31,4.967741935483871,0.9623516129032259,ANTICIPATION
strip,73,4.671232876712328,0.8674534246575342,SADNESS
lava,37,4.918918918918919,0.8275783783783783,ANGER
aloha,129,4.953488372093023,0.9001488372093024,ANTICIPATION
praise,15,4.933333333333334,0.8951066666666667,JOY
enthusiasm,52,4.923076923076923,0.9560807692307692,ANTICIPATION
unexpected,50,4.9,0.902664,ANTICIPATION
splendid,16,4.9375,0.87188125,JOY
volcano,106,4.933962264150943,0.908832075471698,FEAR
refreshing,21,4.904761904761905,0.9471619047619049,CATE
valuable,18,4.555555555555555,0.9170444444444443,CATE
accurate,29,4.517241379310345,0.803103448275862,TRUST
instructor,123,4.934959349593496,0.9392341463414632,ANTICIPATION
grandchildren,15,5.0,0.7344266666666667,ANTICIPATION
lesson,77,4.896103896103896,0.9101999999999999,ANTICIPATION
agriculture,41,4.951219512195122,0.8939780487804877,CATE
breakfast,79,4.746835443037975,0.9249075949367089,CATE
celebrating,31,4.870967741935484,0.9140322580645162,ANTICIPATION
celebrated,25,5.0,0.9384599999999998,ANTICIPATION
stellar,29,4.793103448275862,0.8024275862068966,CATE
glare,40,4.8,0.9425474999999999,ANGER
cherry,21,4.761904761904762,0.8593000000000001,CATE
instruction,50,4.86,0.93047,TRUST
partner,63,4.809523809523809,0.8002634920634921,CATE
count,23,4.695652173913044,0.8643173913043477,TRUST
tree,28,4.714285714285714,0.896632142857143,ANGER
overwhelmed,18,5.0,0.8359611111111112,SADNESS
whim,21,5.0,0.8730380952380953,ANTICIPATION
annoying,16,4.125,0.69469375,ANGER
discovery,40,4.8,0.9382550000000001,CATE
welcomed,92,4.989130434782608,0.9611086956521738,JOY
greeting,34,5.0,0.9681647058823529,SURPRISE
worthy,20,4.75,0.9215649999999999,TRUST
versus,22,4.909090909090909,0.8942545454545455,ANGER
ship,403,4.791563275434243,0.8697751861042184,ANTICIPATION
spirit,90,4.844444444444444,0.802231111111111,CATE
cliff,40,4.95,0.8929825000000001,FEAR
pressure,30,4.933333333333334,0.8844933333333332,CATE
account,18,4.388888888888889,0.7603388888888889,TRUST
genuine,53,4.943396226415095,0.9252396226415096,TRUST
secret,19,5.0,0.9352315789473685,TRUST
degree,45,4.622222222222222,0.8218711111111111,CATE
adorable,19,5.0,0.8886736842105263,JOY
marvelous,43,4.953488372093023,0.9293488372093023,JOY
amusing,20,4.95,0.92818,JOY
success,18,4.777777777777778,0.9469,ANTICIPATION
secluded,20,4.85,0.9368450000000001,SADNESS
decent,42,4.309523809523809,0.8367785714285713,CATE
shortly,34,4.470588235294118,0.8971058823529412,ANTICIPATION
assure,15,4.4,0.8383333333333335,TRUST
proper,23,4.521739130434782,0.7797217391304347,CATE
wonderfully,40,4.975,0.9380575,JOY
coach,36,4.75,0.8807916666666668,TRUST
celebrity,27,4.518518518518518,0.9544592592592592,ANGER
visitor,52,4.865384615384615,0.8804442307692307,ANTICIPATION
art,26,4.884615384615385,0.3168384615384615,ANTICIPATION
effective,19,5.0,0.9601631578947369,TRUST
ancient,17,4.882352941176471,0.9548882352941177,CATE
goodness,27,4.962962962962963,0.9392629629629629,ANTICIPATION
hilarious,15,5.0,0.9217733333333332,JOY
model,15,4.066666666666666,0.7175533333333333,CATE
halfway,25,4.44,0.759084,CATE
missing,43,4.72093023255814,0.8380069767441859,FEAR
giant,21,5.0,0.937842857142857,FEAR
zip,15,4.866666666666666,0.7419,CATE
action,25,4.76,0.8577480000000002,CATE
soak,23,4.956521739130435,0.9749521739130437,CATE
leisurely,18,4.944444444444445,0.9603166666666666,CATE
dark,43,4.488372093023256,0.8564116279069767,SADNESS
monument,112,4.875,0.8918339285714285,CATE
docked,32,4.375,0.677946875,CATE
difficulty,16,4.5625,0.8075749999999999,ANGER
danger,17,4.705882352941177,0.7278352941176471,FEAR
forecast,40,4.725,0.89451,ANTICIPATION
cove,51,4.882352941176471,0.9160156862745097,ANTICIPATION
harry,303,4.9405940594059405,0.90689900990099,ANGER
ruined,18,2.9444444444444446,0.3212722222222222,ANGER
broken,15,4.466666666666667,0.7841999999999999,ANGER
female,18,4.777777777777778,0.9130222222222222,CATE
veteran,17,4.882352941176471,0.9306882352941176,TRUST
dire,17,4.882352941176471,-0.1463,DISGUST
grab,23,4.826086956521739,0.8745608695652173,ANGER
crash,23,4.478260869565218,0.5416391304347826,FEAR
impression,39,4.538461538461538,0.789251282051282,CATE
witty,18,4.944444444444445,0.8693222222222222,JOY
smell,16,4.0625,0.6338312500000001,ANGER
discomfort,17,4.411764705882353,0.6438294117647059,SADNESS
handy,17,4.9411764705882355,0.9233235294117647,CATE
smith,25,5.0,0.824856,TRUST
balanced,15,4.8,0.8780666666666666,CATE
convinced,29,4.827586206896552,0.9670689655172414,TRUST
store,82,4.902439024390244,0.8798756097560976,ANTICIPATION
humorous,37,4.945945945945946,0.9611837837837836,JOY
shame,24,4.166666666666667,0.7135291666666667,DISGUST
silly,15,4.933333333333334,0.9200933333333334,JOY
wit,16,4.875,0.9102187500000001,CATE
tomorrow,25,4.4,0.733936,ANTICIPATION
towering,21,4.9523809523809526,0.9524523809523808,ANTICIPATION
cramped,26,4.538461538461538,0.7331615384615383,CATE
spoil,22,4.7727272727272725,0.7986272727272727,DISGUST
belt,18,4.222222222222222,0.7807444444444445,ANGER
anxious,33,4.636363636363637,0.8033151515151515,ANTICIPATION
management,16,3.8125,0.7420249999999999,TRUST
reluctant,17,4.764705882352941,0.7846588235294117,FEAR
bargain,25,5.0,0.9431479999999999,TRUST
savings,21,4.9523809523809526,0.9487523809523808,CATE
stomach,57,4.754385964912281,0.8880789473684212,DISGUST
granted,20,4.8,0.8328099999999999,CATE
unpredictable,34,4.823529411764706,0.9320235294117647,SURPRISE
spacious,40,4.875,0.9703499999999998,CATE
copy,18,4.944444444444445,0.904327777777778,CATE
confirmation,46,3.9565217391304346,0.7557369565217388,TRUST
result,22,4.409090909090909,0.8386636363636364,ANTICIPATION
privileged,15,4.666666666666667,0.9582999999999998,JOY
bother,35,4.514285714285714,0.8376771428571428,CATE
suffer,17,4.9411764705882355,0.8210235294117647,CATE
tough,22,4.5,0.7239545454545454,SADNESS
comprehensive,25,4.96,0.907536,CATE
shoot,23,4.869565217391305,0.9455173913043479,ANGER
checklist,32,4.96875,0.9450000000000001,TRUST
sudden,15,4.933333333333334,0.8964266666666667,SURPRISE
fortune,19,4.947368421052632,0.9343789473684212,ANTICIPATION
weigh,57,4.842105263157895,0.9735754385964911,ANTICIPATION
suddenly,20,4.95,0.9145099999999999,SURPRISE
eager,26,4.769230769230769,0.9567192307692308,ANTICIPATION
comprehend,16,5.0,0.84175625,CATE
greater,39,4.82051282051282,0.845846153846154,CATE
cheerful,20,5.0,0.9818449999999999,JOY
depart,17,4.705882352941177,0.9624117647058824,ANTICIPATION
caution,24,4.708333333333333,0.8556583333333334,ANGER
vision,17,4.705882352941177,0.8243705882352942,ANTICIPATION
heartily,16,5.0,0.76444375,JOY
lesser,15,4.733333333333333,0.9052999999999999,DISGUST
luxury,17,4.470588235294118,0.7747176470588236,JOY
calf,16,4.9375,0.94513125,JOY
preparation,17,4.9411764705882355,0.9045529411764706,ANTICIPATION
garden,116,4.956896551724138,0.9150853448275861,JOY
airs,16,4.875,0.36643125,DISGUST
anchor,18,4.888888888888889,0.9402111111111111,CATE
horse,20,4.65,0.92804,TRUST
hood,49,4.938775510204081,0.9195285714285714,ANGER
