序号 (Index),英文单词 (Word),中文翻译 (Translation),词汇全称 (Formatted),出现频次 (Frequency),平均游客星级 (Star Rating),固有 VADER 得分 (-4.0 to +4.0),Plutchik 情绪分类 (Category)
1,professional,专业严谨的,professional (专业严谨的),2056,4.95,0.0,TRUST
2,friendly,友好的/热情的,friendly (友好的/热情的),3271,4.942,2.2,JOY
3,lucky,情绪与感知词汇,lucky (情绪与感知词汇),593,4.933,1.8,JOY
4,start,情绪与感知词汇,start (情绪与感知词汇),490,4.867,0.0,ANTICIPATION
5,fun,情绪与感知词汇,fun (情绪与感知词汇),1802,4.951,2.3,JOY
6,facts,情绪与感知词汇,facts (情绪与感知词汇),317,4.909,0.0,TRUST
7,excellent,优异卓越的,excellent (优异卓越的),2475,4.956,2.7,JOY
8,recommend,情绪与感知词汇,recommend (情绪与感知词汇),5998,4.945,1.5,TRUST
9,worth,值得/划算,worth (值得/划算),3011,4.92,0.9,CATE
10,communication,情绪与感知词汇,communication (情绪与感知词汇),176,4.665,0.0,TRUST
11,spectacular,壮观震撼的,spectacular (壮观震撼的),1798,4.956,0.0,ANTICIPATION
12,leave,情绪与感知词汇,leave (情绪与感知词汇),191,4.634,-0.2,SADNESS
13,disappointed,情绪与感知词汇,disappointed (情绪与感知词汇),495,4.444,-2.1,SADNESS
14,journey,情绪与感知词汇,journey (情绪与感知词汇),166,4.904,0.0,JOY
15,delight,情绪与感知词汇,delight (情绪与感知词汇),52,5.0,2.9,JOY
16,signature,情绪与感知词汇,signature (情绪与感知词汇),18,4.778,0.0,TRUST
17,justice,情绪与感知词汇,justice (情绪与感知词汇),114,4.982,2.4,TRUST
18,desert,情绪与感知词汇,desert (情绪与感知词汇),38,4.737,0.0,SADNESS
19,helpful,大有帮助的/热心的,helpful (大有帮助的/热心的),1115,4.948,1.8,JOY
20,magnificence,情绪与感知词汇,magnificence (情绪与感知词汇),26,4.962,2.4,JOY
21,interesting,有趣的/引人入胜的,interesting (有趣的/引人入胜的),859,4.916,1.7,CATE
22,flying,情绪与感知词汇,flying (情绪与感知词汇),2740,4.911,0.0,FEAR
23,convenient,方便快捷的,convenient (方便快捷的),61,4.705,0.0,CATE
24,safe,安全有保障的,safe (安全有保障的),1601,4.929,1.9,JOY
25,perfect,完美的/十全十美的,perfect (完美的/十全十美的),1464,4.961,2.7,JOY
26,top,情绪与感知词汇,top (情绪与感知词汇),1000,4.91,0.8,TRUST
27,skilled,操控熟练的/专业的,skilled (操控熟练的/专业的),240,4.954,0.0,CATE
28,smiling,情绪与感知词汇,smiling (情绪与感知词汇),34,5.0,2.0,JOY
29,kudos,情绪与感知词汇,kudos (情绪与感知词汇),30,5.0,2.3,JOY
30,young,情绪与感知词汇,young (情绪与感知词汇),254,4.827,0.0,JOY
31,ready,情绪与感知词汇,ready (情绪与感知词汇),170,4.629,1.5,ANTICIPATION
32,patient,耐心周到的,patient (耐心周到的),146,4.938,0.0,ANTICIPATION
33,cherish,情绪与感知词汇,cherish (情绪与感知词汇),54,5.0,1.6,JOY
34,beauty,情绪与感知词汇,beauty (情绪与感知词汇),891,4.975,2.8,JOY
35,sense,心理感知/安全感,sense (心理感知/安全感),206,4.913,0.0,CATE
36,terrific,情绪与感知词汇,terrific (情绪与感知词汇),278,4.964,2.1,SADNESS
37,experienced,经验丰富的,experienced (经验丰富的),865,4.94,0.0,TRUST
38,noise,噪音/降噪耳机,noise (噪音/降噪耳机),166,4.873,0.0,CATE
39,lovely,情绪与感知词汇,lovely (情绪与感知词汇),268,4.899,2.8,JOY
40,music,情绪与感知词汇,music (情绪与感知词汇),366,4.814,0.0,JOY
41,opportunity,情绪与感知词汇,opportunity (情绪与感知词汇),533,4.874,1.8,ANTICIPATION
42,delightful,情绪与感知词汇,delightful (情绪与感知词汇),88,4.966,2.8,JOY
43,bonus,情绪与感知词汇,bonus (情绪与感知词汇),141,4.957,2.5,JOY
44,adventure,情绪与感知词汇,adventure (情绪与感知词汇),1255,4.947,1.3,ANTICIPATION
45,friendliness,情绪与感知词汇,friendliness (情绪与感知词汇),45,4.978,2.0,JOY
46,extra,额外的/附加体验,extra (额外的/附加体验),533,4.88,0.0,CATE
47,pretty,情绪与感知词汇,pretty (情绪与感知词汇),390,4.71,2.2,JOY
48,beautiful,情绪与感知词汇,beautiful (情绪与感知词汇),3511,4.922,2.9,JOY
49,strongly,强烈推荐,strongly (强烈推荐),128,4.891,1.1,CATE
50,gift,情绪与感知词汇,gift (情绪与感知词汇),255,4.851,1.9,JOY
51,outstanding,卓越杰出的,outstanding (卓越杰出的),567,4.965,3.0,JOY
52,expectation,情绪与感知词汇,expectation (情绪与感知词汇),27,4.63,0.0,ANTICIPATION
53,small,小型的/紧凑的,small (小型的/紧凑的),1481,4.865,0.0,CATE
54,turbulence,情绪与感知词汇,turbulence (情绪与感知词汇),234,4.88,0.0,FEAR
55,fall,情绪与感知词汇,fall (情绪与感知词汇),58,4.828,0.0,SADNESS
56,guidance,情绪与感知词汇,guidance (情绪与感知词汇),19,5.0,0.0,TRUST
57,expert,情绪与感知词汇,expert (情绪与感知词汇),111,4.991,0.0,TRUST
58,ease,轻松/平稳自如,ease (轻松/平稳自如),419,4.979,1.5,CATE
59,glad,情绪与感知词汇,glad (情绪与感知词汇),877,4.926,2.0,JOY
60,nervous,紧张不安的,nervous (紧张不安的),488,4.922,-1.1,ANTICIPATION
61,wonderful,极其美妙的,wonderful (极其美妙的),2815,4.952,2.7,JOY
62,wait,情绪与感知词汇,wait (情绪与感知词汇),470,4.662,0.0,ANTICIPATION
63,good,情绪与感知词汇,good (情绪与感知词汇),2327,4.792,1.9,JOY
64,hit,情绪与感知词汇,hit (情绪与感知词汇),70,4.857,0.0,ANGER
65,culture,文化与历史解说,culture (文化与历史解说),57,5.0,0.0,CATE
66,chilly,情绪与感知词汇,chilly (情绪与感知词汇),19,4.842,0.0,CATE
67,joy,愉悦喜悦,joy (愉悦喜悦),68,4.853,2.8,JOY
68,buck,情绪与感知词汇,buck (情绪与感知词汇),42,4.786,0.0,SURPRISE
69,wild,情绪与感知词汇,wild (情绪与感知词汇),77,4.935,0.0,SURPRISE
70,special,情绪与感知词汇,special (情绪与感知词汇),596,4.945,1.7,JOY
71,gorgeous,情绪与感知词汇,gorgeous (情绪与感知词汇),447,4.928,3.0,JOY
72,picnic,情绪与感知词汇,picnic (情绪与感知词汇),30,4.667,0.0,JOY
73,kind,情绪与感知词汇,kind (情绪与感知词汇),589,4.844,2.4,JOY
74,arrival,情绪与感知词汇,arrival (情绪与感知词汇),158,4.741,0.0,ANTICIPATION
75,long,情绪与感知词汇,long (情绪与感知词汇),583,4.775,0.0,ANTICIPATION
76,competent,情绪与感知词汇,competent (情绪与感知词汇),165,4.939,1.3,TRUST
77,memorable,情绪与感知词汇,memorable (情绪与感知词汇),624,4.966,0.0,JOY
78,avoid,情绪与感知词汇,avoid (情绪与感知词汇),81,4.383,-1.2,FEAR
79,departed,情绪与感知词汇,departed (情绪与感知词汇),35,4.657,0.0,SADNESS
80,cool,酷炫的/棒的,cool (酷炫的/棒的),636,4.901,1.3,CATE
81,terrible,可怕的/极度不满的,terrible (可怕的/极度不满的),50,3.16,-2.1,SADNESS
82,assured,情绪与感知词汇,assured (情绪与感知词汇),77,4.571,1.5,TRUST
83,happy,情绪与感知词汇,happy (情绪与感知词汇),534,4.882,2.7,JOY
84,found,情绪与感知词汇,found (情绪与感知词汇),465,4.83,0.0,JOY
85,soothing,情绪与感知词汇,soothing (情绪与感知词汇),18,4.889,1.3,JOY
86,impossible,情绪与感知词汇,impossible (情绪与感知词汇),66,4.485,0.0,SADNESS
87,row,情绪与感知词汇,row (情绪与感知词汇),114,4.579,0.0,ANGER
88,feeling,情绪与感知词汇,feeling (情绪与感知词汇),209,4.813,0.5,JOY
89,thankful,情绪与感知词汇,thankful (情绪与感知词汇),60,4.983,2.7,JOY
90,related,情绪与感知词汇,related (情绪与感知词汇),42,4.905,0.0,TRUST
91,kindness,情绪与感知词汇,kindness (情绪与感知词汇),37,4.892,2.0,CATE
92,arrive,情绪与感知词汇,arrive (情绪与感知词汇),92,4.489,0.0,ANTICIPATION
93,calm,平静镇定的/从容的,calm (平静镇定的/从容的),252,4.952,1.3,CATE
94,gate,情绪与感知词汇,gate (情绪与感知词汇),192,4.87,0.0,TRUST
95,fear,恐惧/对飞行的害怕,fear (恐惧/对飞行的害怕),118,4.958,-2.2,FEAR
96,expertise,情绪与感知词汇,expertise (情绪与感知词汇),62,4.968,0.0,TRUST
97,enjoy,情绪与感知词汇,enjoy (情绪与感知词汇),560,4.85,2.2,JOY
98,unique,情绪与感知词汇,unique (情绪与感知词汇),459,4.948,0.0,SURPRISE
99,priceless,无价的/珍贵的,priceless (无价的/珍贵的),85,5.0,0.0,CATE
100,peaceful,情绪与感知词汇,peaceful (情绪与感知词汇),74,4.973,2.2,JOY
101,limited,情绪与感知词汇,limited (情绪与感知词汇),139,4.561,-0.9,SADNESS
102,larger,情绪与感知词汇,larger (情绪与感知词汇),96,4.812,0.0,TRUST
103,bottom,情绪与感知词汇,bottom (情绪与感知词汇),107,4.822,0.0,SADNESS
104,happen,情绪与感知词汇,happen (情绪与感知词汇),122,4.5,0.0,ANTICIPATION
105,coming,情绪与感知词汇,coming (情绪与感知词汇),251,4.805,0.0,ANTICIPATION
106,broke,情绪与感知词汇,broke (情绪与感知词汇),28,4.75,-1.8,SADNESS
107,love,情绪与感知词汇,love (情绪与感知词汇),457,4.947,3.2,JOY
108,fault,情绪与感知词汇,fault (情绪与感知词汇),78,4.41,-1.7,SADNESS
109,machine,情绪与感知词汇,machine (情绪与感知词汇),19,4.579,0.0,TRUST
110,ultimate,情绪与感知词汇,ultimate (情绪与感知词汇),50,4.94,0.0,SADNESS
111,john,情绪与感知词汇,john (情绪与感知词汇),96,4.917,0.0,DISGUST
112,late,情绪与感知词汇,late (情绪与感知词汇),267,4.449,0.0,SADNESS
113,bad,差劲的,bad (差劲的),356,4.379,-2.5,SADNESS
114,law,情绪与感知词汇,law (情绪与感知词汇),53,4.83,0.0,TRUST
115,risk,情绪与感知词汇,risk (情绪与感知词汇),38,4.5,-1.1,ANTICIPATION
116,honest,情绪与感知词汇,honest (情绪与感知词汇),86,4.581,2.3,JOY
117,possibility,情绪与感知词汇,possibility (情绪与感知词汇),40,4.325,0.0,ANTICIPATION
118,hate,情绪与感知词汇,hate (情绪与感知词汇),28,4.607,-2.7,SADNESS
119,county,情绪与感知词汇,county (情绪与感知词汇),44,4.909,0.0,TRUST
120,awful,极糟糕的,awful (极糟糕的),15,2.2,-2.0,SADNESS
121,surprised,情绪与感知词汇,surprised (情绪与感知词汇),196,4.862,0.9,SURPRISE
122,provide,情绪与感知词汇,provide (情绪与感知词汇),242,4.723,0.0,TRUST
123,thought,情绪与感知词汇,thought (情绪与感知词汇),519,4.728,0.0,ANTICIPATION
124,overpriced,价格虚高/偏贵的,overpriced (价格虚高/偏贵的),18,3.667,0.0,SADNESS
125,share,情绪与感知词汇,share (情绪与感知词汇),193,4.922,1.2,JOY
126,fortunate,幸运的/有幸体验的,fortunate (幸运的/有幸体验的),233,4.957,1.9,CATE
127,level,情绪与感知词汇,level (情绪与感知词汇),153,4.83,0.0,TRUST
128,personable,平易近人的/亲切的,personable (平易近人的/亲切的),418,4.969,0.0,CATE
129,planning,情绪与感知词汇,planning (情绪与感知词汇),168,4.881,0.0,TRUST
130,blast,情绪与感知词汇,blast (情绪与感知词汇),185,4.968,0.0,SURPRISE
131,absolute,绝对的/完美的,absolute (绝对的/完美的),263,4.935,0.0,CATE
132,base,情绪与感知词汇,base (情绪与感知词汇),368,4.88,0.0,TRUST
133,hurry,情绪与感知词汇,hurry (情绪与感知词汇),15,3.867,0.0,ANTICIPATION
134,clean,情绪与感知词汇,clean (情绪与感知词汇),237,4.899,1.7,JOY
135,quiet,情绪与感知词汇,quiet (情绪与感知词汇),161,4.913,0.0,SADNESS
136,hope,情绪与感知词汇,hope (情绪与感知词汇),162,4.741,1.9,JOY
137,timely,及时高效的,timely (及时高效的),29,4.793,0.0,CATE
138,rob,情绪与感知词汇,rob (情绪与感知词汇),16,5.0,-2.6,SADNESS
139,friend,情绪与感知词汇,friend (情绪与感知词汇),241,4.938,2.2,JOY
140,worry,情绪与感知词汇,worry (情绪与感知词汇),105,4.943,-1.9,SADNESS
141,passenger,情绪与感知词汇,passenger (情绪与感知词汇),353,4.824,0.0,ANTICIPATION
142,confident,情绪与感知词汇,confident (情绪与感知词汇),110,4.945,2.2,JOY
143,expect,情绪与感知词汇,expect (情绪与感知词汇),204,4.77,0.0,TRUST
144,expected,情绪与感知词汇,expected (情绪与感知词汇),282,4.752,0.0,ANTICIPATION
145,delayed,顺延/因天气延迟,delayed (顺延/因天气延迟),74,4.446,-0.9,CATE
146,highest,情绪与感知词汇,highest (情绪与感知词汇),81,4.889,0.0,JOY
147,cold,高空微凉/客舱气温,cold (高空微凉/客舱气温),170,4.847,0.0,CATE
148,gem,情绪与感知词汇,gem (情绪与感知词汇),23,4.957,0.0,JOY
149,sweet,情绪与感知词汇,sweet (情绪与感知词汇),99,4.919,2.0,JOY
150,sick,情绪与感知词汇,sick (情绪与感知词汇),240,4.758,-2.3,SADNESS
151,major,核心亮点/主要看点,major (核心亮点/主要看点),120,4.85,0.0,CATE
152,fearful,情绪与感知词汇,fearful (情绪与感知词汇),22,4.818,-2.2,SADNESS
153,delay,航班延迟/耽误的,delay (航班延迟/耽误的),58,3.983,-1.3,SADNESS
154,wont,情绪与感知词汇,wont (情绪与感知词汇),33,4.758,0.0,ANTICIPATION
155,afraid,担忧害怕的,afraid (担忧害怕的),144,4.972,0.0,FEAR
156,personal,情绪与感知词汇,personal (情绪与感知词汇),544,4.934,0.0,TRUST
157,hearing,情绪与感知词汇,hearing (情绪与感知词汇),54,4.759,0.0,FEAR
158,treat,情绪与感知词汇,treat (情绪与感知词汇),205,4.878,1.7,JOY
159,older,情绪与感知词汇,older (情绪与感知词汇),47,4.766,0.0,SADNESS
160,surprise,惊喜惊奇,surprise (惊喜惊奇),196,4.867,1.1,JOY
161,real,情绪与感知词汇,real (情绪与感知词汇),266,4.865,0.0,TRUST
162,true,情绪与感知词汇,true (情绪与感知词汇),248,4.903,1.8,JOY
163,superb,极好的/卓越的,superb (极好的/卓越的),225,4.947,3.1,CATE
164,pleased,情绪与感知词汇,pleased (情绪与感知词汇),132,4.924,1.9,JOY
165,treasure,情绪与感知词汇,treasure (情绪与感知词汇),54,5.0,1.2,JOY
166,constant,情绪与感知词汇,constant (情绪与感知词汇),41,4.512,0.0,TRUST
167,majority,情绪与感知词汇,majority (情绪与感知词汇),31,4.323,0.0,JOY
168,confirmed,情绪与感知词汇,confirmed (情绪与感知词汇),35,3.971,0.0,TRUST
169,turbulent,情绪与感知词汇,turbulent (情绪与感知词汇),31,4.645,0.0,FEAR
170,fixed,情绪与感知词汇,fixed (情绪与感知词汇),196,4.847,0.0,TRUST
171,worse,更糟糕的,worse (更糟糕的),31,3.71,-2.1,SADNESS
172,ill,情绪与感知词汇,ill (情绪与感知词汇),23,4.217,-1.8,SADNESS
173,finally,情绪与感知词汇,finally (情绪与感知词汇),210,4.471,0.0,JOY
174,unsafe,情绪与感知词汇,unsafe (情绪与感知词汇),35,4.657,0.0,FEAR
175,unable,情绪与感知词汇,unable (情绪与感知词汇),112,4.464,0.0,SADNESS
176,shoulder,情绪与感知词汇,shoulder (情绪与感知词汇),16,4.562,0.0,TRUST
177,disappointing,令人失望的,disappointing (令人失望的),75,2.813,-2.2,SADNESS
178,skeptical,情绪与感知词汇,skeptical (情绪与感知词汇),22,4.818,-1.3,CATE
179,completely,完全地/彻底地,completely (完全地/彻底地),326,4.752,0.0,CATE
180,improve,情绪与感知词汇,improve (情绪与感知词汇),17,4.412,1.9,JOY
181,effort,用心安排/商家付出,effort (用心安排/商家付出),85,4.694,0.0,CATE
182,fill,情绪与感知词汇,fill (情绪与感知词汇),39,4.462,0.0,TRUST
183,sunset,情绪与感知词汇,sunset (情绪与感知词汇),268,4.873,0.0,ANTICIPATION
184,board,情绪与感知词汇,board (情绪与感知词汇),218,4.725,0.0,ANTICIPATION
185,sun,情绪与感知词汇,sun (情绪与感知词汇),206,4.801,0.0,JOY
186,attention,关照/注重细节,attention (关照/注重细节),112,4.955,0.0,CATE
187,carefully,情绪与感知词汇,carefully (情绪与感知词汇),29,4.724,0.5,CATE
188,regret,情绪与感知词汇,regret (情绪与感知词汇),307,4.951,-1.8,SADNESS
189,beach,情绪与感知词汇,beach (情绪与感知词汇),219,4.877,0.0,JOY
190,wasted,浪钱浪费时间的,wasted (浪钱浪费时间的),33,2.455,-2.2,DISGUST
191,wrong,偏差/偏差纠错,wrong (偏差/偏差纠错),134,4.56,-2.1,CATE
192,pleasant,情绪与感知词汇,pleasant (情绪与感知词汇),299,4.876,2.3,JOY
193,advise,情绪与感知词汇,advise (情绪与感知词汇),47,4.66,0.0,TRUST
194,stable,情绪与感知词汇,stable (情绪与感知词汇),76,4.882,1.2,TRUST
195,fact,情绪与感知词汇,fact (情绪与感知词汇),203,4.675,0.0,TRUST
196,hot,情绪与感知词汇,hot (情绪与感知词汇),106,4.557,0.0,ANGER
197,excited,情绪与感知词汇,excited (情绪与感知词汇),162,4.753,1.4,JOY
198,uncomfortable,身体不适/颠簸反感,uncomfortable (身体不适/颠簸反感),55,3.982,-1.6,CATE
199,storm,情绪与感知词汇,storm (情绪与感知词汇),38,4.526,0.0,ANGER
200,eagle,情绪与感知词汇,eagle (情绪与感知词汇),59,4.847,0.0,TRUST
201,watch,情绪与感知词汇,watch (情绪与感知词汇),121,4.843,0.0,ANTICIPATION
202,nausea,情绪与感知词汇,nausea (情绪与感知词汇),34,4.735,0.0,DISGUST
203,warning,情绪与感知词汇,warning (情绪与感知词汇),41,4.293,-1.4,FEAR
204,respectful,情绪与感知词汇,respectful (情绪与感知词汇),15,5.0,2.0,TRUST
205,interested,情绪与感知词汇,interested (情绪与感知词汇),146,4.692,1.7,SADNESS
206,catch,情绪与感知词汇,catch (情绪与感知词汇),63,4.667,0.0,SURPRISE
207,suggest,情绪与感知词汇,suggest (情绪与感知词汇),136,4.772,0.0,TRUST
208,present,情绪与感知词汇,present (情绪与感知词汇),72,4.944,0.0,JOY
209,explore,情绪与感知词汇,explore (情绪与感知词汇),122,4.91,0.0,ANTICIPATION
210,fair,公道合理的/定价公平的,fair (公道合理的/定价公平的),55,4.545,1.3,CATE
211,food,情绪与感知词汇,food (情绪与感知词汇),70,4.614,0.0,JOY
212,sunny,情绪与感知词汇,sunny (情绪与感知词汇),369,4.886,1.8,JOY
213,complain,情绪与感知词汇,complain (情绪与感知词汇),18,4.5,-1.5,SADNESS
214,plan,情绪与感知词汇,plan (情绪与感知词汇),317,4.861,0.0,ANTICIPATION
215,polite,礼貌周到的,polite (礼貌周到的),125,4.832,0.0,CATE
216,disappoint,情绪与感知词汇,disappoint (情绪与感知词汇),127,4.937,-1.7,SADNESS
217,communicative,情绪与感知词汇,communicative (情绪与感知词汇),25,5.0,0.0,CATE
218,familiar,情绪与感知词汇,familiar (情绪与感知词汇),42,4.857,0.0,TRUST
219,romantic,情绪与感知词汇,romantic (情绪与感知词汇),41,5.0,1.7,JOY
220,negative,情绪与感知词汇,negative (情绪与感知词汇),55,4.473,-2.7,SADNESS
221,doubt,情绪与感知词汇,doubt (情绪与感知词汇),108,4.935,-1.5,SADNESS
222,lack,缺乏/美中不足的,lack (缺乏/美中不足的),46,3.848,-1.3,CATE
223,exciting,情绪与感知词汇,exciting (情绪与感知词汇),372,4.938,2.2,JOY
224,cloudy,情绪与感知词汇,cloudy (情绪与感知词汇),315,4.784,0.0,SADNESS
225,attentive,情绪与感知词汇,attentive (情绪与感知词汇),99,4.96,0.0,TRUST
226,departure,情绪与感知词汇,departure (情绪与感知词汇),110,4.473,0.0,SADNESS
227,change,情绪与感知词汇,change (情绪与感知词汇),188,4.686,0.0,FEAR
228,crystal,晶莹剔透的/水质清澈的,crystal (晶莹剔透的/水质清澈的),73,4.973,0.0,CATE
229,passionate,情绪与感知词汇,passionate (情绪与感知词汇),61,4.885,2.4,JOY
230,fascinating,令人着迷的/吸睛的,fascinating (令人着迷的/吸睛的),85,4.882,2.5,CATE
231,cancel,取消行程/退订的,cancel (取消行程/退订的),131,4.634,-1.0,SADNESS
232,cooperating,情绪与感知词汇,cooperating (情绪与感知词汇),34,4.853,0.0,TRUST
233,grateful,感激的/感恩的,grateful (感激的/感恩的),81,4.926,2.0,CATE
234,rainy,情绪与感知词汇,rainy (情绪与感知词汇),136,4.779,-0.3,SADNESS
235,black,情绪与感知词汇,black (情绪与感知词汇),76,4.921,0.0,SADNESS
236,bear,情绪与感知词汇,bear (情绪与感知词汇),214,4.879,0.0,FEAR
237,delicious,情绪与感知词汇,delicious (情绪与感知词汇),35,5.0,2.7,JOY
238,unbelievable,难以置信的/超乎想象的,unbelievable (难以置信的/超乎想象的),348,4.983,0.8,CATE
239,chance,情绪与感知词汇,chance (情绪与感知词汇),431,4.856,1.0,SURPRISE
240,mother,情绪与感知词汇,mother (情绪与感知词汇),139,4.835,0.0,JOY
241,hospitality,热情好客的,hospitality (热情好客的),63,4.984,0.0,CATE
242,solid,情绪与感知词汇,solid (情绪与感知词汇),37,4.892,0.6,CATE
243,difficult,情绪与感知词汇,difficult (情绪与感知词汇),111,4.613,-1.5,FEAR
244,case,情绪与感知词汇,case (情绪与感知词汇),195,4.764,0.0,SADNESS
245,cover,情绪与感知词汇,cover (情绪与感知词汇),205,4.829,0.0,TRUST
246,actual,真实体验/实际的,actual (真实体验/实际的),125,4.632,0.0,CATE
247,green,情绪与感知词汇,green (情绪与感知词汇),117,4.812,0.0,JOY
248,wilderness,情绪与感知词汇,wilderness (情绪与感知词汇),54,4.963,0.0,SADNESS
249,organized,组织良好的/有序的,organized (组织良好的/有序的),219,4.863,0.0,CATE
250,lower,情绪与感知词汇,lower (情绪与感知词汇),130,4.7,-1.2,SADNESS
251,daughter,情绪与感知词汇,daughter (情绪与感知词汇),359,4.889,0.0,JOY
252,baby,情绪与感知词汇,baby (情绪与感知词汇),40,4.725,0.0,JOY
253,favorite,情绪与感知词汇,favorite (情绪与感知词汇),344,4.968,2.0,JOY
254,interior,情绪与感知词汇,interior (情绪与感知词汇),64,4.766,0.0,TRUST
255,deal,情绪与感知词汇,deal (情绪与感知词汇),263,4.829,0.0,JOY
256,hesitation,情绪与感知词汇,hesitation (情绪与感知词汇),69,4.87,-1.1,FEAR
257,reliable,情绪与感知词汇,reliable (情绪与感知词汇),41,4.561,0.0,TRUST
258,agree,高度认同/一致赞同,agree (高度认同/一致赞同),72,4.944,1.5,CATE
259,blue,情绪与感知词汇,blue (情绪与感知词汇),309,4.9,0.0,SADNESS
260,standing,空中悬停/飞行姿态,standing (空中悬停/飞行姿态),128,4.711,0.0,CATE
261,father,情绪与感知词汇,father (情绪与感知词汇),72,4.792,0.0,TRUST
262,chatty,情绪与感知词汇,chatty (情绪与感知词汇),29,4.897,0.0,CATE
263,overcast,多云天色的/阴天的,overcast (多云天色的/阴天的),110,4.745,0.0,CATE
264,clouded,情绪与感知词汇,clouded (情绪与感知词汇),23,4.565,-0.2,SADNESS
265,magnificent,情绪与感知词汇,magnificent (情绪与感知词汇),320,4.956,2.9,JOY
266,cross,情绪与感知词汇,cross (情绪与感知词汇),36,4.833,0.0,SADNESS
267,organization,情绪与感知词汇,organization (情绪与感知词汇),71,4.915,0.0,JOY
268,rating,情绪与感知词汇,rating (情绪与感知词汇),68,4.279,0.0,SADNESS
269,agreed,情绪与感知词汇,agreed (情绪与感知词汇),95,4.758,1.1,TRUST
270,honesty,情绪与感知词汇,honesty (情绪与感知词汇),18,4.556,2.2,TRUST
271,operation,情绪与感知词汇,operation (情绪与感知词汇),313,4.949,0.0,TRUST
272,assist,情绪与感知词汇,assist (情绪与感知词汇),17,4.941,0.0,TRUST
273,successful,情绪与感知词汇,successful (情绪与感知词汇),21,4.571,2.8,JOY
274,immaculate,完美无瑕的,immaculate (完美无瑕的),15,5.0,0.0,JOY
275,touched,情绪与感知词汇,touched (情绪与感知词汇),42,4.905,0.0,CATE
276,efficient,情绪与感知词汇,efficient (情绪与感知词汇),214,4.944,1.8,TRUST
277,choice,明智的选择/契合的决策,choice (明智的选择/契合的决策),257,4.895,0.0,CATE
278,opposed,情绪与感知词汇,opposed (情绪与感知词汇),17,4.882,0.0,FEAR
279,brilliant,情绪与感知词汇,brilliant (情绪与感知词汇),198,4.965,2.8,JOY
280,luck,情绪与感知词汇,luck (情绪与感知词汇),97,4.649,2.0,JOY
281,majestic,情绪与感知词汇,majestic (情绪与感知词汇),193,4.959,0.0,JOY
282,word,情绪与感知词汇,word (情绪与感知词汇),106,4.774,0.0,TRUST
283,advice,情绪与感知词汇,advice (情绪与感知词汇),111,4.739,0.0,TRUST
284,interest,兴趣/看点,interest (兴趣/看点),228,4.921,2.0,CATE
285,apprehensive,情绪与感知词汇,apprehensive (情绪与感知词汇),92,4.989,0.0,ANTICIPATION
286,hunter,情绪与感知词汇,hunter (情绪与感知词汇),56,4.982,0.0,SADNESS
287,advance,情绪与感知词汇,advance (情绪与感知词汇),190,4.379,0.0,JOY
288,fell,情绪与感知词汇,fell (情绪与感知词汇),59,4.695,0.0,SADNESS
289,surprisingly,情绪与感知词汇,surprisingly (情绪与感知词汇),35,4.971,1.2,ANTICIPATION
290,endless,情绪与感知词汇,endless (情绪与感知词汇),22,5.0,0.0,JOY
291,avalanche,情绪与感知词汇,avalanche (情绪与感知词汇),27,5.0,0.0,SADNESS
292,depth,情绪与感知词汇,depth (情绪与感知词汇),43,4.953,0.0,TRUST
293,forward,前向视角/期待视角,forward (前向视角/期待视角),178,4.556,0.0,CATE
294,important,情绪与感知词汇,important (情绪与感知词汇),150,4.74,0.8,TRUST
295,god,情绪与感知词汇,god (情绪与感知词汇),82,4.866,1.1,JOY
296,battery,情绪与感知词汇,battery (情绪与感知词汇),16,4.812,0.0,ANGER
297,picturesque,情绪与感知词汇,picturesque (情绪与感知词汇),38,4.947,1.6,JOY
298,authentic,地道真实的,authentic (地道真实的),15,4.933,0.0,JOY
299,swim,情绪与感知词汇,swim (情绪与感知词汇),17,4.824,0.0,JOY
300,worried,情绪与感知词汇,worried (情绪与感知词汇),146,4.87,-1.2,SADNESS
301,calls,情绪与感知词汇,calls (情绪与感知词汇),41,4.171,0.0,TRUST
302,anchorage,情绪与感知词汇,anchorage (情绪与感知词汇),166,4.753,0.0,SADNESS
303,enjoying,情绪与感知词汇,enjoying (情绪与感知词汇),98,4.867,2.4,JOY
304,intimate,情绪与感知词汇,intimate (情绪与感知词汇),61,4.885,0.0,JOY
305,wanting,情绪与感知词汇,wanting (情绪与感知词汇),114,4.956,0.0,SADNESS
306,charming,情绪与感知词汇,charming (情绪与感知词汇),40,4.95,2.8,CATE
307,stress,情绪与感知词汇,stress (情绪与感知词汇),39,4.923,-1.8,CATE
308,working,设备良好运转的,working (设备良好运转的),121,4.57,0.0,CATE
309,nauseous,情绪与感知词汇,nauseous (情绪与感知词汇),33,4.697,0.0,SADNESS
310,satisfied,情绪与感知词汇,satisfied (情绪与感知词汇),53,4.925,1.8,JOY
311,appreciation,情绪与感知词汇,appreciation (情绪与感知词汇),51,4.98,2.3,JOY
312,considerate,情绪与感知词汇,considerate (情绪与感知词汇),61,4.967,1.9,TRUST
313,lost,情绪与感知词汇,lost (情绪与感知词汇),64,4.219,-1.3,SADNESS
314,advised,情绪与感知词汇,advised (情绪与感知词汇),61,4.59,0.0,TRUST
315,guarantee,情绪与感知词汇,guarantee (情绪与感知词汇),43,4.767,1.0,TRUST
316,maintenance,故障维保/机械维修的,maintenance (故障维保/机械维修的),33,3.939,0.0,TRUST
317,falling,情绪与感知词汇,falling (情绪与感知词汇),15,4.8,-0.6,SADNESS
318,beware,当心/谨防陷阱的,beware (当心/谨防陷阱的),20,2.95,0.0,ANTICIPATION
319,communicate,情绪与感知词汇,communicate (情绪与感知词汇),88,4.693,0.0,TRUST
320,horrible,极差的/糟糕透顶的,horrible (极差的/糟糕透顶的),29,2.31,-2.5,DISGUST
321,understanding,情绪与感知词汇,understanding (情绪与感知词汇),70,4.714,0.0,TRUST
322,policy,情绪与感知词汇,policy (情绪与感知词汇),36,4.306,0.0,TRUST
323,serene,情绪与感知词汇,serene (情绪与感知词汇),32,4.938,2.0,TRUST
324,lines,情绪与感知词汇,lines (情绪与感知词汇),49,4.816,0.0,FEAR
325,sunshine,情绪与感知词汇,sunshine (情绪与感知词汇),65,4.815,2.2,JOY
326,pay,情绪与感知词汇,pay (情绪与感知词汇),200,4.535,-0.4,JOY
327,noisy,情绪与感知词汇,noisy (情绪与感知词汇),54,4.907,-0.7,ANGER
328,seasoned,情绪与感知词汇,seasoned (情绪与感知词汇),40,5.0,0.0,CATE
329,majesty,情绪与感知词汇,majesty (情绪与感知词汇),110,4.991,0.0,TRUST
330,star,情绪与感知词汇,star (情绪与感知词汇),165,4.788,0.0,JOY
331,show,情绪与感知词汇,show (情绪与感知词汇),250,4.664,0.0,TRUST
332,evident,情绪与感知词汇,evident (情绪与感知词汇),22,4.909,0.0,TRUST
333,inexpensive,情绪与感知词汇,inexpensive (情绪与感知词汇),26,4.846,0.0,CATE
334,charm,情绪与感知词汇,charm (情绪与感知词汇),19,4.895,1.7,CATE
335,respect,情绪与感知词汇,respect (情绪与感知词汇),26,4.808,2.1,JOY
336,essential,情绪与感知词汇,essential (情绪与感知词汇),16,4.875,0.0,CATE
337,delighted,情绪与感知词汇,delighted (情绪与感知词汇),30,5.0,2.3,JOY
338,laughing,情绪与感知词汇,laughing (情绪与感知词汇),24,5.0,2.2,JOY
339,problem,情绪与感知词汇,problem (情绪与感知词汇),204,4.51,-1.7,SADNESS
340,wear,情绪与感知词汇,wear (情绪与感知词汇),147,4.844,0.0,TRUST
341,careful,谨慎平稳驾驶的,careful (谨慎平稳驾驶的),46,4.587,0.6,CATE
342,qualified,情绪与感知词汇,qualified (情绪与感知词汇),20,5.0,0.0,TRUST
343,grandeur,雄伟壮丽的地貌,grandeur (雄伟壮丽的地貌),72,4.903,2.4,CATE
344,harbor,情绪与感知词汇,harbor (情绪与感知词汇),158,4.949,0.0,TRUST
345,suitable,情绪与感知词汇,suitable (情绪与感知词汇),19,4.526,0.0,CATE
346,daily,情绪与感知词汇,daily (情绪与感知词汇),17,4.706,0.0,ANTICIPATION
347,waste,浪费钱财/白费的,waste (浪费钱财/白费的),52,3.135,-1.8,DISGUST
348,save,情绪与感知词汇,save (情绪与感知词汇),122,4.369,2.2,JOY
349,afford,负担得起的/物有所值,afford (负担得起的/物有所值),76,4.908,0.0,CATE
350,competition,情绪与感知词汇,competition (情绪与感知词汇),17,4.529,0.0,ANTICIPATION
351,leading,情绪与感知词汇,leading (情绪与感知词汇),25,4.92,0.0,TRUST
352,seals,情绪与感知词汇,seals (情绪与感知词汇),17,4.706,0.0,TRUST
353,engaging,情绪与感知词汇,engaging (情绪与感知词汇),145,4.924,1.4,JOY
354,fuss,情绪与感知词汇,fuss (情绪与感知词汇),15,4.467,0.0,SADNESS
355,anxiety,情绪与感知词汇,anxiety (情绪与感知词汇),34,4.971,-0.7,SADNESS
356,impeccable,无可挑剔的,impeccable (无可挑剔的),27,5.0,0.0,TRUST
357,obvious,情绪与感知词汇,obvious (情绪与感知词汇),59,4.627,0.0,TRUST
358,cheap,实惠划算的/价格亲民的,cheap (实惠划算的/价格亲民的),134,4.873,0.0,CATE
359,sensational,轰动出色的,sensational (轰动出色的),20,5.0,0.0,JOY
360,courtesy,情绪与感知词汇,courtesy (情绪与感知词汇),21,4.476,1.5,CATE
361,smile,情绪与感知词汇,smile (情绪与感知词汇),62,4.935,1.5,JOY
362,terminal,情绪与感知词汇,terminal (情绪与感知词汇),127,4.551,0.0,SADNESS
363,fight,情绪与感知词汇,fight (情绪与感知词汇),67,4.866,-1.6,FEAR
364,punctual,准时守时的,punctual (准时守时的),17,5.0,0.0,TRUST
365,comfort,情绪与感知词汇,comfort (情绪与感知词汇),120,4.875,1.5,JOY
366,prefer,情绪与感知词汇,prefer (情绪与感知词汇),27,4.852,0.0,TRUST
367,magical,情绪与感知词汇,magical (情绪与感知词汇),172,4.965,0.0,JOY
368,sadly,情绪与感知词汇,sadly (情绪与感知词汇),33,4.394,-1.8,SADNESS
369,mail,情绪与感知词汇,mail (情绪与感知词汇),43,4.791,0.0,ANTICIPATION
370,destination,情绪与感知词汇,destination (情绪与感知词汇),35,4.771,0.0,JOY
371,shout,情绪与感知词汇,shout (情绪与感知词汇),36,4.972,0.0,SURPRISE
372,hooked,情绪与感知词汇,hooked (情绪与感知词汇),16,5.0,0.0,CATE
373,immediately,情绪与感知词汇,immediately (情绪与感知词汇),177,4.712,0.0,ANTICIPATION
374,emergency,情绪与感知词汇,emergency (情绪与感知词汇),20,4.8,-1.6,SADNESS
375,silk,情绪与感知词汇,silk (情绪与感知词汇),30,5.0,0.0,CATE
376,loving,情绪与感知词汇,loving (情绪与感知词汇),17,4.941,2.9,JOY
377,wound,情绪与感知词汇,wound (情绪与感知词汇),20,4.55,0.0,SADNESS
378,center,情绪与感知词汇,center (情绪与感知词汇),75,4.907,0.0,TRUST
379,continue,情绪与感知词汇,continue (情绪与感知词汇),38,4.895,0.0,TRUST
380,gracious,亲切体贴的,gracious (亲切体贴的),61,4.967,2.6,CATE
381,fully,情绪与感知词汇,fully (情绪与感知词汇),140,4.786,0.0,TRUST
382,balance,姿态平衡/飞行平稳,balance (姿态平衡/飞行平稳),72,4.569,0.0,CATE
383,weight,情绪与感知词汇,weight (情绪与感知词汇),203,4.616,0.0,JOY
384,thrill,情绪与感知词汇,thrill (情绪与感知词汇),142,4.958,1.5,JOY
385,courteous,礼貌客气的/有礼的,courteous (礼貌客气的/有礼的),240,4.946,2.3,CATE
386,advantage,低空视角优势,advantage (低空视角优势),79,4.949,1.0,CATE
387,kick,情绪与感知词汇,kick (情绪与感知词汇),19,4.947,0.0,ANGER
388,happily,情绪与感知词汇,happily (情绪与感知词汇),43,5.0,2.6,JOY
389,fire,情绪与感知词汇,fire (情绪与感知词汇),32,4.781,-1.4,FEAR
390,cap,情绪与感知词汇,cap (情绪与感知词汇),19,4.947,0.0,TRUST
391,gentleman,情绪与感知词汇,gentleman (情绪与感知词汇),43,4.674,0.0,TRUST
392,complaint,情绪与感知词汇,complaint (情绪与感知词汇),45,4.089,-1.2,ANGER
393,skillful,情绪与感知词汇,skillful (情绪与感知词汇),32,4.938,0.0,TRUST
394,energetic,情绪与感知词汇,energetic (情绪与感知词汇),17,5.0,1.9,CATE
395,educational,情绪与感知词汇,educational (情绪与感知词汇),92,4.967,0.0,TRUST
396,brother,情绪与感知词汇,brother (情绪与感知词汇),58,4.897,0.0,TRUST
397,holiday,情绪与感知词汇,holiday (情绪与感知词汇),117,4.786,1.7,JOY
398,forced,情绪与感知词汇,forced (情绪与感知词汇),22,4.409,-2.0,FEAR
399,encourage,情绪与感知词汇,encourage (情绪与感知词汇),35,4.971,2.3,JOY
400,forgotten,情绪与感知词汇,forgotten (情绪与感知词汇),40,4.825,-0.9,SADNESS
401,usual,情绪与感知词汇,usual (情绪与感知词汇),51,4.804,0.0,TRUST
402,credit,情绪与感知词汇,credit (情绪与感知词汇),59,4.271,1.6,TRUST
403,patience,情绪与感知词汇,patience (情绪与感知词汇),24,5.0,0.0,TRUST
404,entertaining,情绪与感知词汇,entertaining (情绪与感知词汇),211,4.981,1.9,JOY
405,remarkable,情绪与感知词汇,remarkable (情绪与感知词汇),59,4.983,2.6,JOY
406,educated,情绪与感知词汇,educated (情绪与感知词汇),29,5.0,0.0,CATE
407,thoughtful,情绪与感知词汇,thoughtful (情绪与感知词汇),57,4.965,1.6,TRUST
408,graciously,情绪与感知词汇,graciously (情绪与感知词汇),22,4.955,2.3,CATE
409,question,互动解答/解答疑问,question (互动解答/解答疑问),110,4.927,0.0,CATE
410,refused,遭拒/退款被拒的,refused (遭拒/退款被拒的),17,3.118,-1.2,SADNESS
411,shining,情绪与感知词汇,shining (情绪与感知词汇),23,4.565,0.0,JOY
412,shot,情绪与感知词汇,shot (情绪与感知词汇),87,4.805,0.0,SADNESS
413,fairly,情绪与感知词汇,fairly (情绪与感知词汇),68,4.588,0.0,TRUST
414,fee,情绪与感知词汇,fee (情绪与感知词汇),49,4.694,0.0,ANGER
415,inaccessible,陆路不可达的/观光独特性,inaccessible (陆路不可达的/观光独特性),86,4.965,0.0,CATE
416,approaching,情绪与感知词汇,approaching (情绪与感知词汇),17,4.647,0.0,ANTICIPATION
417,lie,情绪与感知词汇,lie (情绪与感知词汇),19,4.526,0.0,SADNESS
418,boring,枯燥乏味无聊的,boring (枯燥乏味无聊的),28,3.643,-1.3,CATE
419,peace,情绪与感知词汇,peace (情绪与感知词汇),27,5.0,2.5,JOY
420,accessible,便捷易达的,accessible (便捷易达的),105,4.876,0.0,CATE
421,overwhelming,情绪与感知词汇,overwhelming (情绪与感知词汇),34,4.853,0.0,CATE
422,epic,史诗级的/震撼的,epic (史诗级的/震撼的),105,4.971,0.0,CATE
423,extraordinary,非凡卓越的,extraordinary (非凡卓越的),75,4.973,0.0,CATE
424,school,情绪与感知词汇,school (情绪与感知词汇),38,4.895,0.0,TRUST
425,providing,情绪与感知词汇,providing (情绪与感知词汇),164,4.854,0.0,JOY
426,dirt,情绪与感知词汇,dirt (情绪与感知词汇),15,4.8,-1.4,DISGUST
427,white,情绪与感知词汇,white (情绪与感知词汇),85,4.694,0.0,JOY
428,intended,情绪与感知词汇,intended (情绪与感知词汇),32,4.875,0.0,ANTICIPATION
429,military,情绪与感知词汇,military (情绪与感知词汇),41,4.902,0.0,FEAR
430,cooperative,情绪与感知词汇,cooperative (情绪与感知词汇),27,4.852,0.0,TRUST
431,cute,情绪与感知词汇,cute (情绪与感知词汇),30,4.8,2.0,CATE
432,extensive,情绪与感知词汇,extensive (情绪与感知词汇),39,4.897,0.0,CATE
433,instructions,情绪与感知词汇,instructions (情绪与感知词汇),103,4.709,0.0,TRUST
434,engaged,情绪与感知词汇,engaged (情绪与感知词汇),60,4.8,1.7,JOY
435,prepared,情绪与感知词汇,prepared (情绪与感知词汇),142,4.775,0.9,TRUST
436,flexibility,情绪与感知词汇,flexibility (情绪与感知词汇),43,4.86,1.4,CATE
437,confidence,情绪与感知词汇,confidence (情绪与感知词汇),110,4.955,2.3,JOY
438,inspired,情绪与感知词汇,inspired (情绪与感知词汇),20,5.0,2.2,JOY
439,glory,情绪与感知词汇,glory (情绪与感知词汇),79,4.987,2.5,JOY
440,haze,情绪与感知词汇,haze (情绪与感知词汇),15,4.667,0.0,FEAR
441,elevation,情绪与感知词汇,elevation (情绪与感知词汇),22,4.727,0.0,JOY
442,blessed,情绪与感知词汇,blessed (情绪与感知词汇),134,4.97,2.9,JOY
443,break,情绪与感知词汇,break (情绪与感知词汇),73,4.795,0.0,SURPRISE
444,perfection,情绪与感知词汇,perfection (情绪与感知词汇),20,4.95,2.7,JOY
445,explain,情绪与感知词汇,explain (情绪与感知词汇),116,4.664,0.0,TRUST
446,expecting,情绪与感知词汇,expecting (情绪与感知词汇),70,4.514,0.0,ANTICIPATION
447,pride,情绪与感知词汇,pride (情绪与感知词汇),76,4.908,1.4,JOY
448,honeymoon,情绪与感知词汇,honeymoon (情绪与感知词汇),181,5.0,0.0,JOY
449,capture,捕捉照片/定格瞬间,capture (捕捉照片/定格瞬间),81,4.84,0.0,CATE
450,bang,情绪与感知词汇,bang (情绪与感知词汇),32,4.844,0.0,SADNESS
451,constantly,情绪与感知词汇,constantly (情绪与感知词汇),57,4.86,0.0,TRUST
452,amazingly,情绪与感知词汇,amazingly (情绪与感知词汇),65,4.969,0.0,JOY
453,general,情绪与感知词汇,general (情绪与感知词汇),83,4.675,0.0,TRUST
454,exquisite,精美绝伦的,exquisite (精美绝伦的),22,5.0,0.0,JOY
455,accomplished,情绪与感知词汇,accomplished (情绪与感知词汇),20,4.95,1.9,JOY
456,marvel,情绪与感知词汇,marvel (情绪与感知词汇),20,4.95,1.8,SURPRISE
457,mistake,情绪与感知词汇,mistake (情绪与感知词汇),28,4.143,-1.4,SADNESS
458,gorge,情绪与感知词汇,gorge (情绪与感知词汇),157,4.987,0.0,DISGUST
459,expedition,情绪与感知词汇,expedition (情绪与感知词汇),27,4.852,0.0,ANTICIPATION
460,lush,情绪与感知词汇,lush (情绪与感知词汇),56,4.982,0.0,SADNESS
461,system,情绪与感知词汇,system (情绪与感知词汇),56,4.518,0.0,TRUST
462,dangerous,情绪与感知词汇,dangerous (情绪与感知词汇),25,4.12,-2.1,FEAR
463,fellow,情绪与感知词汇,fellow (情绪与感知词汇),40,4.725,0.0,TRUST
464,heavenly,情绪与感知词汇,heavenly (情绪与感知词汇),18,5.0,3.0,JOY
465,angel,情绪与感知词汇,angel (情绪与感知词汇),61,4.82,0.0,JOY
466,prepare,情绪与感知词汇,prepare (情绪与感知词汇),40,4.875,0.0,ANTICIPATION
467,wealth,情绪与感知词汇,wealth (情绪与感知词汇),92,4.957,2.2,JOY
468,attempt,情绪与感知词汇,attempt (情绪与感知词汇),38,4.421,0.0,ANTICIPATION
469,thrilling,情绪与感知词汇,thrilling (情绪与感知词汇),145,4.959,2.1,JOY
470,ultimately,情绪与感知词汇,ultimately (情绪与感知词汇),28,4.536,0.0,ANTICIPATION
471,trust,信任依赖,trust (信任依赖),73,4.767,2.3,TRUST
472,uncertain,情绪与感知词汇,uncertain (情绪与感知词汇),16,5.0,-1.2,DISGUST
473,passion,情绪与感知词汇,passion (情绪与感知词汇),60,5.0,2.0,JOY
474,promise,情绪与感知词汇,promise (情绪与感知词汇),26,4.731,1.3,JOY
475,budget,情绪与感知词汇,budget (情绪与感知词汇),73,4.74,0.0,TRUST
476,create,情绪与感知词汇,create (情绪与感知词汇),24,4.917,1.1,JOY
477,upset,情绪与感知词汇,upset (情绪与感知词汇),23,3.478,-1.6,SADNESS
478,witness,情绪与感知词汇,witness (情绪与感知词汇),19,5.0,0.0,TRUST
479,crazy,情绪与感知词汇,crazy (情绪与感知词汇),50,4.76,-1.4,SADNESS
480,inform,情绪与感知词汇,inform (情绪与感知词汇),27,3.593,0.0,TRUST
481,responsive,情绪与感知词汇,responsive (情绪与感知词汇),40,4.875,1.5,TRUST
482,offering,情绪与感知词汇,offering (情绪与感知词汇),78,4.718,0.0,TRUST
483,adventurous,情绪与感知词汇,adventurous (情绪与感知词汇),39,4.846,1.4,CATE
484,generous,情绪与感知词汇,generous (情绪与感知词汇),34,4.912,2.3,JOY
485,excitement,情绪与感知词汇,excitement (情绪与感知词汇),60,4.983,2.2,JOY
486,steady,情绪与感知词汇,steady (情绪与感知词汇),47,4.936,0.0,TRUST
487,jump,情绪与感知词汇,jump (情绪与感知词汇),28,4.964,0.0,JOY
488,pop,情绪与感知词汇,pop (情绪与感知词汇),31,4.774,0.0,SURPRISE
489,superior,情绪与感知词汇,superior (情绪与感知词汇),41,4.902,2.5,CATE
490,leery,情绪与感知词汇,leery (情绪与感知词汇),16,4.938,0.0,SURPRISE
491,warned,情绪与感知词汇,warned (情绪与感知词汇),46,4.761,-1.1,ANTICIPATION
492,questionable,情绪与感知词汇,questionable (情绪与感知词汇),19,4.842,-1.2,DISGUST
493,contact,预订沟通/联系客服,contact (预订沟通/联系客服),108,4.602,0.0,CATE
494,taught,情绪与感知词汇,taught (情绪与感知词汇),35,5.0,0.0,TRUST
495,lose,情绪与感知词汇,lose (情绪与感知词汇),18,4.611,-1.7,SADNESS
496,disappointment,情绪与感知词汇,disappointment (情绪与感知词汇),51,4.0,-2.3,SADNESS
497,cash,情绪与感知词汇,cash (情绪与感知词汇),24,4.458,0.0,JOY
498,guess,情绪与感知词汇,guess (情绪与感知词汇),82,4.354,0.0,SURPRISE
499,ruin,情绪与感知词汇,ruin (情绪与感知词汇),25,4.32,-2.8,SADNESS
500,hanging,情绪与感知词汇,hanging (情绪与感知词汇),30,4.667,0.0,SADNESS
501,challenge,情绪与感知词汇,challenge (情绪与感知词汇),18,4.5,0.3,FEAR
502,dependent,情绪与感知词汇,dependent (情绪与感知词汇),28,4.5,0.0,TRUST
503,bank,情绪与感知词汇,bank (情绪与感知词汇),26,4.231,0.0,TRUST
504,insane,情绪与感知词汇,insane (情绪与感知词汇),18,4.667,-1.7,FEAR
505,track,情绪与感知词汇,track (情绪与感知词汇),33,4.636,0.0,ANTICIPATION
506,immense,情绪与感知词汇,immense (情绪与感知词汇),21,5.0,0.0,CATE
507,concerned,情绪与感知词汇,concerned (情绪与感知词汇),151,4.815,0.0,SADNESS
508,tired,情绪与感知词汇,tired (情绪与感知词汇),20,4.5,-1.9,CATE
509,shopping,情绪与感知词汇,shopping (情绪与感知词汇),48,4.917,0.0,JOY
510,spur,情绪与感知词汇,spur (情绪与感知词汇),18,4.944,0.0,FEAR
511,boy,情绪与感知词汇,boy (情绪与感知词汇),81,4.951,0.0,DISGUST
512,manage,情绪与感知词汇,manage (情绪与感知词汇),22,4.364,0.0,TRUST
513,celebration,情绪与感知词汇,celebration (情绪与感知词汇),30,4.833,0.0,JOY
514,entertained,情绪与感知词汇,entertained (情绪与感知词汇),60,4.95,1.7,JOY
515,child,情绪与感知词汇,child (情绪与感知词汇),48,4.833,0.0,JOY
516,force,情绪与感知词汇,force (情绪与感知词汇),21,5.0,0.0,FEAR
517,hurt,情绪与感知词汇,hurt (情绪与感知词汇),15,4.933,-2.4,SADNESS
518,splendor,情绪与感知词汇,splendor (情绪与感知词汇),31,4.968,3.0,JOY
519,strip,情绪与感知词汇,strip (情绪与感知词汇),67,4.701,0.0,SADNESS
520,lava,情绪与感知词汇,lava (情绪与感知词汇),37,4.919,0.0,FEAR
521,aloha,情绪与感知词汇,aloha (情绪与感知词汇),126,4.952,0.0,JOY
522,unexpected,情绪与感知词汇,unexpected (情绪与感知词汇),50,4.9,0.0,JOY
523,praise,情绪与感知词汇,praise (情绪与感知词汇),15,4.933,2.6,JOY
524,enthusiasm,情绪与感知词汇,enthusiasm (情绪与感知词汇),52,4.923,1.9,JOY
525,splendid,情绪与感知词汇,splendid (情绪与感知词汇),16,4.938,2.8,JOY
526,volcano,情绪与感知词汇,volcano (情绪与感知词汇),106,4.934,0.0,SURPRISE
527,refreshing,令人耳目一新的,refreshing (令人耳目一新的),21,4.905,0.0,CATE
528,valuable,情绪与感知词汇,valuable (情绪与感知词汇),18,4.556,2.1,CATE
529,accurate,情绪与感知词汇,accurate (情绪与感知词汇),29,4.517,0.0,TRUST
530,instructor,情绪与感知词汇,instructor (情绪与感知词汇),122,4.934,0.0,TRUST
531,grandchildren,情绪与感知词汇,grandchildren (情绪与感知词汇),15,5.0,0.0,JOY
532,lesson,情绪与感知词汇,lesson (情绪与感知词汇),77,4.896,0.0,TRUST
533,celebrating,情绪与感知词汇,celebrating (情绪与感知词汇),31,4.871,2.7,JOY
534,celebrated,情绪与感知词汇,celebrated (情绪与感知词汇),25,5.0,2.7,JOY
535,stellar,顶尖出色的,stellar (顶尖出色的),29,4.793,0.0,CATE
536,glare,情绪与感知词汇,glare (情绪与感知词汇),40,4.8,0.0,FEAR
537,cherry,情绪与感知词汇,cherry (情绪与感知词汇),21,4.762,0.0,CATE
538,instruction,情绪与感知词汇,instruction (情绪与感知词汇),50,4.86,0.0,TRUST
539,count,情绪与感知词汇,count (情绪与感知词汇),23,4.696,0.0,TRUST
540,tree,情绪与感知词汇,tree (情绪与感知词汇),28,4.714,0.0,JOY
541,overwhelmed,情绪与感知词汇,overwhelmed (情绪与感知词汇),17,5.0,0.2,SADNESS
542,whim,情绪与感知词汇,whim (情绪与感知词汇),21,5.0,0.0,JOY
543,die,情绪与感知词汇,die (情绪与感知词汇),29,4.931,-2.9,SADNESS
544,annoying,情绪与感知词汇,annoying (情绪与感知词汇),16,4.125,-1.7,ANGER
545,welcomed,情绪与感知词汇,welcomed (情绪与感知词汇),92,4.989,1.4,JOY
546,greeting,情绪与感知词汇,greeting (情绪与感知词汇),34,5.0,1.6,SURPRISE
547,worthy,情绪与感知词汇,worthy (情绪与感知词汇),20,4.75,1.9,TRUST
548,versus,情绪与感知词汇,versus (情绪与感知词汇),22,4.909,0.0,ANGER
549,spirit,情绪氛围/精神感悟,spirit (情绪氛围/精神感悟),80,4.862,0.7,CATE
550,cliff,情绪与感知词汇,cliff (情绪与感知词汇),40,4.95,0.0,FEAR
551,account,情绪与感知词汇,account (情绪与感知词汇),18,4.389,0.0,TRUST
552,genuine,情绪与感知词汇,genuine (情绪与感知词汇),53,4.943,0.0,TRUST
553,secret,情绪与感知词汇,secret (情绪与感知词汇),19,5.0,0.0,TRUST
554,adorable,情绪与感知词汇,adorable (情绪与感知词汇),15,5.0,2.2,JOY
555,marvelous,情绪与感知词汇,marvelous (情绪与感知词汇),43,4.953,2.9,JOY
556,amusing,情绪与感知词汇,amusing (情绪与感知词汇),20,4.95,1.6,JOY
557,success,情绪与感知词汇,success (情绪与感知词汇),18,4.778,2.7,JOY
558,secluded,情绪与感知词汇,secluded (情绪与感知词汇),20,4.85,0.0,SADNESS
559,decent,情绪与感知词汇,decent (情绪与感知词汇),42,4.31,0.0,CATE
560,shortly,情绪与感知词汇,shortly (情绪与感知词汇),34,4.471,0.0,ANTICIPATION
561,assure,情绪与感知词汇,assure (情绪与感知词汇),15,4.4,1.4,TRUST
562,wonderfully,情绪与感知词汇,wonderfully (情绪与感知词汇),40,4.975,2.9,JOY
563,coach,情绪与感知词汇,coach (情绪与感知词汇),36,4.75,0.0,TRUST
564,celebrity,情绪与感知词汇,celebrity (情绪与感知词汇),27,4.519,0.0,JOY
565,visitor,情绪与感知词汇,visitor (情绪与感知词汇),52,4.865,0.0,JOY
566,art,情绪与感知词汇,art (情绪与感知词汇),17,5.0,0.0,JOY
567,effective,情绪与感知词汇,effective (情绪与感知词汇),19,5.0,2.1,TRUST
568,goodness,情绪与感知词汇,goodness (情绪与感知词汇),27,4.963,2.0,JOY
569,hilarious,情绪与感知词汇,hilarious (情绪与感知词汇),15,5.0,1.7,JOY
570,missing,情绪与感知词汇,missing (情绪与感知词汇),42,4.738,-1.2,SADNESS
571,giant,情绪与感知词汇,giant (情绪与感知词汇),21,5.0,0.0,FEAR
572,soak,情绪与感知词汇,soak (情绪与感知词汇),23,4.957,0.0,CATE
573,leisurely,悠闲从容的,leisurely (悠闲从容的),18,4.944,0.0,CATE
574,dark,情绪与感知词汇,dark (情绪与感知词汇),43,4.488,0.0,SADNESS
575,difficulty,情绪与感知词汇,difficulty (情绪与感知词汇),16,4.562,-1.4,SADNESS
576,danger,情绪与感知词汇,danger (情绪与感知词汇),15,4.667,-2.4,SADNESS
577,forecast,情绪与感知词汇,forecast (情绪与感知词汇),40,4.725,0.0,TRUST
578,cove,情绪与感知词汇,cove (情绪与感知词汇),51,4.882,0.0,JOY
579,harry,情绪与感知词汇,harry (情绪与感知词汇),302,4.94,0.0,SADNESS
580,ruined,毁掉行程的,ruined (毁掉行程的),18,2.944,-2.1,SADNESS
581,broken,情绪与感知词汇,broken (情绪与感知词汇),15,4.467,-2.1,SADNESS
582,veteran,情绪与感知词汇,veteran (情绪与感知词汇),17,4.882,0.0,TRUST
583,grab,情绪与感知词汇,grab (情绪与感知词汇),23,4.826,0.0,ANGER
584,crash,情绪与感知词汇,crash (情绪与感知词汇),23,4.478,-1.7,SADNESS
585,impression,情绪与感知词汇,impression (情绪与感知词汇),36,4.5,0.9,CATE
586,witty,情绪与感知词汇,witty (情绪与感知词汇),18,4.944,0.0,JOY
587,smell,情绪与感知词汇,smell (情绪与感知词汇),16,4.062,0.0,DISGUST
588,discomfort,情绪与感知词汇,discomfort (情绪与感知词汇),17,4.412,-1.8,SADNESS
589,smith,情绪与感知词汇,smith (情绪与感知词汇),24,5.0,0.0,TRUST
590,balanced,情绪与感知词汇,balanced (情绪与感知词汇),15,4.8,0.0,CATE
591,convinced,情绪与感知词汇,convinced (情绪与感知词汇),29,4.828,1.7,TRUST
592,store,情绪与感知词汇,store (情绪与感知词汇),79,4.899,0.0,ANTICIPATION
593,humorous,情绪与感知词汇,humorous (情绪与感知词汇),37,4.946,1.6,JOY
594,shame,情绪与感知词汇,shame (情绪与感知词汇),24,4.167,-2.1,SADNESS
595,silly,情绪与感知词汇,silly (情绪与感知词汇),15,4.933,0.1,JOY
596,tomorrow,情绪与感知词汇,tomorrow (情绪与感知词汇),25,4.4,0.0,ANTICIPATION
597,towering,情绪与感知词汇,towering (情绪与感知词汇),21,4.952,0.0,ANTICIPATION
598,cramped,客舱狭窄拥挤的,cramped (客舱狭窄拥挤的),26,4.538,0.0,CATE
599,spoil,情绪与感知词汇,spoil (情绪与感知词汇),22,4.773,0.0,DISGUST
600,belt,情绪与感知词汇,belt (情绪与感知词汇),18,4.222,0.0,FEAR
601,anxious,焦虑不安的,anxious (焦虑不安的),33,4.636,-1.0,ANTICIPATION
602,management,情绪与感知词汇,management (情绪与感知词汇),16,3.812,0.0,TRUST
603,reluctant,情绪与感知词汇,reluctant (情绪与感知词汇),17,4.765,-1.0,FEAR
604,bargain,情绪与感知词汇,bargain (情绪与感知词汇),25,5.0,0.8,TRUST
605,stomach,情绪与感知词汇,stomach (情绪与感知词汇),57,4.754,0.0,DISGUST
606,granted,情绪与感知词汇,granted (情绪与感知词汇),20,4.8,1.0,CATE
607,unpredictable,情绪与感知词汇,unpredictable (情绪与感知词汇),34,4.824,0.0,SURPRISE
608,confirmation,情绪与感知词汇,confirmation (情绪与感知词汇),44,4.0,0.0,TRUST
609,result,情绪与感知词汇,result (情绪与感知词汇),22,4.409,0.0,ANTICIPATION
610,privileged,情绪与感知词汇,privileged (情绪与感知词汇),15,4.667,1.9,JOY
611,bother,情绪与感知词汇,bother (情绪与感知词汇),35,4.514,-1.4,CATE
612,suffer,情绪与感知词汇,suffer (情绪与感知词汇),17,4.941,-2.5,CATE
613,tough,情绪与感知词汇,tough (情绪与感知词汇),22,4.5,-0.5,SADNESS
614,comprehensive,情绪与感知词汇,comprehensive (情绪与感知词汇),25,4.96,1.0,CATE
615,shoot,情绪与感知词汇,shoot (情绪与感知词汇),23,4.87,-1.4,FEAR
616,checklist,情绪与感知词汇,checklist (情绪与感知词汇),31,4.968,0.0,TRUST
617,sudden,情绪与感知词汇,sudden (情绪与感知词汇),15,4.933,0.0,SURPRISE
618,fortune,情绪与感知词汇,fortune (情绪与感知词汇),19,4.947,0.0,JOY
619,weigh,情绪与感知词汇,weigh (情绪与感知词汇),56,4.857,0.0,TRUST
620,suddenly,情绪与感知词汇,suddenly (情绪与感知词汇),20,4.95,0.0,SURPRISE
621,eager,情绪与感知词汇,eager (情绪与感知词汇),26,4.769,1.5,JOY
622,comprehend,情绪与感知词汇,comprehend (情绪与感知词汇),16,5.0,0.0,CATE
623,greater,情绪与感知词汇,greater (情绪与感知词汇),39,4.821,1.5,CATE
624,cheerful,情绪与感知词汇,cheerful (情绪与感知词汇),20,5.0,2.5,JOY
625,depart,情绪与感知词汇,depart (情绪与感知词汇),17,4.706,0.0,SADNESS
626,caution,情绪与感知词汇,caution (情绪与感知词汇),24,4.708,0.0,ANTICIPATION
627,heartily,情绪与感知词汇,heartily (情绪与感知词汇),16,5.0,0.0,JOY
628,lesser,情绪与感知词汇,lesser (情绪与感知词汇),15,4.733,0.0,DISGUST
629,luxury,情绪与感知词汇,luxury (情绪与感知词汇),17,4.471,0.0,JOY
630,calf,情绪与感知词汇,calf (情绪与感知词汇),16,4.938,0.0,JOY
631,diverse,情绪与感知词汇,diverse (情绪与感知词汇),19,5.0,0.0,CATE
632,preparation,情绪与感知词汇,preparation (情绪与感知词汇),16,4.938,0.0,ANTICIPATION
633,garden,情绪与感知词汇,garden (情绪与感知词汇),113,4.956,0.0,JOY
634,horse,情绪与感知词汇,horse (情绪与感知词汇),20,4.65,0.0,TRUST
635,hood,情绪与感知词汇,hood (情绪与感知词汇),48,4.938,0.0,DISGUST
