word,chinese_translation,affect_type,frequency,review_count,example_context
assured,安抚 / 确信,E1_State (Direct Internal Affective State),12,12,"review_5f25933d61b76b7852dc85ff :: We booked Seawind on the cruise dock since we were uncertain about the weather.  We were assured the views would be good at Misty Fiords, so off we went!  The shuttle to and from t..."
fair,公道的 / 划算的,E2_Appraisal (Stimulus/Service Attribute),10,10,"review_028c21bc90a0dfe1f6761d46 :: We chose plane due to size of the Grand Canyon. Very happy with the choice as plane gives better coverage. Yes you can get helicopter rides covering same distance, which are 2x the..."
negative,负面体验 / 消极评价,E2_Appraisal (Stimulus/Service Attribute),10,9,"review_94c0e25e28df8a8368c9de83 :: only negative thing was the late pick up. there was a delay of about forty minutes.
other than that the experience was great.
the seaplane was great, something we havent done befor..."
accessible,易到达的 / 便捷省心的,E2_Appraisal (Stimulus/Service Attribute),9,9,review_01d0b19d3759aa76d580639d :: Took a 1 hr flight around island of Kauai around noon with 4 other family members during our stay on 4/14/2010. So glad we decided to do this as a family. Saw so many waterfalls an...
capable,有能力的 / 熟练精湛的,E2_Appraisal (Stimulus/Service Attribute),9,9,"review_92808e0670a773acd1539ab9 :: Amazing unforgettable experience. Glacial landing is incredible and pilot is super capable and reliable. Would do this a million times. 
K2 has a long line checking in but were ver..."
handle,善于处理 / 掌控感,E2_Appraisal (Stimulus/Service Attribute),9,9,"review_a621d61d85c6d1941fd94167 :: Our Misty Fjords tour was a boat ride from Ketchican to the fjords, with a return by small plane.  The guides on the boat were informative and nice.  

The pilot seemed highly skil..."
convenient,便捷省心的,E2_Appraisal (Stimulus/Service Attribute),8,8,"review_57e504ac91381786433046cd :: Fantastic views and great experience! Easy, convenient to get to. Terrific, knowledge and friendly pilot. Do it!..."
pride,自豪 / 骄傲,E1_State (Direct Internal Affective State),8,8,"review_e4cc1730f464a4d0c89f027d :: We took the Pride of AMERICA Cruise around the islands and this was far and away the best of the five excursions we took.  Our pilot, Kevin, was fantastic.  I would do this again t..."
appreciation,感激 / 欣赏,E1_State (Direct Internal Affective State),7,7,"review_2a67dff0977ab1e1a6ec02e2 :: Kauai really can only be appreciated in its entirety from the air.  Ellen's ""Wings Over Kauai"" accomplishes the mission with safety, competence, and a keen appreciation for the cus..."
bump,颠簸不适的,E2_Appraisal (Stimulus/Service Attribute),7,7,"review_1e4f30778888d2ffd6e3bf13 :: Great way to see the island of Kauai. Booked this for the first day we got there, Bruce is a great host typical of Kauai hospitality. He shares his knowledge of the plane, places t..."
inaccessible,难以到达的 / 偏远秘境感,E2_Appraisal (Stimulus/Service Attribute),7,7,"review_49d3db9eba1fafce587178d0 :: Although we had to reschedule the tour to a morning due to high wind, this tour exceeds all my expectations. Canyonlands is notoriously inaccessible due to the lack of paved roads ..."
intimate,温馨亲切的,E2_Appraisal (Stimulus/Service Attribute),7,7,"review_ccb25da07452abe3256cab6b :: I was in Kauai first week of Sept. with my wife for her 30th birthday!!!  Wanted to do a fly over of island.  Everyone suggested a helicopter, but I found it hard to pay $175 to $2..."
passionate,充满激情的,E2_Appraisal (Stimulus/Service Attribute),7,6,"review_bcf320da42532060b35e73fc :: Absolutely incredible experience flying over the stunning landscapes of Kauai! From breathtaking views of the Na Pali Coast to the vibrant greenery of Waimea Canyon, every moment o..."
quieter,更安静宁静的,E2_Appraisal (Stimulus/Service Attribute),7,7,review_01d0b19d3759aa76d580639d :: Took a 1 hr flight around island of Kauai around noon with 4 other family members during our stay on 4/14/2010. So glad we decided to do this as a family. Saw so many waterfalls an...
advantage,优势 / 极佳点,E2_Appraisal (Stimulus/Service Attribute),6,6,"review_c602155441c88a5da2dca24a :: Company was referred to us by another, who could not accommodate plus size. These folks picked up up at Anchor Cove Mall (free shuttle from cruise ship), fast ride to airport. 
Eri..."
cared,得到无微不至关怀的,E1_State (Direct Internal Affective State),6,6,"review_b2efaa9291444575c3c228d3 :: Had a beautiful flight aboard from Ketchikan, AK to Misty Fijords In a well cared for DeHaviland Beaver Airplane.  The entire staff at the Ketchikan office took very good care of u..."
coolest,最酷爽震撼的,E2_Appraisal (Stimulus/Service Attribute),6,6,review_bbb1066a4cdd83c8fff0d4a4 :: On my first trip to Alaska I had an amazing flightseeing trip with the folks at Talkeetna Air.  The flight and glacier landing were 2 of the coolest things I have ever done!...
cramped,拥挤狭窄不适的,E2_Appraisal (Stimulus/Service Attribute),6,5,review_8405aa4c5aaa1a8476e0746a :: We took the Grand canyon Airlines scenic tours from the Papillon Helicopter rides.  We opted for the all day airplane ride vs the helicopter as we wanted to be able to walk around ...
delight,欣喜 / 愉快,E1_State (Direct Internal Affective State),6,6,"review_52d182aff567976e01729b2a :: Our first experience with small aircraft in Alaska was fantastic. The flight was so magnificent and the views defy description. Shiloh was our southern dream. From Jacksonville, he..."
encouraged,深受鼓舞的,E1_State (Direct Internal Affective State),6,5,review_6d2e6bb73c4b8bc5c6d144b0 :: We were picked up at our cruise ship dock by a driver with a van and taken to the take-off site.  Senior pilot Mike took us on an approximately 70 minute round-trip into the fiords...
enjoys,喜爱 / 乐在其中,E1_State (Direct Internal Affective State),6,6,"review_01a15aeaba8572c72e48282b :: We did so many amazing things during our time at the Grand Canyon, but this was by far the best.  Our pilot, Dave, was fantastic.  He really took the time to point out the many poi..."
stable,平稳安心的,E2_Appraisal (Stimulus/Service Attribute),6,6,"review_204946c26466eb6ee99eca6e :: I'd been hoping to rent a single engine airplane during our recent trip to Kauai.  I'm a private pilot, and my wonderful wife was looking for a way to see the island while allowing..."
convinced,深信不疑的 / 心服口服,E1_State (Direct Internal Affective State),5,5,"review_8521974e4abf03fc17012e4e :: This experience was amazing.  By far my favorite thing we did in Alaska!  Everything was great!  I felt very safe with our pilot, and he was kind and professional.  We had a clear ..."
delicious,美味愉悦的,E2_Appraisal (Stimulus/Service Attribute),5,5,"review_ee1e6eb8bb9bfbf0a568f295 :: We did the Grand Canyon Scenic Airlines ""Scenic Canyon River Adventure"" 12.5 hour full day tour with the entire family. The all day adventure from beginning to end was incredible. ..."
gentle,平稳柔和的,E2_Appraisal (Stimulus/Service Attribute),5,4,review_26d7697caed5463ed13d62a6 :: Our pilot was provided a gentle ride with incredible views. Many of the sights could not have been from the rim. He was knowledgeable about the formations and history. I would defi...
greater,更宏大震撼的,E2_Appraisal (Stimulus/Service Attribute),5,5,"review_d0b50a89028b16af69ba8a3e :: The greater bay area Seaplane tour enables its passengers to get a spectacular view from the air, to see the scale and beauty of San Francisco. My family members and I thoroughly e..."
inspired,灵感大发 / 深受震撼的,E1_State (Direct Internal Affective State),5,5,review_7e1965ab9e7219480bcfc869 :: My cousin and I flew to a remote lake with K2’s Beaver on floats. The weather wasn’t great at our scheduled departure time so we delayed our trip. Jen was very friendly in making s...
intrusive,突兀扰人的 / 煞风景的,E2_Appraisal (Stimulus/Service Attribute),5,5,"review_3c17998e1f55e06446f35026 :: First off let me say that taking an air tour in a small airplane is much better than doing it in a helicopter. It's quieter, smoother and much less intrusive to the spirit of Mana...."
moving,令人动容感人的,E2_Appraisal (Stimulus/Service Attribute),5,4,"review_3c3c26b554a263c0b5b10b29 :: All I can say is Wow!!!!  I was amazed when I viewed the canyon from the South Rim, but I was blown away from what I saw on this tour.   The majesty of the canyon is brought to the..."
astonishing,令人惊叹的,E2_Appraisal (Stimulus/Service Attribute),3,3,"review_7bbe5f17c5ccf78fd605ad3d :: From the front reception area to preparing for take off to our amazing pilot from the Arctic, this tour was astonishing. We were blessed with a beautiful sunny day with big white p..."
bothering,打扰令人烦心的,E2_Appraisal (Stimulus/Service Attribute),1,1,"review_4527b031d210aa6a5f73a0b7 :: There are 2 companies side by side that offer this, we went with Air Adventures do to availability (the other co I found first but they were booked .. this co was rated exactly the..."
exhilaration,极度兴奋快感,E1_State (Direct Internal Affective State),1,1,review_23bc28108b7fc9fb77931ab6 :: From the shuttle driver the book..In procedure to the professionalism of the pilot and the beautiful scenery and the exhilaration of landing on the glacier this is a must do tour...
frightening,令人惊恐吓人的,E2_Appraisal (Stimulus/Service Attribute),1,1,"review_ad4c129d7431549c0c82f1a8 :: Three of us signed up for the plane ride about a month in advance. There were really high winds that day (40 mph+), but the company didn't cancel so we went for the ride. 15 minute..."
intimidating,令人胆怯令人畏惧的,E2_Appraisal (Stimulus/Service Attribute),1,1,review_366a0217246d209bb9329b77 :: How do you describe something that takes your words away and leaves you speechless?  This was meant to be a Floatplane and Alaskan Bear excursion.  We definitely saw the floatplane...
irritated,感到恼火烦躁的,E1_State (Direct Internal Affective State),1,1,review_b226b58865dcbe2109b81484 :: We recently took a flight seeing trip to Misty Fjords with Taquan Air.  We chose this company because of the B1G1 free coupon offered in the Toursaver coupon book.  I really didn't...
overwhelmed,被震撼/感动深深淹没的,E1_State (Direct Internal Affective State),1,1,review_b0feded8c30b74f0a67e42f9 :: We absolutely loved our sunset trip. I was overwhelmed with how much the lady was willing to help me set up our trip. I had lots of scheduling issues and they saved the day!...
pumped,兴奋激动的 / 跃跃欲试,E1_State (Direct Internal Affective State),1,1,review_ed11136814c2ac8d48de6594 :: My husband and I were so pumped with our private Cessna adventure with Kevin as our pilot!  The flight was beautiful and informative and a super value - probably our favorite excur...
quaint,古朴宜人的,E2_Appraisal (Stimulus/Service Attribute),1,1,review_6b17f5b0218c6e596e18af08 :: Took a noon flight to Friday harbor. Great flight great views!!  Smooth ride.  Friday harbor was lovely.  Quaint shops and restaurants. Took an afternoon flight back.  Also great f...
quell,镇定 / 平息（恐惧）,E1_State (Direct Internal Affective State),1,1,"review_f5388b1e976e59c78115bdce :: We came for a flight seeing tour of Denali but due to weather weren’t able to fly that day. I wish I had known to check my email on the morning of the trip, it would have saved me ..."
regrettably,遗憾地 / 抱歉,E2_Appraisal (Stimulus/Service Attribute),1,1,"review_aa76425694a5e2a07140dc28 :: We were scheduled to fly over Denali, but weather did not cooperate and pilots had to regrettably cancel flights.  The folks at K2 were very apologetic and understood our disappoin..."
relieved,宽慰的 / 松了一口气,E1_State (Direct Internal Affective State),1,1,"review_0fd62b59dfddedcc4ce37b1b :: We arrived in good time and after  paying and being weighed for the correct distribution within the helicopter, we sat and waited for the 3 other passengers. The area you sit and w..."
soothing,舒缓抚慰人心的,E2_Appraisal (Stimulus/Service Attribute),1,1,"review_06c317e4d5d8ceacebdaa76d :: The scenery was amazing!  There is so much natural beauty in Kauai and this is a great and special way to see it.  Some of the interior parts of Kauai are only visible by air, as t..."
weird,古怪令人不安的,E2_Appraisal (Stimulus/Service Attribute),1,1,"review_25709817e43e27ba434614d8 :: Beautiful views from a perspective we hadn’t seen before. Pilot was great, especially with the weird winds that day. Staff helpful and friendly...."
whelmed,被深深震撼淹没的,E1_State (Direct Internal Affective State),1,1,review_73ea364d5cf3ab4aeb05cc52 :: Only negative in th whole trip was the back 2 seats. It was very cramped for me. But the views over whelmed the tight squeeze...
wicked,太棒了 / 绝妙的,E2_Appraisal (Stimulus/Service Attribute),1,1,"review_2ab683db4e0f4e9f1312b993 :: The day started out cloudy, so my first original flight was delayed until conditions cleared up. Which they did because they want you to have the best experience, and I was happy t..."
wondrous,惊叹奇妙的,E2_Appraisal (Stimulus/Service Attribute),1,1,review_d8bcef3b73276930469f2a1e :: We had gone to Denali National Park the day before and got a glimpse of this spectacular mountain. But we had also booked a flight seeing tour with TAT to get a closer look. This w...
worthful,物有所值的,E2_Appraisal (Stimulus/Service Attribute),1,1,"review_49d6bd5b0908e91752ac4a6c :: Flying over the Denali National Park and landing on the glacier close to highest mountain of North America is definitely a lifetime experience.

The trip is very expensive but wort..."
zing,刺激快感,E1_State (Direct Internal Affective State),1,1,"review_1e0c948582ed23b06a40f486 :: So glad i decided to do this tour at the last minute ! It was A-MA-ZING !!! The pilot was awesome ! Friendly staff :)  Highly recommend when in Talkeetna. 
Bucketlist checked :)..."
